Temp0,Temp1,Temp2,Humi0,Humi1,Humi2,Snow
1.422137339634886,1.2727318676338606,1.2727318676338606,0.24735363145139488,0.24735363145139488,0.24735363145139488,No
-0.22132285237639296,-0.22132285237639296,-0.22132285237639296,0.24735363145139488,0.3910289176971002,0.5347042039428055,No
-0.07191738037536759,-0.07191738037536759,-0.22132285237639296,0.8220547764342161,0.8220547764342161,0.8220547764342161,No
0.22689356362668314,0.3762990356277085,0.5257045076287339,0.6065418470656582,0.5347042039428055,-0.18367222728572105,No
-2.0141885163886974,-2.1635939883897226,-2.312999460390748,0.10367834520568957,0.031840702082836916,-0.03999694104001574,No
-1.1177556843825451,-1.2671611563835707,-1.2671611563835707,0.8938924195570688,0.8938924195570688,0.8938924195570688,No
0.9739209236318099,1.2727318676338606,1.5715428116359114,0.031840702082836916,-0.6865357291456896,-1.3330745172513636,No
1.1233263956328354,0.9739209236318099,0.9739209236318099,-0.18367222728572105,0.031840702082836916,0.24735363145139488,No
1.1233263956328354,0.9739209236318099,0.9739209236318099,0.8220547764342161,0.8220547764342161,0.8220547764342161,No
-0.9683502123815197,-0.9683502123815197,-0.9683502123815197,0.3191912745742475,0.3191912745742475,0.24735363145139488,No
-0.3707283243774183,-0.3707283243774183,-0.3707283243774183,-1.261236874128511,-0.830211015391395,-0.6146980860228369,No
2.9161920596451396,2.617381115643089,2.4679756436420637,-1.1175615878828056,-0.6146980860228369,-0.3273475135314264,No
0.22689356362668314,0.22689356362668314,0.22689356362668314,-3.560041454059796,-3.0571779521998272,-2.626152093462711,No
1.422137339634886,1.422137339634886,1.2727318676338606,0.3191912745742475,0.8220547764342161,0.8220547764342161,No
1.8703537556379621,2.169164699640013,2.318570171641038,-0.18367222728572105,-0.4710227997771317,-1.1175615878828056,No
-0.6695392683794691,-0.5201337963784437,-0.5201337963784437,-1.4767498034970687,-1.4767498034970687,-1.4767498034970687,No
0.6751099796297593,0.8245154516307847,0.9739209236318099,-0.03999694104001574,-0.1118345841628684,-0.18367222728572105,No
-0.3707283243774183,-0.5201337963784437,-0.6695392683794691,-0.7583733722685423,-0.830211015391395,-0.9738863016371002,No
-1.416566628384596,-1.416566628384596,-1.416566628384596,0.46286656081995287,0.46286656081995287,0.46286656081995287,No
1.422137339634886,1.2727318676338606,1.1233263956328354,-0.1118345841628684,0.17551598832854223,0.46286656081995287,No
0.22689356362668314,0.22689356362668314,0.3762990356277085,-0.9020486585142475,-0.9738863016371002,-1.045723944759953,No
1.8703537556379621,2.0197592276389873,2.169164699640013,-0.2555098704085737,-0.4710227997771317,-0.3273475135314264,No
-0.5201337963784437,-0.3707283243774183,-0.3707283243774183,0.031840702082836916,0.031840702082836916,0.031840702082836916,No
1.8703537556379621,1.8703537556379621,1.7209482836369367,-0.18367222728572105,0.17551598832854223,0.46286656081995287,No
1.8703537556379621,2.0197592276389873,2.0197592276389873,-1.045723944759953,-1.4767498034970687,-1.4767498034970687,No
1.7209482836369367,1.7209482836369367,1.7209482836369367,0.6065418470656582,0.6065418470656582,0.3191912745742475,No
0.07748809162565778,0.22689356362668314,0.22689356362668314,0.5347042039428055,0.3910289176971002,0.46286656081995287,No
2.0197592276389873,2.0197592276389873,2.0197592276389873,-1.261236874128511,-1.045723944759953,-0.9020486585142475,No
-0.3707283243774183,-0.22132285237639296,-0.22132285237639296,0.8220547764342161,0.6783794901885108,0.5347042039428055,No
1.7209482836369367,1.7209482836369367,1.7209482836369367,-0.1118345841628684,0.10367834520568957,0.031840702082836916,No
0.5257045076287339,0.3762990356277085,0.3762990356277085,0.24735363145139488,0.3191912745742475,0.46286656081995287,No
-0.5201337963784437,-0.6695392683794691,-0.6695392683794691,-0.9020486585142475,-0.7583733722685423,-0.7583733722685423,No
1.422137339634886,1.5715428116359114,1.5715428116359114,-0.5428604428999844,-0.830211015391395,-0.7583733722685423,No
-0.22132285237639296,-0.22132285237639296,-0.22132285237639296,0.8220547764342161,0.8220547764342161,0.8220547764342161,No
-0.07191738037536759,0.07748809162565778,0.07748809162565778,-0.3273475135314264,-0.399185156654279,-0.4710227997771317,No
0.07748809162565778,-0.07191738037536759,-0.07191738037536759,0.5347042039428055,0.5347042039428055,0.6065418470656582,No
-0.3707283243774183,-0.5201337963784437,-0.6695392683794691,0.24735363145139488,0.46286656081995287,0.6065418470656582,No
-1.1177556843825451,-1.1177556843825451,-1.1177556843825451,-0.5428604428999844,-0.3273475135314264,-0.1118345841628684,No
0.5257045076287339,0.6751099796297593,0.6751099796297593,-0.6865357291456896,-0.9020486585142475,-0.830211015391395,No
-1.1177556843825451,-1.1177556843825451,-1.1177556843825451,-1.045723944759953,-1.261236874128511,-1.404912160374216,No
-0.5201337963784437,-0.3707283243774183,-0.22132285237639296,0.5347042039428055,0.6065418470656582,0.6783794901885108,No
1.422137339634886,1.2727318676338606,1.1233263956328354,0.5347042039428055,0.5347042039428055,0.46286656081995287,No
1.422137339634886,1.5715428116359114,1.7209482836369367,-0.830211015391395,-0.9020486585142475,-1.045723944759953,No
0.3762990356277085,0.3762990356277085,0.3762990356277085,-1.8359380191113321,-1.5485874466199214,-1.261236874128511,No
1.2727318676338606,1.2727318676338606,1.2727318676338606,0.10367834520568957,0.17551598832854223,0.24735363145139488,No
2.4679756436420637,2.617381115643089,2.617381115643089,-3.0571779521998272,-2.913502665954122,-2.7698273797084165,No
2.169164699640013,2.318570171641038,2.4679756436420637,-0.18367222728572105,-0.3273475135314264,-0.830211015391395,No
-0.5201337963784437,-0.5201337963784437,-0.5201337963784437,-0.2555098704085737,-0.3273475135314264,-0.4710227997771317,No
1.8703537556379621,2.0197592276389873,2.0197592276389873,0.46286656081995287,0.3910289176971002,-0.2555098704085737,No
-0.8189447403804944,-0.9683502123815197,-1.1177556843825451,0.6065418470656582,0.7502171333113634,0.8938924195570688,No
1.1233263956328354,0.8245154516307847,0.8245154516307847,0.7502171333113634,0.7502171333113634,0.7502171333113634,No
1.7209482836369367,1.8703537556379621,2.0197592276389873,0.031840702082836916,-0.2555098704085737,-0.4710227997771317,No
1.7209482836369367,1.7209482836369367,1.8703537556379621,-2.841665022831269,-2.913502665954122,-2.7698273797084165,No
0.3762990356277085,0.5257045076287339,0.5257045076287339,-0.7583733722685423,-0.9020486585142475,-1.045723944759953,No
-0.6695392683794691,-0.6695392683794691,-0.6695392683794691,-3.919229669674059,-3.9910673127969116,-4.062904955919764,No
-0.22132285237639296,-0.22132285237639296,-0.22132285237639296,-0.03999694104001574,0.031840702082836916,0.3191912745742475,No
2.766786587644114,2.617381115643089,2.4679756436420637,-2.1951262347255955,-1.5485874466199214,-0.9020486585142475,No
2.0197592276389873,1.7209482836369367,1.7209482836369367,-1.620425089742774,-0.830211015391395,-0.4710227997771317,No
-0.9683502123815197,-0.9683502123815197,-0.9683502123815197,-0.2555098704085737,-0.18367222728572105,-0.18367222728572105,No
-0.3707283243774183,-0.3707283243774183,-0.3707283243774183,0.7502171333113634,0.7502171333113634,0.7502171333113634,No
0.07748809162565778,0.07748809162565778,0.07748809162565778,-0.9738863016371002,-0.7583733722685423,-0.6146980860228369,No
0.22689356362668314,0.07748809162565778,0.07748809162565778,0.5347042039428055,0.6065418470656582,0.5347042039428055,No
3.0655975316461648,3.0655975316461648,3.2150030036471904,-3.2008532384455326,-3.4882038109369433,-3.2726908815683853,No
-0.22132285237639296,-0.22132285237639296,-0.3707283243774183,-0.7583733722685423,-0.399185156654279,-0.3273475135314264,No
0.8245154516307847,1.1233263956328354,1.422137339634886,-0.9020486585142475,-1.6922627328656268,-2.410639164094153,No
1.2727318676338606,1.422137339634886,1.7209482836369367,0.10367834520568957,-0.4710227997771317,-1.045723944759953,No
1.422137339634886,1.7209482836369367,1.8703537556379621,-0.7583733722685423,-1.1893992310056583,-1.261236874128511,No
1.5715428116359114,1.422137339634886,1.422137339634886,0.8220547764342161,0.7502171333113634,0.6783794901885108,No
-0.07191738037536759,0.07748809162565778,0.22689356362668314,-1.045723944759953,-0.7583733722685423,-0.7583733722685423,No
0.3762990356277085,0.3762990356277085,0.6751099796297593,0.3910289176971002,0.17551598832854223,0.031840702082836916,No
0.5257045076287339,0.5257045076287339,0.5257045076287339,0.6783794901885108,0.3910289176971002,0.17551598832854223,No
1.5715428116359114,1.422137339634886,1.422137339634886,0.46286656081995287,0.46286656081995287,0.3910289176971002,No
0.8245154516307847,0.6751099796297593,0.6751099796297593,-2.410639164094153,-2.123288591602743,-1.8359380191113321,No
2.0197592276389873,2.169164699640013,2.169164699640013,-1.404912160374216,-1.4767498034970687,-1.4767498034970687,No
1.2727318676338606,1.2727318676338606,1.2727318676338606,0.6783794901885108,0.6065418470656582,0.46286656081995287,No
2.9161920596451396,3.0655975316461648,3.0655975316461648,-0.9738863016371002,-0.9020486585142475,-0.830211015391395,No
0.8245154516307847,0.8245154516307847,0.8245154516307847,0.8220547764342161,0.8220547764342161,0.8220547764342161,No
2.4679756436420637,2.4679756436420637,2.318570171641038,-2.626152093462711,-1.8359380191113321,-1.045723944759953,No
-0.07191738037536759,0.07748809162565778,0.07748809162565778,0.8220547764342161,0.7502171333113634,0.6783794901885108,No
1.422137339634886,1.422137339634886,1.2727318676338606,-0.18367222728572105,-0.1118345841628684,-0.1118345841628684,No
-0.22132285237639296,-0.3707283243774183,-0.5201337963784437,0.6065418470656582,0.5347042039428055,0.5347042039428055,No
0.07748809162565778,0.07748809162565778,0.22689356362668314,0.10367834520568957,0.031840702082836916,-0.18367222728572105,No
0.07748809162565778,0.07748809162565778,-0.07191738037536759,0.8938924195570688,0.8938924195570688,0.8938924195570688,No
-0.22132285237639296,-0.22132285237639296,-0.3707283243774183,-1.9796133053570375,-1.9077756622341848,-2.05145094847989,No
1.8703537556379621,2.169164699640013,2.318570171641038,-1.404912160374216,-2.05145094847989,-2.05145094847989,No
1.5715428116359114,1.422137339634886,1.1233263956328354,0.17551598832854223,0.10367834520568957,0.10367834520568957,No
2.0197592276389873,2.318570171641038,2.617381115643089,-1.3330745172513636,-1.9796133053570375,-2.697989736585564,No
0.07748809162565778,-0.07191738037536759,-0.07191738037536759,-0.6865357291456896,-0.2555098704085737,-0.1118345841628684,No
0.6751099796297593,0.5257045076287339,0.5257045076287339,0.8938924195570688,0.8938924195570688,0.8938924195570688,No
2.9161920596451396,3.0655975316461648,3.0655975316461648,-3.4882038109369433,-3.4163661678140906,-3.2726908815683853,No
0.8245154516307847,0.6751099796297593,0.5257045076287339,0.031840702082836916,0.17551598832854223,0.10367834520568957,No
1.422137339634886,1.422137339634886,1.2727318676338606,-1.404912160374216,-0.830211015391395,-0.3273475135314264,No
-1.2671611563835707,-1.2671611563835707,-1.2671611563835707,-0.1118345841628684,-0.1118345841628684,-0.1118345841628684,No
-1.5659721003856213,-1.416566628384596,-1.2671611563835707,-0.03999694104001574,-0.18367222728572105,-0.2555098704085737,No
0.22689356362668314,0.07748809162565778,-0.07191738037536759,0.17551598832854223,0.3910289176971002,0.6783794901885108,No
-0.22132285237639296,-0.3707283243774183,-0.3707283243774183,-1.6922627328656268,-1.9077756622341848,-2.05145094847989,No
-1.5659721003856213,-1.416566628384596,-1.2671611563835707,0.5347042039428055,0.46286656081995287,0.46286656081995287,No
2.318570171641038,2.4679756436420637,2.4679756436420637,-1.9796133053570375,-2.05145094847989,-2.05145094847989,No
-0.22132285237639296,-0.3707283243774183,-0.3707283243774183,-0.3273475135314264,-0.5428604428999844,-0.7583733722685423,No
0.07748809162565778,0.07748809162565778,0.07748809162565778,-0.5428604428999844,-0.2555098704085737,0.10367834520568957,No
2.617381115643089,2.4679756436420637,2.4679756436420637,-1.4767498034970687,-1.5485874466199214,-1.1175615878828056,No
-1.2671611563835707,-1.2671611563835707,-1.416566628384596,0.031840702082836916,-0.1118345841628684,-0.2555098704085737,No
1.1233263956328354,0.9739209236318099,0.9739209236318099,-1.5485874466199214,-0.9020486585142475,-0.18367222728572105,No
0.07748809162565778,0.07748809162565778,-0.07191738037536759,-0.5428604428999844,-0.18367222728572105,-0.03999694104001574,No
0.5257045076287339,0.3762990356277085,0.3762990356277085,-0.9738863016371002,-1.045723944759953,-1.045723944759953,No
1.7209482836369367,1.5715428116359114,1.422137339634886,0.17551598832854223,0.031840702082836916,-0.03999694104001574,No
0.6751099796297593,0.6751099796297593,0.6751099796297593,-0.3273475135314264,-0.3273475135314264,-0.1118345841628684,No
-0.8189447403804944,-0.8189447403804944,-0.9683502123815197,-1.5485874466199214,-1.620425089742774,-1.6922627328656268,No
2.617381115643089,2.4679756436420637,2.318570171641038,-3.7755543834283536,-3.2008532384455326,-2.5543144503398585,No
-0.6695392683794691,-0.6695392683794691,-0.8189447403804944,0.5347042039428055,0.6065418470656582,0.5347042039428055,No
2.169164699640013,2.4679756436420637,2.766786587644114,-1.8359380191113321,-2.338801520971301,-2.841665022831269,No
1.2727318676338606,1.2727318676338606,1.2727318676338606,0.7502171333113634,0.6783794901885108,0.5347042039428055,No
0.07748809162565778,0.22689356362668314,0.07748809162565778,-0.7583733722685423,-0.7583733722685423,-0.7583733722685423,No
-1.2671611563835707,-1.2671611563835707,-1.416566628384596,-0.03999694104001574,-0.5428604428999844,-0.9738863016371002,No
0.22689356362668314,0.22689356362668314,0.22689356362668314,0.8220547764342161,0.8220547764342161,0.8220547764342161,No
-0.22132285237639296,-0.22132285237639296,-0.07191738037536759,-2.482476807217006,-2.697989736585564,-2.913502665954122,No
-0.22132285237639296,-0.22132285237639296,-0.3707283243774183,0.24735363145139488,-0.03999694104001574,-0.18367222728572105,No
-0.8189447403804944,-0.8189447403804944,-0.8189447403804944,0.6065418470656582,0.6065418470656582,0.6783794901885108,No
-0.3707283243774183,-0.3707283243774183,-0.3707283243774183,0.46286656081995287,0.6783794901885108,0.6783794901885108,No
-0.07191738037536759,-0.07191738037536759,-0.07191738037536759,-1.8359380191113321,-1.8359380191113321,-1.8359380191113321,No
0.3762990356277085,0.3762990356277085,0.5257045076287339,0.3910289176971002,0.10367834520568957,-0.18367222728572105,No
2.9161920596451396,3.0655975316461648,3.2150030036471904,-2.913502665954122,-2.841665022831269,-2.7698273797084165,No
0.6751099796297593,0.6751099796297593,0.6751099796297593,0.3191912745742475,0.3910289176971002,0.5347042039428055,No
-0.6695392683794691,-0.6695392683794691,-0.8189447403804944,0.6065418470656582,0.5347042039428055,0.5347042039428055,No
2.617381115643089,2.617381115643089,2.617381115643089,-3.703716740305501,-3.6318790971826487,-3.4882038109369433,No
2.9161920596451396,2.617381115643089,2.617381115643089,-0.1118345841628684,0.24735363145139488,0.24735363145139488,No
1.2727318676338606,1.2727318676338606,1.1233263956328354,-1.9796133053570375,-1.4767498034970687,-0.9738863016371002,No
0.07748809162565778,0.07748809162565778,0.07748809162565778,0.8938924195570688,0.7502171333113634,0.6065418470656582,No
1.2727318676338606,1.2727318676338606,1.2727318676338606,-0.399185156654279,-0.3273475135314264,0.031840702082836916,No
0.5257045076287339,0.5257045076287339,0.5257045076287339,0.5347042039428055,0.5347042039428055,0.5347042039428055,No
1.1233263956328354,0.9739209236318099,0.8245154516307847,-0.9020486585142475,-0.7583733722685423,-0.6865357291456896,No
1.1233263956328354,1.1233263956328354,1.2727318676338606,0.7502171333113634,0.6783794901885108,0.5347042039428055,No
-0.22132285237639296,-0.22132285237639296,-0.22132285237639296,-1.261236874128511,-1.045723944759953,-0.9020486585142475,No
0.07748809162565778,0.07748809162565778,0.22689356362668314,0.8220547764342161,0.6783794901885108,0.46286656081995287,No
-0.22132285237639296,-0.3707283243774183,-0.3707283243774183,-2.266963877848448,-2.5543144503398585,-2.841665022831269,No
-0.6695392683794691,-0.6695392683794691,-0.6695392683794691,-1.1893992310056583,-1.1175615878828056,-1.1175615878828056,No
2.0197592276389873,2.0197592276389873,2.169164699640013,-2.266963877848448,-1.6922627328656268,-1.045723944759953,No
1.7209482836369367,1.5715428116359114,1.422137339634886,0.6783794901885108,0.7502171333113634,0.8220547764342161,No
1.2727318676338606,1.1233263956328354,1.2727318676338606,0.10367834520568957,0.031840702082836916,-0.1118345841628684,No
-1.1177556843825451,-1.1177556843825451,-1.2671611563835707,-1.261236874128511,-0.9738863016371002,-0.6865357291456896,No
-1.5659721003856213,-1.5659721003856213,-1.5659721003856213,-0.5428604428999844,-0.9020486585142475,-1.261236874128511,No
1.2727318676338606,1.2727318676338606,1.2727318676338606,0.8220547764342161,0.6065418470656582,0.3191912745742475,No
0.22689356362668314,0.07748809162565778,-0.22132285237639296,0.24735363145139488,0.3191912745742475,0.3910289176971002,No
-0.3707283243774183,-0.3707283243774183,-0.3707283243774183,0.8938924195570688,0.8938924195570688,0.8938924195570688,No
-0.6695392683794691,-0.6695392683794691,-0.6695392683794691,0.6065418470656582,0.6065418470656582,0.6065418470656582,No
1.1233263956328354,0.9739209236318099,1.1233263956328354,-2.05145094847989,-1.9077756622341848,-1.8359380191113321,No
0.22689356362668314,0.22689356362668314,0.22689356362668314,0.24735363145139488,0.24735363145139488,0.24735363145139488,No
-0.9683502123815197,-0.8189447403804944,-0.9683502123815197,-0.4710227997771317,-0.399185156654279,-0.3273475135314264,No
-0.8189447403804944,-0.6695392683794691,-0.6695392683794691,0.3910289176971002,0.3191912745742475,0.46286656081995287,No
-0.22132285237639296,-0.22132285237639296,-0.22132285237639296,-0.399185156654279,-0.399185156654279,-0.9020486585142475,No
1.2727318676338606,1.2727318676338606,1.1233263956328354,-0.830211015391395,-0.2555098704085737,0.24735363145139488,No
0.6751099796297593,0.6751099796297593,0.6751099796297593,-1.1175615878828056,-1.045723944759953,-1.045723944759953,No
1.5715428116359114,1.5715428116359114,1.422137339634886,-0.9020486585142475,-0.830211015391395,-0.399185156654279,No
1.2727318676338606,1.2727318676338606,1.5715428116359114,-0.830211015391395,-1.261236874128511,-1.7641003759884795,No
-2.1635939883897226,-1.864783044387672,-1.5659721003856213,0.5347042039428055,0.3191912745742475,0.10367834520568957,No
0.8245154516307847,0.6751099796297593,0.6751099796297593,-1.7641003759884795,-1.8359380191113321,-1.8359380191113321,No
-0.6695392683794691,-0.6695392683794691,-0.6695392683794691,0.10367834520568957,0.10367834520568957,0.17551598832854223,No
-0.22132285237639296,-0.22132285237639296,-0.22132285237639296,0.8220547764342161,0.8220547764342161,0.8220547764342161,No
-0.9683502123815197,-0.8189447403804944,-0.8189447403804944,-1.8359380191113321,-1.620425089742774,-1.404912160374216,No
-0.9683502123815197,-0.9683502123815197,-1.1177556843825451,0.24735363145139488,0.17551598832854223,0.17551598832854223,No
-0.5201337963784437,-0.5201337963784437,-0.3707283243774183,0.3191912745742475,0.3191912745742475,0.3191912745742475,No
0.3762990356277085,0.3762990356277085,0.5257045076287339,0.3910289176971002,0.3910289176971002,0.3191912745742475,No
2.318570171641038,2.4679756436420637,2.4679756436420637,-1.6922627328656268,-1.8359380191113321,-1.9796133053570375,No
2.318570171641038,2.169164699640013,2.0197592276389873,0.3191912745742475,0.24735363145139488,0.24735363145139488,No
2.0197592276389873,1.8703537556379621,1.7209482836369367,-0.9020486585142475,-0.6865357291456896,-0.399185156654279,No
1.7209482836369367,1.5715428116359114,1.422137339634886,-0.3273475135314264,-0.18367222728572105,0.031840702082836916,No
3.2150030036471904,3.3644084756482155,3.3644084756482155,-3.4882038109369433,-3.344528524691238,-3.2008532384455326,No
0.5257045076287339,0.3762990356277085,0.07748809162565778,0.6065418470656582,0.5347042039428055,0.5347042039428055,No
-2.0141885163886974,-2.0141885163886974,-2.0141885163886974,-0.9020486585142475,-1.045723944759953,-1.261236874128511,No
1.422137339634886,1.422137339634886,1.2727318676338606,0.6783794901885108,0.6065418470656582,0.6065418470656582,No
1.1233263956328354,1.2727318676338606,1.5715428116359114,-3.8473920265512063,-3.9910673127969116,-4.134742599042617,No
2.766786587644114,2.617381115643089,2.4679756436420637,0.031840702082836916,0.17551598832854223,0.3910289176971002,No
-0.8189447403804944,-0.9683502123815197,-0.9683502123815197,-0.3273475135314264,-0.3273475135314264,-0.399185156654279,No
1.1233263956328354,1.1233263956328354,0.9739209236318099,-1.045723944759953,-1.045723944759953,-0.830211015391395,No
0.8245154516307847,0.6751099796297593,0.5257045076287339,0.17551598832854223,0.6065418470656582,0.5347042039428055,No
1.5715428116359114,1.422137339634886,1.2727318676338606,-1.5485874466199214,-1.045723944759953,-0.6146980860228369,No
0.5257045076287339,0.5257045076287339,0.5257045076287339,0.3191912745742475,0.3191912745742475,0.24735363145139488,No
1.7209482836369367,2.0197592276389873,2.318570171641038,-0.6865357291456896,-1.3330745172513636,-1.9796133053570375,No
1.8703537556379621,1.7209482836369367,1.5715428116359114,-0.7583733722685423,-0.7583733722685423,-0.6865357291456896,No
1.7209482836369367,1.7209482836369367,1.5715428116359114,0.3910289176971002,0.5347042039428055,0.6783794901885108,No
0.07748809162565778,0.07748809162565778,0.07748809162565778,-0.18367222728572105,-0.2555098704085737,-0.3273475135314264,No
1.7209482836369367,1.5715428116359114,1.5715428116359114,0.8220547764342161,0.8220547764342161,0.8938924195570688,No
-1.416566628384596,-1.416566628384596,-1.2671611563835707,-0.03999694104001574,0.10367834520568957,0.3191912745742475,No
0.5257045076287339,0.6751099796297593,0.8245154516307847,-1.1893992310056583,-1.1175615878828056,-0.9738863016371002,No
1.2727318676338606,1.2727318676338606,1.2727318676338606,-3.0571779521998272,-2.626152093462711,-2.266963877848448,No
-0.22132285237639296,-0.07191738037536759,0.07748809162565778,-0.03999694104001574,-0.2555098704085737,-0.4710227997771317,No
0.5257045076287339,0.5257045076287339,0.5257045076287339,0.8220547764342161,0.8220547764342161,0.8220547764342161,No
1.1233263956328354,1.1233263956328354,0.9739209236318099,0.3191912745742475,0.3191912745742475,0.3910289176971002,No
1.8703537556379621,1.8703537556379621,1.8703537556379621,-0.2555098704085737,-0.03999694104001574,0.17551598832854223,No
0.6751099796297593,0.8245154516307847,0.8245154516307847,-0.4710227997771317,-0.5428604428999844,-0.5428604428999844,No
-0.9683502123815197,-0.9683502123815197,-0.8189447403804944,-2.482476807217006,-2.841665022831269,-2.482476807217006,No
1.5715428116359114,1.7209482836369367,2.0197592276389873,-0.2555098704085737,-0.7583733722685423,-1.261236874128511,No
0.9739209236318099,0.8245154516307847,0.8245154516307847,0.6783794901885108,0.6783794901885108,0.6783794901885108,No
-0.3707283243774183,-0.3707283243774183,-0.3707283243774183,0.8220547764342161,0.8220547764342161,0.6783794901885108,No
0.5257045076287339,0.5257045076287339,0.5257045076287339,0.6065418470656582,0.6783794901885108,0.8220547764342161,No
0.22689356362668314,0.22689356362668314,0.07748809162565778,0.7502171333113634,0.7502171333113634,0.6783794901885108,No
2.0197592276389873,1.8703537556379621,1.7209482836369367,-0.6146980860228369,0.031840702082836916,0.7502171333113634,No
-0.07191738037536759,-0.07191738037536759,-0.22132285237639296,-0.1118345841628684,0.10367834520568957,0.3191912745742475,No
1.422137339634886,1.2727318676338606,1.1233263956328354,-1.6922627328656268,-1.3330745172513636,-0.9020486585142475,No
0.3762990356277085,0.5257045076287339,0.6751099796297593,-0.5428604428999844,-0.6865357291456896,-0.7583733722685423,No
3.3644084756482155,3.513813947649241,3.6632194196502663,-4.20658024216547,-4.278417885288323,-4.350255528411175,No
-0.6695392683794691,-0.6695392683794691,-0.6695392683794691,0.031840702082836916,0.10367834520568957,0.10367834520568957,No
0.07748809162565778,-0.07191738037536759,-0.07191738037536759,0.3191912745742475,0.3191912745742475,0.3191912745742475,No
1.8703537556379621,1.7209482836369367,1.5715428116359114,-1.1175615878828056,-0.9738863016371002,-0.7583733722685423,No
-0.6695392683794691,-0.6695392683794691,-0.5201337963784437,0.8220547764342161,0.8220547764342161,0.8938924195570688,No
0.3762990356277085,0.5257045076287339,0.5257045076287339,0.5347042039428055,0.46286656081995287,0.3910289176971002,No
2.169164699640013,1.8703537556379621,1.8703537556379621,-0.4710227997771317,-0.1118345841628684,0.031840702082836916,No
-0.5201337963784437,-0.6695392683794691,-0.6695392683794691,-0.18367222728572105,0.10367834520568957,0.3191912745742475,No
-0.3707283243774183,-0.3707283243774183,-0.3707283243774183,0.3191912745742475,0.3191912745742475,0.3191912745742475,No
0.6751099796297593,0.5257045076287339,0.22689356362668314,0.5347042039428055,0.6065418470656582,0.6065418470656582,No
1.1233263956328354,1.2727318676338606,1.422137339634886,-0.18367222728572105,-0.3273475135314264,-0.4710227997771317,No
2.169164699640013,2.169164699640013,2.169164699640013,-2.626152093462711,-2.482476807217006,-2.338801520971301,No
-0.5201337963784437,-0.5201337963784437,-0.5201337963784437,-0.7583733722685423,-0.7583733722685423,-0.830211015391395,No
-0.9683502123815197,-0.9683502123815197,-1.1177556843825451,0.6783794901885108,0.6783794901885108,0.7502171333113634,No
-1.2671611563835707,-1.1177556843825451,-1.1177556843825451,-0.2555098704085737,-0.3273475135314264,-0.2555098704085737,No
0.5257045076287339,0.5257045076287339,0.3762990356277085,-0.5428604428999844,-0.2555098704085737,-0.03999694104001574,No
-1.416566628384596,-1.5659721003856213,-1.7153775723866467,0.17551598832854223,0.24735363145139488,0.3910289176971002,No
1.2727318676338606,1.2727318676338606,1.1233263956328354,-0.18367222728572105,0.24735363145139488,0.6065418470656582,No
-0.6695392683794691,-0.8189447403804944,-0.8189447403804944,-1.9796133053570375,-1.9796133053570375,-1.9796133053570375,No
0.07748809162565778,0.22689356362668314,0.22689356362668314,0.46286656081995287,0.6065418470656582,0.17551598832854223,No
-0.5201337963784437,-0.5201337963784437,-0.5201337963784437,0.8220547764342161,0.7502171333113634,0.7502171333113634,No
0.3762990356277085,0.3762990356277085,0.22689356362668314,0.6065418470656582,0.6065418470656582,0.6065418470656582,No
-0.22132285237639296,-0.22132285237639296,-0.22132285237639296,0.5347042039428055,0.5347042039428055,0.5347042039428055,No
2.169164699640013,2.169164699640013,2.169164699640013,-2.05145094847989,-1.261236874128511,-0.5428604428999844,No
0.5257045076287339,0.5257045076287339,0.3762990356277085,0.8220547764342161,0.8220547764342161,0.8220547764342161,No
0.07748809162565778,0.07748809162565778,0.07748809162565778,0.17551598832854223,0.3191912745742475,0.3910289176971002,No
2.169164699640013,2.4679756436420637,2.617381115643089,-0.6865357291456896,-1.6922627328656268,-2.697989736585564,No
2.0197592276389873,2.0197592276389873,2.169164699640013,-0.6865357291456896,-0.6865357291456896,-0.6865357291456896,No
0.8245154516307847,0.6751099796297593,0.6751099796297593,0.8220547764342161,0.8220547764342161,0.8220547764342161,No
0.07748809162565778,-0.07191738037536759,-0.07191738037536759,-0.03999694104001574,0.031840702082836916,0.031840702082836916,No
0.9739209236318099,1.1233263956328354,1.2727318676338606,0.3191912745742475,-0.03999694104001574,-0.399185156654279,No
0.3762990356277085,0.22689356362668314,0.22689356362668314,0.8220547764342161,0.8938924195570688,0.8938924195570688,No
-0.07191738037536759,-0.07191738037536759,0.07748809162565778,-0.6865357291456896,-0.6865357291456896,-0.7583733722685423,No
1.422137339634886,1.2727318676338606,1.2727318676338606,0.3191912745742475,0.24735363145139488,0.17551598832854223,No
-0.22132285237639296,-0.3707283243774183,-0.3707283243774183,-3.4163661678140906,-3.2726908815683853,-3.2726908815683853,No
-0.5201337963784437,-0.5201337963784437,-0.5201337963784437,-0.6146980860228369,-0.5428604428999844,-0.5428604428999844,No
0.6751099796297593,0.6751099796297593,0.8245154516307847,0.7502171333113634,0.7502171333113634,0.3910289176971002,No
-0.6695392683794691,-0.6695392683794691,-0.8189447403804944,-1.261236874128511,-1.1175615878828056,-1.045723944759953,No
0.07748809162565778,0.22689356362668314,0.5257045076287339,-0.7583733722685423,-1.404912160374216,-2.123288591602743,No
1.5715428116359114,1.422137339634886,1.422137339634886,0.3910289176971002,0.6065418470656582,0.6065418470656582,No
-0.8189447403804944,-0.8189447403804944,-0.8189447403804944,0.46286656081995287,0.46286656081995287,0.3910289176971002,No
1.5715428116359114,1.5715428116359114,1.422137339634886,0.5347042039428055,0.5347042039428055,0.5347042039428055,No
-0.6695392683794691,-0.6695392683794691,-0.6695392683794691,0.3191912745742475,0.24735363145139488,0.3191912745742475,No
-0.3707283243774183,-0.22132285237639296,-0.22132285237639296,-0.830211015391395,-0.9020486585142475,-0.9020486585142475,No
0.22689356362668314,0.3762990356277085,0.3762990356277085,-0.1118345841628684,-0.2555098704085737,-0.399185156654279,No
-0.3707283243774183,-0.22132285237639296,-0.07191738037536759,0.8220547764342161,0.8220547764342161,0.6783794901885108,No
1.7209482836369367,1.5715428116359114,1.422137339634886,-0.399185156654279,-0.1118345841628684,0.10367834520568957,No
0.07748809162565778,0.07748809162565778,0.07748809162565778,0.8220547764342161,0.7502171333113634,0.7502171333113634,No
0.8245154516307847,1.1233263956328354,1.2727318676338606,0.3191912745742475,-0.2555098704085737,-0.830211015391395,No
0.8245154516307847,0.8245154516307847,0.9739209236318099,-0.6146980860228369,-0.6146980860228369,-1.045723944759953,No
2.4679756436420637,2.4679756436420637,2.4679756436420637,-2.410639164094153,-2.5543144503398585,-2.266963877848448,No
0.3762990356277085,0.3762990356277085,0.3762990356277085,-0.399185156654279,-0.2555098704085737,-0.03999694104001574,No
2.0197592276389873,1.8703537556379621,1.7209482836369367,0.10367834520568957,0.17551598832854223,0.24735363145139488,No
1.422137339634886,1.422137339634886,1.5715428116359114,-0.03999694104001574,-0.4710227997771317,-0.9020486585142475,No
0.3762990356277085,0.3762990356277085,0.3762990356277085,-0.5428604428999844,-0.4710227997771317,-0.4710227997771317,No
1.1233263956328354,1.1233263956328354,1.1233263956328354,-0.7583733722685423,-0.6865357291456896,-0.9020486585142475,No
1.8703537556379621,1.7209482836369367,1.422137339634886,-0.2555098704085737,0.3191912745742475,0.46286656081995287,No
-1.7153775723866467,-1.864783044387672,-2.0141885163886974,0.24735363145139488,0.17551598832854223,0.10367834520568957,No
2.169164699640013,2.0197592276389873,2.0197592276389873,-0.830211015391395,-0.5428604428999844,-0.18367222728572105,No
1.422137339634886,1.5715428116359114,1.5715428116359114,-1.3330745172513636,-1.404912160374216,-1.404912160374216,No
0.07748809162565778,0.3762990356277085,0.6751099796297593,-0.6146980860228369,-0.6146980860228369,-0.7583733722685423,No
0.5257045076287339,0.6751099796297593,0.6751099796297593,-1.9796133053570375,-2.05145094847989,-2.123288591602743,No
-0.22132285237639296,-0.3707283243774183,-0.3707283243774183,0.9657300626799215,0.9657300626799215,0.9657300626799215,No
0.5257045076287339,0.3762990356277085,0.3762990356277085,-2.9853403090769746,-2.482476807217006,-2.05145094847989,No
-0.5201337963784437,-0.22132285237639296,0.07748809162565778,-0.03999694104001574,-0.1118345841628684,-0.1118345841628684,No
-0.5201337963784437,-0.5201337963784437,-0.3707283243774183,0.6065418470656582,0.6065418470656582,0.6065418470656582,No
1.2727318676338606,1.1233263956328354,0.9739209236318099,0.8938924195570688,0.8938924195570688,0.6783794901885108,No
2.0197592276389873,2.0197592276389873,2.0197592276389873,-2.9853403090769746,-2.626152093462711,-2.266963877848448,No
0.22689356362668314,0.5257045076287339,0.6751099796297593,-0.5428604428999844,-1.1893992310056583,-1.7641003759884795,No
-0.3707283243774183,-0.3707283243774183,-0.5201337963784437,0.3191912745742475,0.24735363145139488,0.10367834520568957,No
2.318570171641038,2.318570171641038,2.318570171641038,-1.9796133053570375,-1.9077756622341848,-1.7641003759884795,No
-1.416566628384596,-1.416566628384596,-1.416566628384596,-0.6865357291456896,-0.5428604428999844,-0.6865357291456896,No
1.1233263956328354,1.1233263956328354,1.1233263956328354,-0.399185156654279,-0.03999694104001574,0.24735363145139488,No
1.422137339634886,1.2727318676338606,1.1233263956328354,0.10367834520568957,0.3910289176971002,0.5347042039428055,No
-0.8189447403804944,-0.6695392683794691,-0.6695392683794691,-1.1175615878828056,-1.1893992310056583,-1.1893992310056583,No
1.1233263956328354,0.9739209236318099,0.8245154516307847,0.10367834520568957,0.3910289176971002,0.6783794901885108,No
1.1233263956328354,1.5715428116359114,1.8703537556379621,-1.404912160374216,-1.9796133053570375,-2.5543144503398585,No
0.3762990356277085,0.3762990356277085,0.22689356362668314,-0.03999694104001574,0.10367834520568957,0.10367834520568957,No
1.8703537556379621,2.0197592276389873,2.0197592276389873,-1.1175615878828056,-1.1893992310056583,-1.1893992310056583,No
1.5715428116359114,1.5715428116359114,1.5715428116359114,0.3191912745742475,0.24735363145139488,0.17551598832854223,No
1.5715428116359114,1.5715428116359114,1.422137339634886,-0.2555098704085737,0.17551598832854223,0.3191912745742475,No
-0.3707283243774183,-0.3707283243774183,-0.5201337963784437,0.3191912745742475,0.24735363145139488,0.24735363145139488,No
1.2727318676338606,1.2727318676338606,1.1233263956328354,-1.1175615878828056,-0.9738863016371002,-0.4710227997771317,No
0.9739209236318099,1.1233263956328354,1.2727318676338606,-2.482476807217006,-2.7698273797084165,-2.9853403090769746,No
-0.22132285237639296,-0.3707283243774183,-0.5201337963784437,-0.399185156654279,-0.399185156654279,-0.3273475135314264,No
2.318570171641038,2.318570171641038,2.169164699640013,-4.278417885288323,-3.919229669674059,-3.560041454059796,No
0.6751099796297593,0.5257045076287339,0.3762990356277085,-0.4710227997771317,-0.3273475135314264,-0.2555098704085737,No
0.8245154516307847,0.8245154516307847,0.6751099796297593,0.5347042039428055,0.5347042039428055,0.5347042039428055,No
1.1233263956328354,1.1233263956328354,1.1233263956328354,-0.1118345841628684,-0.03999694104001574,-0.3273475135314264,No
0.8245154516307847,0.9739209236318099,1.1233263956328354,0.46286656081995287,0.3191912745742475,-0.03999694104001574,No
1.1233263956328354,1.1233263956328354,0.9739209236318099,0.17551598832854223,0.3191912745742475,0.46286656081995287,No
-0.6695392683794691,-0.8189447403804944,-0.8189447403804944,0.6065418470656582,0.3910289176971002,0.24735363145139488,No
0.5257045076287339,0.6751099796297593,0.9739209236318099,-0.1118345841628684,-0.2555098704085737,-1.045723944759953,No
2.766786587644114,2.766786587644114,2.617381115643089,-2.841665022831269,-2.410639164094153,-2.05145094847989,No
2.0197592276389873,2.318570171641038,2.4679756436420637,-2.410639164094153,-3.12901559532268,-3.12901559532268,No
-0.8189447403804944,-0.9683502123815197,-0.9683502123815197,-0.1118345841628684,-0.2555098704085737,-0.3273475135314264,No
0.22689356362668314,0.5257045076287339,0.8245154516307847,-1.261236874128511,-1.9077756622341848,-2.626152093462711,No
2.0197592276389873,2.0197592276389873,2.0197592276389873,-1.9077756622341848,-1.6922627328656268,-1.4767498034970687,No
-0.22132285237639296,-0.3707283243774183,-0.3707283243774183,0.5347042039428055,0.6065418470656582,0.6783794901885108,No
0.9739209236318099,0.9739209236318099,0.8245154516307847,-1.1893992310056583,-1.045723944759953,-0.830211015391395,No
0.6751099796297593,0.5257045076287339,0.3762990356277085,-0.03999694104001574,-0.18367222728572105,-0.3273475135314264,No
2.4679756436420637,2.318570171641038,2.169164699640013,0.24735363145139488,0.5347042039428055,0.8220547764342161,No
2.0197592276389873,1.8703537556379621,1.7209482836369367,0.6783794901885108,0.6783794901885108,0.6783794901885108,No
0.5257045076287339,0.5257045076287339,0.5257045076287339,0.8938924195570688,0.8938924195570688,0.8938924195570688,No
1.2727318676338606,1.2727318676338606,1.2727318676338606,-0.1118345841628684,-0.03999694104001574,-0.03999694104001574,No
1.5715428116359114,1.422137339634886,1.422137339634886,0.7502171333113634,0.8220547764342161,0.8938924195570688,No
0.6751099796297593,0.8245154516307847,0.9739209236318099,0.5347042039428055,-0.2555098704085737,-1.1175615878828056,No
1.1233263956328354,0.9739209236318099,0.8245154516307847,-0.18367222728572105,0.17551598832854223,0.46286656081995287,No
0.07748809162565778,-0.07191738037536759,-0.07191738037536759,0.031840702082836916,-0.03999694104001574,-0.18367222728572105,No
-0.3707283243774183,-0.22132285237639296,0.22689356362668314,-0.830211015391395,-0.9020486585142475,-1.045723944759953,No
-0.8189447403804944,-0.8189447403804944,-0.8189447403804944,-0.18367222728572105,-0.2555098704085737,-0.5428604428999844,No
-1.864783044387672,-1.7153775723866467,-1.416566628384596,-2.1951262347255955,-2.1951262347255955,-2.123288591602743,No
0.07748809162565778,0.22689356362668314,0.3762990356277085,-0.9020486585142475,-1.1175615878828056,-1.261236874128511,No
2.4679756436420637,2.169164699640013,2.0197592276389873,-1.4767498034970687,-0.5428604428999844,0.3191912745742475,No
3.2150030036471904,3.3644084756482155,3.3644084756482155,-3.0571779521998272,-3.12901559532268,-3.2008532384455326,No
-0.22132285237639296,-0.22132285237639296,-0.07191738037536759,0.031840702082836916,0.10367834520568957,0.10367834520568957,No
0.22689356362668314,0.07748809162565778,0.07748809162565778,-1.045723944759953,-0.9020486585142475,-0.6146980860228369,No
-0.3707283243774183,-0.3707283243774183,-0.3707283243774183,0.6065418470656582,0.6065418470656582,0.6065418470656582,No
1.7209482836369367,1.7209482836369367,1.7209482836369367,-0.03999694104001574,-0.1118345841628684,-0.399185156654279,No
0.22689356362668314,0.22689356362668314,0.22689356362668314,0.6783794901885108,0.6783794901885108,0.5347042039428055,No
-0.3707283243774183,-0.3707283243774183,-0.3707283243774183,0.6783794901885108,0.5347042039428055,0.3910289176971002,No
1.422137339634886,1.422137339634886,1.422137339634886,0.6783794901885108,0.6783794901885108,0.6783794901885108,No
0.9739209236318099,0.8245154516307847,0.6751099796297593,-1.1893992310056583,-0.7583733722685423,-0.2555098704085737,No
1.7209482836369367,1.8703537556379621,2.0197592276389873,0.24735363145139488,0.031840702082836916,-0.18367222728572105,No
-0.9683502123815197,-0.8189447403804944,-0.6695392683794691,-1.1175615878828056,-1.1175615878828056,-1.1893992310056583,No
1.422137339634886,1.5715428116359114,1.7209482836369367,-1.620425089742774,-1.7641003759884795,-1.9077756622341848,No
1.5715428116359114,1.5715428116359114,1.5715428116359114,-3.560041454059796,-3.4882038109369433,-3.4882038109369433,No
0.8245154516307847,0.8245154516307847,0.8245154516307847,0.5347042039428055,0.6065418470656582,0.24735363145139488,No
2.766786587644114,2.766786587644114,2.766786587644114,-2.410639164094153,-2.410639164094153,-2.338801520971301,No
-0.07191738037536759,0.07748809162565778,0.22689356362668314,-0.399185156654279,-0.4710227997771317,-0.5428604428999844,No
-0.22132285237639296,-0.22132285237639296,-0.22132285237639296,-0.2555098704085737,-0.18367222728572105,-0.18367222728572105,No
2.617381115643089,2.766786587644114,2.9161920596451396,-2.841665022831269,-3.560041454059796,-3.703716740305501,No
0.9739209236318099,1.1233263956328354,1.1233263956328354,-2.697989736585564,-2.1951262347255955,-1.620425089742774,No
-0.22132285237639296,-0.22132285237639296,-0.22132285237639296,0.24735363145139488,0.24735363145139488,0.17551598832854223,No
0.8245154516307847,0.8245154516307847,0.8245154516307847,0.8220547764342161,0.8220547764342161,0.8938924195570688,No
0.5257045076287339,0.5257045076287339,0.5257045076287339,0.6783794901885108,0.6783794901885108,0.6783794901885108,No
-0.8189447403804944,-0.8189447403804944,-0.9683502123815197,-1.8359380191113321,-1.4767498034970687,-1.261236874128511,No
0.9739209236318099,0.9739209236318099,0.9739209236318099,0.7502171333113634,0.6783794901885108,0.6065418470656582,No
-0.3707283243774183,-0.3707283243774183,-0.3707283243774183,-1.404912160374216,-1.7641003759884795,-1.620425089742774,No
1.2727318676338606,1.2727318676338606,1.2727318676338606,-0.4710227997771317,-0.399185156654279,-0.2555098704085737,No
1.422137339634886,1.2727318676338606,0.9739209236318099,-1.1175615878828056,-0.6865357291456896,-0.18367222728572105,No
-0.6695392683794691,-0.6695392683794691,-0.5201337963784437,-0.9738863016371002,-0.7583733722685423,-0.4710227997771317,No
0.9739209236318099,1.1233263956328354,1.2727318676338606,-0.9020486585142475,-0.9738863016371002,-1.045723944759953,No
0.8245154516307847,1.1233263956328354,1.2727318676338606,-4.278417885288323,-4.350255528411175,-4.422093171534027,No
0.3762990356277085,0.5257045076287339,0.5257045076287339,0.8220547764342161,0.8220547764342161,0.8220547764342161,No
-0.22132285237639296,-0.07191738037536759,0.07748809162565778,-3.703716740305501,-3.8473920265512063,-3.9910673127969116,No
0.3762990356277085,0.3762990356277085,0.3762990356277085,0.8220547764342161,0.8220547764342161,0.5347042039428055,No
2.617381115643089,2.617381115643089,2.318570171641038,-2.482476807217006,-2.410639164094153,-2.338801520971301,No
1.1233263956328354,1.1233263956328354,1.1233263956328354,0.3910289176971002,0.17551598832854223,-0.1118345841628684,No
0.5257045076287339,0.3762990356277085,0.3762990356277085,-0.18367222728572105,0.17551598832854223,0.24735363145139488,No
-1.7153775723866467,-1.7153775723866467,-1.7153775723866467,-0.5428604428999844,-0.4710227997771317,-0.3273475135314264,No
0.9739209236318099,0.8245154516307847,0.9739209236318099,-0.18367222728572105,-0.1118345841628684,-0.5428604428999844,No
-0.22132285237639296,-0.3707283243774183,-0.22132285237639296,0.7502171333113634,0.7502171333113634,0.7502171333113634,No
-0.3707283243774183,-0.3707283243774183,-0.22132285237639296,-0.1118345841628684,0.031840702082836916,0.10367834520568957,No
-0.22132285237639296,-0.22132285237639296,-0.07191738037536759,-1.045723944759953,-0.6865357291456896,-0.399185156654279,No
0.6751099796297593,0.6751099796297593,0.8245154516307847,0.5347042039428055,0.17551598832854223,-0.1118345841628684,No
-0.3707283243774183,-0.3707283243774183,-0.5201337963784437,-1.3330745172513636,-1.4767498034970687,-1.6922627328656268,No
2.318570171641038,2.4679756436420637,2.318570171641038,-2.5543144503398585,-2.482476807217006,-2.482476807217006,No
-0.6695392683794691,-0.6695392683794691,-0.5201337963784437,-1.404912160374216,-1.3330745172513636,-1.261236874128511,No
1.422137339634886,1.7209482836369367,2.0197592276389873,-0.399185156654279,-1.1893992310056583,-2.05145094847989,No
2.0197592276389873,1.8703537556379621,1.7209482836369367,0.031840702082836916,-0.1118345841628684,-0.3273475135314264,No
1.2727318676338606,1.422137339634886,1.5715428116359114,0.3191912745742475,-0.18367222728572105,-0.7583733722685423,No
0.6751099796297593,0.5257045076287339,0.5257045076287339,-0.1118345841628684,-0.03999694104001574,0.031840702082836916,No
0.6751099796297593,0.6751099796297593,0.5257045076287339,-2.05145094847989,-1.9796133053570375,-1.4767498034970687,No
1.422137339634886,1.422137339634886,1.422137339634886,-0.830211015391395,-0.6146980860228369,-0.3273475135314264,No
0.5257045076287339,0.5257045076287339,0.3762990356277085,-0.7583733722685423,-0.1118345841628684,-0.2555098704085737,No
-0.22132285237639296,-0.3707283243774183,-0.3707283243774183,0.8938924195570688,0.8938924195570688,0.8938924195570688,No
2.169164699640013,2.0197592276389873,1.8703537556379621,0.8220547764342161,0.8220547764342161,0.8220547764342161,No
1.5715428116359114,1.7209482836369367,2.0197592276389873,-3.2008532384455326,-3.7755543834283536,-3.919229669674059,No
0.5257045076287339,0.3762990356277085,0.22689356362668314,0.24735363145139488,0.3191912745742475,0.3910289176971002,No
1.7209482836369367,1.7209482836369367,1.7209482836369367,-1.6922627328656268,-1.4767498034970687,-0.7583733722685423,No
-0.22132285237639296,-0.22132285237639296,-0.22132285237639296,0.6065418470656582,0.6065418470656582,0.5347042039428055,No
2.617381115643089,2.4679756436420637,2.318570171641038,-0.9020486585142475,-0.4710227997771317,-0.1118345841628684,No
0.8245154516307847,0.6751099796297593,0.6751099796297593,0.5347042039428055,0.5347042039428055,0.5347042039428055,No
2.169164699640013,2.0197592276389873,1.8703537556379621,-1.9796133053570375,-1.1893992310056583,-0.4710227997771317,No
-2.312999460390748,-2.312999460390748,-2.312999460390748,-0.6146980860228369,-0.5428604428999844,-0.4710227997771317,No
0.8245154516307847,0.9739209236318099,1.1233263956328354,-1.3330745172513636,-1.1893992310056583,-1.1175615878828056,No
2.169164699640013,2.169164699640013,1.8703537556379621,-1.404912160374216,-0.7583733722685423,-0.18367222728572105,No
2.0197592276389873,1.7209482836369367,1.5715428116359114,0.5347042039428055,0.6783794901885108,0.8220547764342161,No
-0.6695392683794691,-0.3707283243774183,-0.22132285237639296,-2.05145094847989,-2.05145094847989,-2.05145094847989,No
1.422137339634886,1.2727318676338606,1.2727318676338606,0.3910289176971002,0.6065418470656582,0.8220547764342161,No
-0.9683502123815197,-0.6695392683794691,-0.5201337963784437,-0.18367222728572105,-0.2555098704085737,-0.4710227997771317,No
1.8703537556379621,1.7209482836369367,1.5715428116359114,-2.338801520971301,-2.1951262347255955,-1.9796133053570375,No
-0.22132285237639296,-0.22132285237639296,-0.07191738037536759,0.031840702082836916,-0.1118345841628684,-0.3273475135314264,No
3.0655975316461648,3.0655975316461648,3.0655975316461648,-2.841665022831269,-2.482476807217006,-1.5485874466199214,No
-1.1177556843825451,-1.1177556843825451,-0.9683502123815197,-0.6146980860228369,-0.9020486585142475,-1.1893992310056583,No
0.07748809162565778,0.22689356362668314,0.22689356362668314,0.24735363145139488,0.17551598832854223,0.10367834520568957,No
-0.22132285237639296,-0.22132285237639296,-0.22132285237639296,-0.18367222728572105,-0.2555098704085737,-0.3273475135314264,No
-0.6695392683794691,-0.6695392683794691,-0.6695392683794691,-2.626152093462711,-2.626152093462711,-2.697989736585564,No
-0.22132285237639296,-0.22132285237639296,-0.3707283243774183,-3.4163661678140906,-3.2726908815683853,-3.12901559532268,No
-0.07191738037536759,-0.07191738037536759,0.07748809162565778,0.8938924195570688,0.8938924195570688,0.8220547764342161,No
-0.3707283243774183,-0.22132285237639296,-0.07191738037536759,-0.5428604428999844,-0.4710227997771317,-0.3273475135314264,No
2.318570171641038,2.4679756436420637,2.4679756436420637,-3.560041454059796,-3.7755543834283536,-3.7755543834283536,No
1.1233263956328354,1.1233263956328354,1.1233263956328354,0.5347042039428055,0.6065418470656582,0.6065418470656582,No
1.2727318676338606,1.2727318676338606,1.1233263956328354,0.031840702082836916,0.24735363145139488,0.3191912745742475,No
1.7209482836369367,1.5715428116359114,1.5715428116359114,-1.045723944759953,-0.9020486585142475,-0.7583733722685423,No
1.5715428116359114,1.422137339634886,1.2727318676338606,-1.9796133053570375,-1.404912160374216,-0.830211015391395,No
2.617381115643089,2.617381115643089,2.766786587644114,-2.410639164094153,-2.338801520971301,-2.1951262347255955,No
0.22689356362668314,0.3762990356277085,0.22689356362668314,-0.2555098704085737,-0.18367222728572105,-0.1118345841628684,No
2.318570171641038,2.617381115643089,2.9161920596451396,-1.6922627328656268,-2.5543144503398585,-3.344528524691238,No
-0.6695392683794691,-0.6695392683794691,-0.6695392683794691,-0.9738863016371002,-0.9738863016371002,-1.045723944759953,No
1.1233263956328354,1.1233263956328354,1.2727318676338606,-1.9796133053570375,-1.8359380191113321,-1.620425089742774,No
-0.3707283243774183,-0.22132285237639296,-0.22132285237639296,0.6065418470656582,0.46286656081995287,0.3910289176971002,No
-0.07191738037536759,-0.07191738037536759,-0.22132285237639296,-0.399185156654279,0.17551598832854223,0.031840702082836916,No
1.8703537556379621,1.7209482836369367,1.5715428116359114,0.46286656081995287,0.5347042039428055,0.46286656081995287,No
-0.22132285237639296,-0.22132285237639296,-0.22132285237639296,-1.3330745172513636,-1.1893992310056583,-1.045723944759953,No
1.8703537556379621,1.8703537556379621,2.0197592276389873,-0.9020486585142475,-0.9738863016371002,-0.9738863016371002,No
-1.5659721003856213,-1.5659721003856213,-1.5659721003856213,-0.2555098704085737,-0.2555098704085737,-0.3273475135314264,No
-0.9683502123815197,-0.9683502123815197,-0.8189447403804944,-0.9020486585142475,-1.261236874128511,-1.620425089742774,No
-1.416566628384596,-1.5659721003856213,-1.7153775723866467,-1.5485874466199214,-1.7641003759884795,-2.05145094847989,No
-0.22132285237639296,-0.22132285237639296,-0.22132285237639296,0.10367834520568957,0.10367834520568957,0.031840702082836916,No
0.3762990356277085,0.3762990356277085,0.3762990356277085,-0.18367222728572105,-0.18367222728572105,0.10367834520568957,No
-0.3707283243774183,-0.3707283243774183,-0.3707283243774183,0.7502171333113634,0.7502171333113634,0.7502171333113634,No
-0.6695392683794691,-0.6695392683794691,-0.8189447403804944,-0.3273475135314264,-0.399185156654279,-0.4710227997771317,No
-0.8189447403804944,-0.8189447403804944,-0.8189447403804944,-0.6146980860228369,-0.6146980860228369,-0.5428604428999844,No
2.4679756436420637,2.318570171641038,2.169164699640013,-0.6146980860228369,0.17551598832854223,0.3910289176971002,No
2.0197592276389873,2.0197592276389873,1.8703537556379621,0.3191912745742475,0.5347042039428055,0.46286656081995287,No
0.8245154516307847,0.6751099796297593,0.6751099796297593,0.8220547764342161,0.8938924195570688,0.8938924195570688,No
1.1233263956328354,1.1233263956328354,1.1233263956328354,0.8938924195570688,0.8938924195570688,0.8220547764342161,No
2.169164699640013,2.169164699640013,2.318570171641038,-2.05145094847989,-1.8359380191113321,-1.620425089742774,No
1.8703537556379621,1.7209482836369367,1.5715428116359114,-0.2555098704085737,-0.03999694104001574,0.10367834520568957,No
-0.8189447403804944,-0.8189447403804944,-0.6695392683794691,-1.8359380191113321,-1.9796133053570375,-2.05145094847989,No
0.6751099796297593,0.8245154516307847,0.6751099796297593,0.46286656081995287,0.46286656081995287,0.5347042039428055,No
-0.07191738037536759,0.22689356362668314,0.22689356362668314,0.46286656081995287,0.7502171333113634,0.7502171333113634,No
-2.761215876393824,-2.761215876393824,-2.761215876393824,0.6783794901885108,0.5347042039428055,0.46286656081995287,No
-0.22132285237639296,-0.3707283243774183,-0.3707283243774183,0.7502171333113634,0.7502171333113634,0.7502171333113634,No
1.7209482836369367,1.5715428116359114,1.5715428116359114,0.24735363145139488,0.3910289176971002,0.5347042039428055,No
-1.416566628384596,-1.416566628384596,-1.2671611563835707,-1.045723944759953,-0.9020486585142475,-0.7583733722685423,No
0.3762990356277085,0.3762990356277085,0.22689356362668314,0.8220547764342161,0.8938924195570688,0.8938924195570688,No
0.07748809162565778,0.07748809162565778,0.07748809162565778,-0.6146980860228369,-0.5428604428999844,-0.5428604428999844,No
1.1233263956328354,1.1233263956328354,1.2727318676338606,0.17551598832854223,0.10367834520568957,0.031840702082836916,No
0.9739209236318099,1.2727318676338606,1.422137339634886,-0.6865357291456896,-1.045723944759953,-1.4767498034970687,No
0.6751099796297593,0.6751099796297593,0.8245154516307847,-0.7583733722685423,-0.830211015391395,-0.9738863016371002,No
1.8703537556379621,1.7209482836369367,1.7209482836369367,-0.1118345841628684,0.10367834520568957,0.3191912745742475,No
-1.2671611563835707,-1.1177556843825451,-1.1177556843825451,-0.18367222728572105,-0.03999694104001574,0.10367834520568957,No
1.5715428116359114,1.422137339634886,1.422137339634886,-0.1118345841628684,0.17551598832854223,0.46286656081995287,No
0.22689356362668314,0.22689356362668314,0.22689356362668314,0.8220547764342161,0.7502171333113634,0.6783794901885108,No
-0.6695392683794691,-0.6695392683794691,-0.3707283243774183,0.24735363145139488,0.24735363145139488,0.17551598832854223,No
1.422137339634886,1.422137339634886,1.2727318676338606,0.10367834520568957,0.10367834520568957,0.17551598832854223,No
-0.22132285237639296,-0.22132285237639296,-0.22132285237639296,-0.3273475135314264,-0.399185156654279,-0.399185156654279,No
0.3762990356277085,0.22689356362668314,0.22689356362668314,0.5347042039428055,0.5347042039428055,0.46286656081995287,No
-1.1177556843825451,-0.8189447403804944,-0.5201337963784437,-0.5428604428999844,-0.6865357291456896,-0.830211015391395,No
0.6751099796297593,0.8245154516307847,1.1233263956328354,0.031840702082836916,-0.1118345841628684,-0.7583733722685423,No
0.8245154516307847,0.6751099796297593,0.3762990356277085,-0.830211015391395,-0.6865357291456896,-0.5428604428999844,No
1.7209482836369367,1.5715428116359114,1.422137339634886,0.3910289176971002,0.46286656081995287,0.3910289176971002,No
1.422137339634886,1.422137339634886,1.422137339634886,-0.3273475135314264,-0.2555098704085737,-0.1118345841628684,No
-0.6695392683794691,-0.6695392683794691,-0.8189447403804944,0.6783794901885108,0.6783794901885108,0.7502171333113634,No
0.8245154516307847,0.9739209236318099,0.9739209236318099,-0.18367222728572105,-0.3273475135314264,-0.399185156654279,No
0.3762990356277085,0.22689356362668314,0.07748809162565778,0.6783794901885108,0.6783794901885108,0.6783794901885108,No
1.422137339634886,1.5715428116359114,1.8703537556379621,-1.3330745172513636,-1.7641003759884795,-2.1951262347255955,No
-0.3707283243774183,-0.5201337963784437,-0.5201337963784437,0.17551598832854223,0.46286656081995287,0.5347042039428055,No
1.5715428116359114,1.5715428116359114,1.422137339634886,-0.6865357291456896,-0.18367222728572105,0.24735363145139488,No
1.8703537556379621,1.8703537556379621,1.7209482836369367,-1.9796133053570375,-1.5485874466199214,-1.1175615878828056,No
1.1233263956328354,1.1233263956328354,1.1233263956328354,0.8938924195570688,0.8220547764342161,0.8220547764342161,No
-0.6695392683794691,-0.5201337963784437,-0.3707283243774183,-0.1118345841628684,-0.1118345841628684,-0.18367222728572105,No
2.318570171641038,2.318570171641038,2.318570171641038,-0.3273475135314264,-0.3273475135314264,-0.399185156654279,No
2.169164699640013,2.169164699640013,2.0197592276389873,-1.1175615878828056,-0.3273475135314264,0.46286656081995287,No
1.2727318676338606,1.2727318676338606,1.2727318676338606,0.46286656081995287,0.46286656081995287,0.5347042039428055,No
-0.9683502123815197,-0.9683502123815197,-0.8189447403804944,-0.5428604428999844,-0.6146980860228369,-0.7583733722685423,No
1.7209482836369367,1.7209482836369367,1.7209482836369367,-1.9796133053570375,-1.620425089742774,-0.9020486585142475,No
1.1233263956328354,0.9739209236318099,1.1233263956328354,0.46286656081995287,0.46286656081995287,0.17551598832854223,No
-0.07191738037536759,-0.07191738037536759,-0.22132285237639296,0.8938924195570688,0.8938924195570688,0.8938924195570688,No
2.169164699640013,2.169164699640013,2.169164699640013,-1.045723944759953,-0.6146980860228369,-0.18367222728572105,No
-1.2671611563835707,-1.416566628384596,-1.416566628384596,-0.4710227997771317,-0.2555098704085737,-0.03999694104001574,No
2.0197592276389873,1.8703537556379621,1.8703537556379621,-0.9738863016371002,0.10367834520568957,0.24735363145139488,No
-0.22132285237639296,-0.3707283243774183,-0.3707283243774183,0.6783794901885108,0.6783794901885108,0.6783794901885108,No
-0.3707283243774183,-0.3707283243774183,-0.3707283243774183,0.7502171333113634,0.7502171333113634,0.7502171333113634,No
0.3762990356277085,0.3762990356277085,0.22689356362668314,-1.045723944759953,-0.6146980860228369,-0.1118345841628684,No
-1.416566628384596,-1.5659721003856213,-1.5659721003856213,-0.18367222728572105,-0.2555098704085737,-0.3273475135314264,No
1.8703537556379621,1.7209482836369367,1.5715428116359114,0.17551598832854223,0.24735363145139488,0.3910289176971002,No
0.3762990356277085,0.3762990356277085,0.3762990356277085,-0.18367222728572105,-0.2555098704085737,-0.1118345841628684,No
0.3762990356277085,0.22689356362668314,0.22689356362668314,-1.9796133053570375,-1.4767498034970687,-0.9738863016371002,No
1.422137339634886,1.7209482836369367,1.8703537556379621,-1.045723944759953,-1.6922627328656268,-1.9077756622341848,No
0.9739209236318099,1.1233263956328354,1.2727318676338606,-1.9077756622341848,-2.05145094847989,-1.6922627328656268,No
0.8245154516307847,0.8245154516307847,0.6751099796297593,-0.03999694104001574,0.10367834520568957,0.24735363145139488,No
-1.7153775723866467,-1.2671611563835707,-0.8189447403804944,-1.404912160374216,-1.261236874128511,-1.045723944759953,No
2.0197592276389873,2.0197592276389873,2.0197592276389873,-1.404912160374216,-1.3330745172513636,-1.1893992310056583,No
-0.6695392683794691,-0.8189447403804944,-0.8189447403804944,0.5347042039428055,0.46286656081995287,0.3910289176971002,No
-0.8189447403804944,-0.8189447403804944,-0.8189447403804944,0.3191912745742475,0.24735363145139488,0.17551598832854223,No
-0.3707283243774183,-0.22132285237639296,-0.07191738037536759,0.46286656081995287,0.24735363145139488,-0.03999694104001574,No
2.4679756436420637,2.766786587644114,2.9161920596451396,-3.0571779521998272,-3.2008532384455326,-3.2726908815683853,No
0.5257045076287339,0.3762990356277085,0.22689356362668314,0.5347042039428055,0.6783794901885108,0.6065418470656582,No
2.617381115643089,2.4679756436420637,2.4679756436420637,0.031840702082836916,-0.03999694104001574,-0.1118345841628684,No
1.7209482836369367,1.5715428116359114,1.422137339634886,0.17551598832854223,0.17551598832854223,0.17551598832854223,No
1.2727318676338606,1.2727318676338606,1.422137339634886,0.5347042039428055,0.46286656081995287,0.3191912745742475,No
0.9739209236318099,0.9739209236318099,0.9739209236318099,0.8220547764342161,0.8220547764342161,0.8220547764342161,No
0.07748809162565778,0.22689356362668314,0.22689356362668314,-1.6922627328656268,-1.7641003759884795,-1.8359380191113321,No
-0.5201337963784437,-0.3707283243774183,-0.22132285237639296,-2.697989736585564,-2.841665022831269,-2.9853403090769746,No
1.1233263956328354,1.422137339634886,1.7209482836369367,-0.18367222728572105,-1.045723944759953,-1.8359380191113321,No
-0.3707283243774183,-0.22132285237639296,-0.07191738037536759,0.6065418470656582,0.46286656081995287,0.3910289176971002,No
-1.5659721003856213,-1.5659721003856213,-1.416566628384596,-3.0571779521998272,-3.0571779521998272,-2.9853403090769746,No
2.4679756436420637,2.318570171641038,2.169164699640013,0.7502171333113634,0.8220547764342161,0.8220547764342161,No
-0.22132285237639296,-0.22132285237639296,-0.3707283243774183,0.6783794901885108,0.6783794901885108,0.6783794901885108,No
1.8703537556379621,1.8703537556379621,1.7209482836369367,0.3910289176971002,0.3910289176971002,0.3191912745742475,No
0.8245154516307847,0.8245154516307847,0.9739209236318099,-0.6865357291456896,-0.830211015391395,-0.830211015391395,No
2.318570171641038,2.169164699640013,2.0197592276389873,-2.1951262347255955,-1.4767498034970687,-0.6865357291456896,No
0.8245154516307847,1.1233263956328354,1.2727318676338606,-1.4767498034970687,-1.6922627328656268,-1.8359380191113321,No
0.6751099796297593,0.6751099796297593,0.6751099796297593,-0.18367222728572105,-0.03999694104001574,0.24735363145139488,No
0.07748809162565778,0.07748809162565778,0.22689356362668314,-3.0571779521998272,-3.0571779521998272,-2.266963877848448,No
-1.416566628384596,-1.7153775723866467,-1.7153775723866467,-0.1118345841628684,-0.1118345841628684,-0.1118345841628684,No
1.8703537556379621,1.8703537556379621,1.7209482836369367,-2.7698273797084165,-2.5543144503398585,-2.266963877848448,No
-0.9683502123815197,-0.8189447403804944,-0.8189447403804944,-2.338801520971301,-2.05145094847989,-1.6922627328656268,No
0.9739209236318099,1.2727318676338606,1.5715428116359114,-0.9738863016371002,-1.620425089742774,-2.266963877848448,No
-0.22132285237639296,-0.07191738037536759,0.07748809162565778,-1.3330745172513636,-1.6922627328656268,-2.123288591602743,No
2.766786587644114,2.617381115643089,2.4679756436420637,-2.697989736585564,-1.9077756622341848,-1.1893992310056583,No
1.1233263956328354,0.9739209236318099,0.9739209236318099,0.6783794901885108,0.6783794901885108,0.7502171333113634,No
-0.07191738037536759,-0.07191738037536759,-0.07191738037536759,0.3191912745742475,0.5347042039428055,0.6065418470656582,No
0.6751099796297593,0.6751099796297593,0.6751099796297593,0.5347042039428055,0.17551598832854223,-0.1118345841628684,No
-2.1635939883897226,-2.1635939883897226,-2.312999460390748,-0.6146980860228369,-0.6146980860228369,-0.6146980860228369,No
-0.3707283243774183,-0.3707283243774183,-0.3707283243774183,-0.2555098704085737,-0.399185156654279,-0.399185156654279,No
-1.7153775723866467,-1.7153775723866467,-1.7153775723866467,-0.9738863016371002,-1.3330745172513636,-1.620425089742774,No
0.5257045076287339,0.5257045076287339,0.3762990356277085,-1.9796133053570375,-1.5485874466199214,-1.1893992310056583,No
0.3762990356277085,0.22689356362668314,0.07748809162565778,0.6065418470656582,0.6783794901885108,0.7502171333113634,No
0.5257045076287339,0.5257045076287339,0.5257045076287339,-0.399185156654279,-0.1118345841628684,0.031840702082836916,No
0.3762990356277085,0.3762990356277085,0.3762990356277085,0.8220547764342161,0.8220547764342161,0.8220547764342161,No
-1.2671611563835707,-1.416566628384596,-1.416566628384596,0.031840702082836916,0.031840702082836916,-0.03999694104001574,No
-1.7153775723866467,-1.864783044387672,-1.864783044387672,-0.6865357291456896,-0.9020486585142475,-1.1175615878828056,No
-0.5201337963784437,-0.6695392683794691,-0.6695392683794691,-1.7641003759884795,-1.6922627328656268,-1.620425089742774,No
0.07748809162565778,0.3762990356277085,0.5257045076287339,-0.3273475135314264,-0.830211015391395,-1.261236874128511,No
2.617381115643089,2.617381115643089,2.4679756436420637,-2.266963877848448,-2.123288591602743,-1.9796133053570375,No
-0.3707283243774183,-0.3707283243774183,-0.3707283243774183,0.6783794901885108,0.7502171333113634,0.6783794901885108,No
-0.22132285237639296,-0.22132285237639296,-0.3707283243774183,0.3191912745742475,0.24735363145139488,0.24735363145139488,No
0.9739209236318099,1.1233263956328354,1.1233263956328354,0.5347042039428055,0.10367834520568957,-0.3273475135314264,No
1.7209482836369367,1.8703537556379621,1.8703537556379621,-0.18367222728572105,-0.6146980860228369,-0.9738863016371002,No
-0.8189447403804944,-0.8189447403804944,-0.8189447403804944,-0.9738863016371002,-0.9738863016371002,-0.9020486585142475,No
0.07748809162565778,-0.07191738037536759,-0.22132285237639296,0.10367834520568957,0.24735363145139488,0.3191912745742475,No
0.8245154516307847,0.6751099796297593,0.5257045076287339,-0.1118345841628684,-0.03999694104001574,0.031840702082836916,No
-0.07191738037536759,-0.07191738037536759,-0.07191738037536759,0.5347042039428055,0.6065418470656582,0.6065418470656582,No
-0.22132285237639296,-0.22132285237639296,-0.22132285237639296,-0.399185156654279,-0.399185156654279,-0.399185156654279,No
1.1233263956328354,1.1233263956328354,0.9739209236318099,0.031840702082836916,-0.03999694104001574,-0.1118345841628684,No
0.3762990356277085,0.3762990356277085,0.22689356362668314,0.8938924195570688,0.8938924195570688,0.8938924195570688,No
-0.07191738037536759,-0.22132285237639296,-0.22132285237639296,-0.03999694104001574,-0.1118345841628684,-0.18367222728572105,No
-1.5659721003856213,-1.5659721003856213,-1.5659721003856213,0.3910289176971002,0.46286656081995287,0.5347042039428055,No
0.07748809162565778,-0.07191738037536759,-0.22132285237639296,-0.18367222728572105,0.17551598832854223,0.031840702082836916,No
0.22689356362668314,0.07748809162565778,0.07748809162565778,0.8220547764342161,0.8938924195570688,0.8938924195570688,No
-1.2671611563835707,-1.2671611563835707,-1.1177556843825451,-0.6146980860228369,-0.7583733722685423,-0.9738863016371002,No
-1.416566628384596,-1.2671611563835707,-1.1177556843825451,0.3191912745742475,0.3910289176971002,0.3910289176971002,No
-0.22132285237639296,-0.22132285237639296,-0.22132285237639296,-2.266963877848448,-1.7641003759884795,-1.3330745172513636,No
-0.5201337963784437,-0.5201337963784437,-0.5201337963784437,0.10367834520568957,0.10367834520568957,0.10367834520568957,No
0.3762990356277085,0.5257045076287339,0.5257045076287339,-2.697989736585564,-2.841665022831269,-2.7698273797084165,No
0.07748809162565778,0.22689356362668314,0.3762990356277085,0.031840702082836916,-0.18367222728572105,-0.399185156654279,No
0.5257045076287339,0.3762990356277085,0.3762990356277085,-0.9020486585142475,-0.5428604428999844,-0.3273475135314264,No
-0.22132285237639296,-0.22132285237639296,-0.3707283243774183,0.17551598832854223,0.10367834520568957,-0.03999694104001574,No
0.22689356362668314,0.22689356362668314,0.22689356362668314,0.8220547764342161,0.8220547764342161,0.8220547764342161,No
0.9739209236318099,1.1233263956328354,1.1233263956328354,-3.4163661678140906,-3.7755543834283536,-4.134742599042617,No
0.8245154516307847,0.8245154516307847,0.8245154516307847,0.24735363145139488,0.24735363145139488,0.17551598832854223,No
-0.07191738037536759,-0.07191738037536759,-0.22132285237639296,0.5347042039428055,0.6065418470656582,0.6783794901885108,No
0.9739209236318099,0.9739209236318099,1.1233263956328354,0.7502171333113634,0.6065418470656582,0.46286656081995287,No
0.07748809162565778,0.07748809162565778,0.07748809162565778,0.8220547764342161,0.8220547764342161,0.7502171333113634,No
2.4679756436420637,2.318570171641038,2.169164699640013,-0.18367222728572105,0.10367834520568957,0.46286656081995287,No
0.6751099796297593,0.6751099796297593,0.6751099796297593,-0.18367222728572105,-0.3273475135314264,-0.5428604428999844,No
0.22689356362668314,0.22689356362668314,0.07748809162565778,0.3191912745742475,0.3910289176971002,0.46286656081995287,No
-0.22132285237639296,-0.22132285237639296,-0.22132285237639296,0.3191912745742475,0.24735363145139488,0.10367834520568957,No
-2.0141885163886974,-2.0141885163886974,-2.0141885163886974,0.17551598832854223,0.17551598832854223,0.17551598832854223,No
0.3762990356277085,0.5257045076287339,0.9739209236318099,0.17551598832854223,-0.18367222728572105,-0.5428604428999844,No
-0.9683502123815197,-1.1177556843825451,-1.1177556843825451,0.24735363145139488,0.24735363145139488,0.24735363145139488,No
-0.5201337963784437,-0.6695392683794691,-0.6695392683794691,-0.830211015391395,-0.9020486585142475,-0.9738863016371002,No
0.8245154516307847,1.1233263956328354,1.2727318676338606,-1.261236874128511,-1.620425089742774,-1.620425089742774,No
1.422137339634886,1.422137339634886,1.422137339634886,0.8938924195570688,0.8938924195570688,0.8938924195570688,No
-0.07191738037536759,-0.07191738037536759,-0.22132285237639296,-1.620425089742774,-1.4767498034970687,-1.5485874466199214,No
-0.6695392683794691,-0.6695392683794691,-0.6695392683794691,0.6065418470656582,0.5347042039428055,0.3910289176971002,No
2.617381115643089,2.4679756436420637,2.318570171641038,-0.1118345841628684,0.17551598832854223,0.46286656081995287,No
2.766786587644114,2.766786587644114,2.9161920596451396,-2.410639164094153,-2.410639164094153,-2.482476807217006,No
0.3762990356277085,0.5257045076287339,0.6751099796297593,-0.7583733722685423,-1.261236874128511,-1.4767498034970687,No
1.422137339634886,1.2727318676338606,1.2727318676338606,0.6783794901885108,0.6065418470656582,0.5347042039428055,No
0.8245154516307847,0.8245154516307847,0.9739209236318099,0.031840702082836916,-0.18367222728572105,-0.4710227997771317,No
-1.5659721003856213,-1.7153775723866467,-1.864783044387672,0.46286656081995287,0.7502171333113634,0.6783794901885108,No
1.7209482836369367,1.5715428116359114,1.422137339634886,0.3910289176971002,0.3191912745742475,0.17551598832854223,No
-0.9683502123815197,-0.8189447403804944,-0.8189447403804944,0.24735363145139488,0.24735363145139488,0.24735363145139488,No
-0.22132285237639296,-0.22132285237639296,-0.22132285237639296,-0.03999694104001574,0.3191912745742475,0.6783794901885108,No
0.8245154516307847,0.6751099796297593,0.5257045076287339,-2.1951262347255955,-1.620425089742774,-1.404912160374216,No
2.169164699640013,2.0197592276389873,1.8703537556379621,-0.830211015391395,-0.1118345841628684,0.17551598832854223,No
1.422137339634886,1.422137339634886,1.2727318676338606,0.7502171333113634,0.6783794901885108,0.6783794901885108,No
2.4679756436420637,2.318570171641038,2.169164699640013,-0.399185156654279,-0.1118345841628684,0.17551598832854223,No
1.5715428116359114,1.2727318676338606,1.1233263956328354,0.031840702082836916,0.3191912745742475,0.6065418470656582,No
1.8703537556379621,1.8703537556379621,1.5715428116359114,-0.03999694104001574,0.17551598832854223,0.3191912745742475,No
-0.22132285237639296,-0.3707283243774183,-0.3707283243774183,0.8220547764342161,0.8938924195570688,0.8938924195570688,No
0.8245154516307847,0.6751099796297593,0.6751099796297593,-0.399185156654279,-0.3273475135314264,-0.5428604428999844,No
-0.3707283243774183,-0.3707283243774183,-0.3707283243774183,-0.5428604428999844,-0.18367222728572105,0.10367834520568957,No
-1.5659721003856213,-1.5659721003856213,-1.5659721003856213,-1.261236874128511,-1.261236874128511,-1.1893992310056583,No
2.318570171641038,2.318570171641038,2.169164699640013,-3.12901559532268,-2.338801520971301,-1.5485874466199214,No
0.07748809162565778,0.07748809162565778,0.22689356362668314,0.7502171333113634,0.6783794901885108,0.6065418470656582,No
1.1233263956328354,0.8245154516307847,0.8245154516307847,-0.7583733722685423,-0.6146980860228369,-0.4710227997771317,No
1.1233263956328354,0.9739209236318099,0.8245154516307847,-0.1118345841628684,0.17551598832854223,0.46286656081995287,No
1.2727318676338606,1.422137339634886,1.7209482836369367,-2.05145094847989,-2.7698273797084165,-2.7698273797084165,No
-0.9683502123815197,-0.8189447403804944,-0.8189447403804944,0.6065418470656582,0.46286656081995287,0.3191912745742475,No
1.7209482836369367,1.7209482836369367,1.5715428116359114,0.17551598832854223,0.10367834520568957,-0.03999694104001574,No
1.422137339634886,1.5715428116359114,1.5715428116359114,-3.4163661678140906,-3.560041454059796,-3.703716740305501,No
0.9739209236318099,1.422137339634886,1.5715428116359114,-2.05145094847989,-2.697989736585564,-2.697989736585564,No
2.169164699640013,2.0197592276389873,1.8703537556379621,-0.1118345841628684,0.17551598832854223,0.17551598832854223,No
1.1233263956328354,1.2727318676338606,1.422137339634886,-2.338801520971301,-2.482476807217006,-2.5543144503398585,No
-0.5201337963784437,-0.6695392683794691,-0.6695392683794691,0.3910289176971002,0.3910289176971002,0.3910289176971002,No
-0.22132285237639296,-0.22132285237639296,-0.22132285237639296,-0.18367222728572105,-0.18367222728572105,-0.3273475135314264,No
-2.0141885163886974,-2.0141885163886974,-2.0141885163886974,-1.4767498034970687,-1.620425089742774,-1.7641003759884795,No
-0.07191738037536759,-0.07191738037536759,-0.07191738037536759,0.6065418470656582,0.6065418470656582,0.10367834520568957,No
-0.07191738037536759,-0.07191738037536759,-0.07191738037536759,0.8938924195570688,0.8938924195570688,0.8938924195570688,No
-1.2671611563835707,-1.2671611563835707,-1.2671611563835707,-0.18367222728572105,-0.2555098704085737,-0.2555098704085737,No
0.9739209236318099,0.8245154516307847,0.8245154516307847,0.8938924195570688,0.8220547764342161,0.8220547764342161,No
-0.3707283243774183,-0.3707283243774183,-0.3707283243774183,-0.399185156654279,-0.1118345841628684,0.10367834520568957,No
0.5257045076287339,0.8245154516307847,0.8245154516307847,-1.9796133053570375,-2.410639164094153,-2.7698273797084165,No
0.8245154516307847,0.9739209236318099,1.1233263956328354,-0.399185156654279,-0.6146980860228369,-0.9020486585142475,No
1.2727318676338606,1.2727318676338606,1.2727318676338606,0.10367834520568957,0.17551598832854223,0.10367834520568957,No
2.4679756436420637,2.4679756436420637,2.318570171641038,-1.8359380191113321,-1.1175615878828056,-0.399185156654279,No
1.1233263956328354,0.9739209236318099,0.9739209236318099,0.3910289176971002,0.3910289176971002,0.3191912745742475,No
-0.5201337963784437,-0.5201337963784437,-0.3707283243774183,0.6065418470656582,0.3191912745742475,-0.03999694104001574,No
1.422137339634886,1.5715428116359114,1.5715428116359114,-0.9738863016371002,-1.045723944759953,-1.1175615878828056,No
0.22689356362668314,0.22689356362668314,0.3762990356277085,0.6783794901885108,0.7502171333113634,0.8220547764342161,No
0.5257045076287339,0.5257045076287339,0.6751099796297593,0.7502171333113634,0.6783794901885108,0.6783794901885108,No
0.22689356362668314,0.22689356362668314,0.22689356362668314,-0.2555098704085737,-0.2555098704085737,-0.2555098704085737,No
0.3762990356277085,0.5257045076287339,0.3762990356277085,-2.9853403090769746,-2.1951262347255955,-1.4767498034970687,No
3.513813947649241,3.3644084756482155,3.0655975316461648,-2.7698273797084165,-2.123288591602743,-1.9796133053570375,No
-2.4624049323917734,-2.312999460390748,-2.312999460390748,0.24735363145139488,0.24735363145139488,0.24735363145139488,No
-1.864783044387672,-1.5659721003856213,-1.2671611563835707,-0.3273475135314264,-0.4710227997771317,-0.5428604428999844,No
1.2727318676338606,1.1233263956328354,0.9739209236318099,0.17551598832854223,0.46286656081995287,0.5347042039428055,No
3.2150030036471904,3.0655975316461648,2.9161920596451396,-2.913502665954122,-1.9077756622341848,-0.9738863016371002,No
-0.6695392683794691,-0.6695392683794691,-0.6695392683794691,0.031840702082836916,0.031840702082836916,-0.03999694104001574,No
0.9739209236318099,0.8245154516307847,0.8245154516307847,0.8220547764342161,0.7502171333113634,0.6783794901885108,No
-0.8189447403804944,-0.8189447403804944,-0.8189447403804944,0.10367834520568957,0.10367834520568957,0.10367834520568957,No
2.169164699640013,2.0197592276389873,1.8703537556379621,-0.399185156654279,0.10367834520568957,0.3191912745742475,No
-0.07191738037536759,-0.07191738037536759,0.07748809162565778,0.17551598832854223,0.031840702082836916,-0.1118345841628684,No
-0.6695392683794691,-0.5201337963784437,-0.5201337963784437,0.17551598832854223,0.24735363145139488,0.3191912745742475,No
0.3762990356277085,0.5257045076287339,0.8245154516307847,-3.12901559532268,-3.4163661678140906,-3.7755543834283536,No
-1.2671611563835707,-1.2671611563835707,-1.2671611563835707,-1.5485874466199214,-1.1893992310056583,-0.7583733722685423,No
-0.22132285237639296,-0.22132285237639296,-0.22132285237639296,0.8938924195570688,0.8938924195570688,0.8938924195570688,No
1.422137339634886,1.5715428116359114,1.8703537556379621,0.3191912745742475,0.17551598832854223,-0.4710227997771317,No
0.22689356362668314,0.07748809162565778,0.07748809162565778,0.46286656081995287,0.17551598832854223,-0.03999694104001574,No
-0.07191738037536759,0.07748809162565778,0.07748809162565778,0.3910289176971002,0.5347042039428055,0.6065418470656582,No
1.7209482836369367,1.7209482836369367,1.7209482836369367,0.5347042039428055,0.46286656081995287,0.3910289176971002,No
0.6751099796297593,0.5257045076287339,0.3762990356277085,-0.03999694104001574,0.10367834520568957,0.17551598832854223,No
0.8245154516307847,0.8245154516307847,0.5257045076287339,-0.1118345841628684,0.17551598832854223,0.17551598832854223,No
2.318570171641038,2.169164699640013,2.0197592276389873,0.17551598832854223,0.5347042039428055,0.8220547764342161,No
0.07748809162565778,0.22689356362668314,0.3762990356277085,0.6783794901885108,0.6065418470656582,0.5347042039428055,No
2.0197592276389873,1.8703537556379621,1.8703537556379621,-1.1893992310056583,-1.1893992310056583,-1.1893992310056583,No
0.07748809162565778,0.07748809162565778,0.07748809162565778,0.6065418470656582,0.6783794901885108,0.6783794901885108,No
0.6751099796297593,0.8245154516307847,0.9739209236318099,-0.03999694104001574,-0.18367222728572105,-0.3273475135314264,No
1.1233263956328354,1.1233263956328354,1.1233263956328354,0.8220547764342161,0.8938924195570688,0.8938924195570688,No
2.169164699640013,2.0197592276389873,1.8703537556379621,-1.6922627328656268,-1.404912160374216,-0.7583733722685423,No
-0.8189447403804944,-0.8189447403804944,-0.8189447403804944,-0.3273475135314264,-0.18367222728572105,-0.1118345841628684,No
0.07748809162565778,0.07748809162565778,-0.07191738037536759,0.031840702082836916,0.031840702082836916,0.031840702082836916,No
-0.22132285237639296,-0.07191738037536759,0.07748809162565778,-1.3330745172513636,-1.8359380191113321,-2.338801520971301,No
1.422137339634886,1.422137339634886,1.2727318676338606,0.24735363145139488,0.3910289176971002,0.46286656081995287,No
2.617381115643089,2.617381115643089,2.318570171641038,-0.2555098704085737,-0.03999694104001574,0.17551598832854223,No
0.8245154516307847,0.6751099796297593,0.3762990356277085,-2.05145094847989,-1.8359380191113321,-1.620425089742774,No
-0.8189447403804944,-0.8189447403804944,-0.8189447403804944,0.3191912745742475,0.3910289176971002,0.3910289176971002,No
0.9739209236318099,0.9739209236318099,0.8245154516307847,0.17551598832854223,0.24735363145139488,0.24735363145139488,No
-0.07191738037536759,-0.07191738037536759,0.07748809162565778,-0.3273475135314264,-0.3273475135314264,-0.18367222728572105,No
-0.22132285237639296,-0.22132285237639296,-0.3707283243774183,-1.1175615878828056,-1.1175615878828056,-1.1893992310056583,No
-1.2671611563835707,-1.2671611563835707,-1.2671611563835707,-0.18367222728572105,-0.2555098704085737,-0.3273475135314264,No
-1.2671611563835707,-1.416566628384596,-1.416566628384596,-0.3273475135314264,-0.4710227997771317,-0.6146980860228369,No
0.9739209236318099,0.8245154516307847,0.6751099796297593,-0.9738863016371002,-0.5428604428999844,-0.4710227997771317,No
1.5715428116359114,1.8703537556379621,2.169164699640013,-1.5485874466199214,-2.1951262347255955,-2.841665022831269,No
0.8245154516307847,0.9739209236318099,1.1233263956328354,0.46286656081995287,0.24735363145139488,0.031840702082836916,No
-0.3707283243774183,-0.5201337963784437,-0.6695392683794691,0.17551598832854223,0.3191912745742475,0.46286656081995287,No
0.8245154516307847,0.5257045076287339,0.3762990356277085,-1.1893992310056583,-0.9020486585142475,-0.6146980860228369,No
0.5257045076287339,0.3762990356277085,0.3762990356277085,0.8220547764342161,0.8220547764342161,0.7502171333113634,No
0.6751099796297593,0.6751099796297593,0.6751099796297593,-0.9738863016371002,-0.9738863016371002,-1.045723944759953,No
0.8245154516307847,0.9739209236318099,1.1233263956328354,-0.2555098704085737,-0.6865357291456896,-1.1893992310056583,No
-0.8189447403804944,-0.6695392683794691,-0.6695392683794691,0.7502171333113634,0.6783794901885108,0.6065418470656582,No
3.0655975316461648,2.9161920596451396,2.617381115643089,-1.5485874466199214,-0.6865357291456896,0.24735363145139488,No
0.5257045076287339,0.8245154516307847,1.1233263956328354,-0.6146980860228369,-0.9020486585142475,-1.5485874466199214,No
-0.5201337963784437,-0.5201337963784437,-0.5201337963784437,-0.2555098704085737,-0.18367222728572105,-0.18367222728572105,No
1.422137339634886,1.2727318676338606,1.1233263956328354,0.8220547764342161,0.8938924195570688,0.8938924195570688,No
0.22689356362668314,0.07748809162565778,-0.07191738037536759,0.5347042039428055,0.6065418470656582,0.7502171333113634,No
1.422137339634886,1.2727318676338606,1.1233263956328354,0.46286656081995287,0.5347042039428055,0.6065418470656582,No
1.8703537556379621,1.8703537556379621,2.0197592276389873,-1.620425089742774,-1.5485874466199214,-1.404912160374216,No
-0.9683502123815197,-0.9683502123815197,-0.9683502123815197,-0.830211015391395,-0.9020486585142475,-0.9738863016371002,No
1.2727318676338606,1.2727318676338606,1.5715428116359114,0.5347042039428055,0.3910289176971002,0.17551598832854223,No
0.22689356362668314,0.3762990356277085,0.5257045076287339,0.17551598832854223,-0.03999694104001574,-0.3273475135314264,No
-0.9683502123815197,-0.9683502123815197,-0.9683502123815197,-1.620425089742774,-1.6922627328656268,-1.6922627328656268,No
0.07748809162565778,0.07748809162565778,0.07748809162565778,-2.626152093462711,-2.266963877848448,-1.9077756622341848,No
1.7209482836369367,1.5715428116359114,1.422137339634886,0.6065418470656582,0.6783794901885108,0.7502171333113634,No
0.22689356362668314,0.5257045076287339,0.6751099796297593,-1.404912160374216,-2.123288591602743,-2.7698273797084165,No
0.22689356362668314,0.3762990356277085,0.5257045076287339,0.5347042039428055,0.3910289176971002,0.10367834520568957,No
-0.5201337963784437,-0.6695392683794691,-0.6695392683794691,-1.620425089742774,-1.620425089742774,-1.6922627328656268,No
-0.5201337963784437,-0.3707283243774183,-0.22132285237639296,-0.1118345841628684,-0.6146980860228369,-1.045723944759953,No
1.2727318676338606,1.422137339634886,1.5715428116359114,-0.18367222728572105,-0.6865357291456896,-1.1893992310056583,No
-0.3707283243774183,-0.3707283243774183,-0.3707283243774183,-3.560041454059796,-3.4882038109369433,-3.4163661678140906,No
-1.1177556843825451,-1.1177556843825451,-1.1177556843825451,-1.3330745172513636,-1.045723944759953,-0.830211015391395,No
-0.8189447403804944,-0.8189447403804944,-0.8189447403804944,0.6783794901885108,0.6065418470656582,0.5347042039428055,No
0.6751099796297593,0.6751099796297593,0.6751099796297593,0.6783794901885108,0.5347042039428055,0.5347042039428055,No
-0.3707283243774183,-0.22132285237639296,-0.22132285237639296,0.10367834520568957,0.031840702082836916,-0.03999694104001574,No
-1.2671611563835707,-1.1177556843825451,-0.9683502123815197,0.10367834520568957,0.10367834520568957,0.10367834520568957,No
0.22689356362668314,0.22689356362668314,0.3762990356277085,0.8220547764342161,0.3910289176971002,0.031840702082836916,No
0.22689356362668314,0.3762990356277085,0.5257045076287339,-0.3273475135314264,-0.7583733722685423,-0.9020486585142475,No
0.9739209236318099,1.1233263956328354,1.2727318676338606,-1.1175615878828056,-1.4767498034970687,-1.8359380191113321,No
0.3762990356277085,0.3762990356277085,0.3762990356277085,0.3191912745742475,0.3191912745742475,0.3910289176971002,No
0.3762990356277085,0.3762990356277085,0.22689356362668314,-0.399185156654279,-0.1118345841628684,0.17551598832854223,No
0.22689356362668314,0.07748809162565778,-0.07191738037536759,-0.4710227997771317,-0.2555098704085737,-0.2555098704085737,No
1.422137339634886,1.2727318676338606,1.2727318676338606,0.6065418470656582,0.6065418470656582,0.5347042039428055,No
-0.22132285237639296,-0.22132285237639296,-0.22132285237639296,0.8220547764342161,0.8220547764342161,0.8220547764342161,No
1.2727318676338606,1.1233263956328354,0.9739209236318099,-1.1893992310056583,-0.830211015391395,-0.4710227997771317,No
2.4679756436420637,2.318570171641038,2.169164699640013,-0.4710227997771317,-0.3273475135314264,-0.2555098704085737,No
0.9739209236318099,0.8245154516307847,0.6751099796297593,0.6065418470656582,0.7502171333113634,0.6783794901885108,No
0.8245154516307847,0.8245154516307847,0.8245154516307847,0.46286656081995287,0.46286656081995287,0.3910289176971002,No
-2.312999460390748,-2.4624049323917734,-2.4624049323917734,-0.4710227997771317,-0.2555098704085737,-0.03999694104001574,No
1.422137339634886,1.2727318676338606,1.1233263956328354,-0.1118345841628684,0.10367834520568957,0.24735363145139488,No
-0.6695392683794691,-0.5201337963784437,-0.5201337963784437,-0.03999694104001574,-0.399185156654279,-0.6865357291456896,No
0.8245154516307847,0.6751099796297593,0.6751099796297593,0.3191912745742475,0.3191912745742475,0.3191912745742475,No
1.2727318676338606,1.2727318676338606,1.2727318676338606,0.24735363145139488,0.031840702082836916,-0.18367222728572105,No
0.8245154516307847,0.8245154516307847,0.6751099796297593,0.6065418470656582,0.46286656081995287,0.3910289176971002,No
-0.3707283243774183,-0.3707283243774183,-0.22132285237639296,0.6065418470656582,0.3191912745742475,0.10367834520568957,No
0.9739209236318099,0.9739209236318099,1.1233263956328354,0.7502171333113634,0.6783794901885108,0.6065418470656582,No
0.8245154516307847,0.6751099796297593,0.5257045076287339,-1.1175615878828056,-0.830211015391395,-0.5428604428999844,No
2.4679756436420637,2.318570171641038,2.318570171641038,-0.9738863016371002,0.031840702082836916,-0.18367222728572105,No
0.3762990356277085,0.22689356362668314,0.22689356362668314,0.7502171333113634,0.8220547764342161,0.8220547764342161,No
-0.6695392683794691,-0.6695392683794691,-0.6695392683794691,0.5347042039428055,0.5347042039428055,0.46286656081995287,No
0.9739209236318099,0.9739209236318099,0.9739209236318099,0.10367834520568957,-0.2555098704085737,-0.5428604428999844,No
-0.07191738037536759,-0.07191738037536759,-0.22132285237639296,0.3910289176971002,0.24735363145139488,0.17551598832854223,No
1.2727318676338606,1.1233263956328354,0.8245154516307847,-2.1951262347255955,-1.1893992310056583,-0.1118345841628684,No
0.9739209236318099,1.1233263956328354,1.1233263956328354,-0.830211015391395,-0.9738863016371002,-0.6865357291456896,No
-1.2671611563835707,-1.2671611563835707,-1.416566628384596,0.031840702082836916,0.031840702082836916,0.031840702082836916,No
1.8703537556379621,1.7209482836369367,1.5715428116359114,-0.5428604428999844,0.17551598832854223,0.3191912745742475,No
0.3762990356277085,0.3762990356277085,0.22689356362668314,0.8220547764342161,0.8220547764342161,0.5347042039428055,No
2.318570171641038,2.4679756436420637,2.617381115643089,-1.9077756622341848,-2.626152093462711,-2.697989736585564,No
0.07748809162565778,-0.07191738037536759,-0.07191738037536759,-1.1175615878828056,-1.1175615878828056,-1.045723944759953,No
2.0197592276389873,2.0197592276389873,1.8703537556379621,0.3910289176971002,0.3191912745742475,0.24735363145139488,No
2.0197592276389873,2.0197592276389873,2.0197592276389873,-2.266963877848448,-2.123288591602743,-1.5485874466199214,No
0.3762990356277085,0.22689356362668314,0.3762990356277085,0.5347042039428055,0.5347042039428055,0.6065418470656582,No
0.8245154516307847,0.8245154516307847,0.9739209236318099,0.3191912745742475,0.3191912745742475,0.3910289176971002,No
-0.22132285237639296,-0.22132285237639296,-0.5201337963784437,0.5347042039428055,0.6065418470656582,0.6783794901885108,No
1.5715428116359114,1.5715428116359114,1.422137339634886,0.3910289176971002,0.3910289176971002,0.3910289176971002,No
-0.3707283243774183,-0.22132285237639296,-0.07191738037536759,-0.9020486585142475,-1.045723944759953,-0.9020486585142475,No
0.22689356362668314,0.22689356362668314,0.07748809162565778,-0.3273475135314264,-0.3273475135314264,-0.3273475135314264,No
-0.22132285237639296,-0.22132285237639296,-0.22132285237639296,-0.2555098704085737,-0.3273475135314264,-0.18367222728572105,No
-0.3707283243774183,-0.3707283243774183,-0.3707283243774183,-0.3273475135314264,-0.399185156654279,-0.4710227997771317,No
1.1233263956328354,1.1233263956328354,1.1233263956328354,0.3191912745742475,0.24735363145139488,0.17551598832854223,No
1.2727318676338606,1.422137339634886,1.7209482836369367,-0.2555098704085737,-0.9020486585142475,-1.5485874466199214,No
-0.8189447403804944,-0.8189447403804944,-0.8189447403804944,-0.830211015391395,-0.9020486585142475,-1.045723944759953,No
0.9739209236318099,1.1233263956328354,1.2727318676338606,-2.123288591602743,-2.266963877848448,-2.410639164094153,No
2.0197592276389873,1.8703537556379621,1.7209482836369367,-3.2726908815683853,-2.841665022831269,-2.1951262347255955,No
-0.3707283243774183,-0.3707283243774183,-0.3707283243774183,-1.4767498034970687,-1.1175615878828056,-0.6865357291456896,No
1.5715428116359114,1.5715428116359114,1.422137339634886,-0.03999694104001574,0.031840702082836916,0.10367834520568957,No
1.7209482836369367,1.5715428116359114,1.422137339634886,-2.913502665954122,-2.410639164094153,-1.9077756622341848,No
0.6751099796297593,0.6751099796297593,0.6751099796297593,-0.399185156654279,-0.03999694104001574,0.24735363145139488,No
-0.22132285237639296,-0.22132285237639296,-0.22132285237639296,0.3910289176971002,0.3910289176971002,0.3910289176971002,No
1.422137339634886,1.2727318676338606,1.2727318676338606,-0.2555098704085737,0.10367834520568957,0.46286656081995287,No
2.0197592276389873,2.0197592276389873,2.0197592276389873,-0.6146980860228369,-0.3273475135314264,-0.1118345841628684,No
1.2727318676338606,1.2727318676338606,1.2727318676338606,0.24735363145139488,0.24735363145139488,0.031840702082836916,No
-0.5201337963784437,-0.6695392683794691,-0.6695392683794691,0.7502171333113634,0.7502171333113634,0.7502171333113634,No
-0.07191738037536759,0.07748809162565778,0.22689356362668314,0.031840702082836916,-0.2555098704085737,-0.6146980860228369,No
0.5257045076287339,0.5257045076287339,0.5257045076287339,0.46286656081995287,0.5347042039428055,0.6065418470656582,No
-0.3707283243774183,-0.3707283243774183,-0.5201337963784437,0.17551598832854223,0.3191912745742475,0.46286656081995287,No
1.422137339634886,1.2727318676338606,1.1233263956328354,0.031840702082836916,0.3191912745742475,0.5347042039428055,No
-0.3707283243774183,-0.3707283243774183,-0.22132285237639296,0.24735363145139488,0.10367834520568957,0.031840702082836916,No
1.5715428116359114,1.422137339634886,1.2727318676338606,-1.404912160374216,-1.1175615878828056,-0.7583733722685423,No
1.422137339634886,1.2727318676338606,1.2727318676338606,0.5347042039428055,0.5347042039428055,0.5347042039428055,No
-0.3707283243774183,-0.5201337963784437,-0.5201337963784437,0.8220547764342161,0.8220547764342161,0.8220547764342161,No
-0.6695392683794691,-0.6695392683794691,-0.6695392683794691,-0.399185156654279,-0.399185156654279,-0.399185156654279,No
2.169164699640013,2.0197592276389873,1.8703537556379621,-0.6865357291456896,-0.18367222728572105,-0.1118345841628684,No
-1.7153775723866467,-1.864783044387672,-2.0141885163886974,-0.2555098704085737,-0.3273475135314264,-0.399185156654279,No
-0.3707283243774183,-0.3707283243774183,-0.22132285237639296,0.24735363145139488,-0.1118345841628684,-0.4710227997771317,No
1.1233263956328354,1.1233263956328354,0.9739209236318099,0.8220547764342161,0.7502171333113634,0.7502171333113634,No
-0.3707283243774183,-0.3707283243774183,-0.22132285237639296,0.10367834520568957,0.10367834520568957,0.24735363145139488,No
1.422137339634886,1.5715428116359114,1.5715428116359114,-0.3273475135314264,-0.6146980860228369,-0.830211015391395,No
1.422137339634886,1.2727318676338606,1.2727318676338606,-0.03999694104001574,0.17551598832854223,0.17551598832854223,No
-0.22132285237639296,-0.22132285237639296,-0.22132285237639296,-0.2555098704085737,-0.2555098704085737,-0.2555098704085737,No
-0.3707283243774183,-0.3707283243774183,-0.3707283243774183,-0.4710227997771317,-0.5428604428999844,-0.830211015391395,No
0.9739209236318099,0.8245154516307847,0.8245154516307847,0.3191912745742475,0.24735363145139488,0.24735363145139488,No
0.3762990356277085,0.5257045076287339,0.6751099796297593,-0.18367222728572105,-0.3273475135314264,-0.2555098704085737,No
0.5257045076287339,0.6751099796297593,0.6751099796297593,-0.5428604428999844,-0.6146980860228369,-0.6865357291456896,No
1.1233263956328354,1.1233263956328354,1.1233263956328354,-1.045723944759953,-1.4767498034970687,-1.8359380191113321,No
0.8245154516307847,0.8245154516307847,0.8245154516307847,-0.18367222728572105,-0.18367222728572105,-0.18367222728572105,No
0.07748809162565778,0.07748809162565778,0.07748809162565778,-0.1118345841628684,-0.03999694104001574,0.031840702082836916,No
1.2727318676338606,1.422137339634886,1.5715428116359114,-2.123288591602743,-2.410639164094153,-2.410639164094153,No
-1.5659721003856213,-1.5659721003856213,-1.5659721003856213,-1.3330745172513636,-1.1175615878828056,-0.830211015391395,No
0.22689356362668314,0.07748809162565778,0.07748809162565778,0.3191912745742475,0.24735363145139488,0.24735363145139488,No
2.0197592276389873,2.169164699640013,2.318570171641038,-2.9853403090769746,-3.4163661678140906,-3.7755543834283536,No
0.6751099796297593,0.8245154516307847,0.9739209236318099,0.24735363145139488,0.10367834520568957,-0.1118345841628684,No
1.2727318676338606,1.2727318676338606,1.2727318676338606,-2.697989736585564,-2.5543144503398585,-1.6922627328656268,No
1.2727318676338606,1.2727318676338606,1.2727318676338606,0.24735363145139488,0.3191912745742475,-0.03999694104001574,No
1.1233263956328354,0.8245154516307847,0.8245154516307847,0.24735363145139488,0.3910289176971002,0.5347042039428055,No
2.4679756436420637,2.617381115643089,2.766786587644114,-1.9077756622341848,-1.9077756622341848,-1.9077756622341848,No
-0.07191738037536759,0.07748809162565778,0.22689356362668314,0.031840702082836916,-0.1118345841628684,-0.4710227997771317,No
-0.5201337963784437,-0.5201337963784437,-0.5201337963784437,-0.1118345841628684,-0.2555098704085737,-0.399185156654279,No
1.7209482836369367,1.7209482836369367,1.5715428116359114,0.5347042039428055,0.5347042039428055,0.6065418470656582,No
1.7209482836369367,1.7209482836369367,1.8703537556379621,-0.2555098704085737,-0.6865357291456896,-1.1175615878828056,No
-0.8189447403804944,-0.8189447403804944,-0.8189447403804944,0.10367834520568957,0.10367834520568957,0.10367834520568957,No
0.8245154516307847,0.6751099796297593,0.6751099796297593,0.8220547764342161,0.8220547764342161,0.8220547764342161,No
-1.2671611563835707,-1.416566628384596,-1.416566628384596,-0.4710227997771317,-1.1893992310056583,-1.9077756622341848,No
-0.5201337963784437,-0.3707283243774183,-0.22132285237639296,-1.4767498034970687,-1.4767498034970687,-1.3330745172513636,No
-0.22132285237639296,-0.22132285237639296,-0.22132285237639296,-1.261236874128511,-1.261236874128511,-1.1893992310056583,No
0.3762990356277085,0.5257045076287339,0.8245154516307847,0.3910289176971002,-0.03999694104001574,-0.399185156654279,No
0.5257045076287339,0.6751099796297593,0.8245154516307847,-1.1893992310056583,-1.3330745172513636,-1.261236874128511,No
0.3762990356277085,0.3762990356277085,0.22689356362668314,0.7502171333113634,0.7502171333113634,0.7502171333113634,No
1.2727318676338606,1.422137339634886,1.5715428116359114,-1.8359380191113321,-2.1951262347255955,-2.482476807217006,No
0.07748809162565778,-0.07191738037536759,-0.22132285237639296,-3.8473920265512063,-3.919229669674059,-4.062904955919764,No
1.2727318676338606,1.1233263956328354,1.1233263956328354,-0.4710227997771317,-0.18367222728572105,0.17551598832854223,No
0.5257045076287339,0.5257045076287339,0.5257045076287339,0.7502171333113634,0.8220547764342161,0.8220547764342161,No
-0.07191738037536759,-0.07191738037536759,-0.07191738037536759,-3.0571779521998272,-2.9853403090769746,-2.9853403090769746,No
0.22689356362668314,0.22689356362668314,0.22689356362668314,0.8220547764342161,0.8938924195570688,0.7502171333113634,No
-0.8189447403804944,-0.9683502123815197,-0.9683502123815197,0.3910289176971002,0.3910289176971002,0.46286656081995287,No
1.7209482836369367,1.5715428116359114,1.5715428116359114,0.6065418470656582,0.6783794901885108,0.6783794901885108,No
-0.8189447403804944,-0.6695392683794691,-0.6695392683794691,0.24735363145139488,0.17551598832854223,0.10367834520568957,No
1.1233263956328354,1.1233263956328354,1.1233263956328354,-1.3330745172513636,-1.1893992310056583,-1.045723944759953,No
1.5715428116359114,1.7209482836369367,1.7209482836369367,-0.830211015391395,-0.9738863016371002,-1.045723944759953,No
0.8245154516307847,1.1233263956328354,1.2727318676338606,-1.045723944759953,-1.8359380191113321,-2.05145094847989,No
1.2727318676338606,1.422137339634886,1.5715428116359114,-1.045723944759953,-1.5485874466199214,-1.620425089742774,No
0.8245154516307847,0.9739209236318099,0.9739209236318099,-0.18367222728572105,-0.399185156654279,-0.18367222728572105,No
1.8703537556379621,2.169164699640013,2.4679756436420637,-1.3330745172513636,-1.9796133053570375,-2.697989736585564,No
1.5715428116359114,1.422137339634886,1.1233263956328354,-1.404912160374216,-1.045723944759953,-0.6146980860228369,No
0.5257045076287339,0.5257045076287339,0.3762990356277085,0.10367834520568957,0.24735363145139488,0.3910289176971002,No
1.2727318676338606,1.1233263956328354,0.9739209236318099,0.8220547764342161,0.8220547764342161,0.8220547764342161,No
0.3762990356277085,0.3762990356277085,0.22689356362668314,0.6065418470656582,0.6065418470656582,0.6065418470656582,No
0.5257045076287339,0.6751099796297593,0.8245154516307847,-1.045723944759953,-1.6922627328656268,-2.123288591602743,No
-0.07191738037536759,-0.07191738037536759,-0.07191738037536759,0.7502171333113634,0.7502171333113634,0.6065418470656582,No
-0.22132285237639296,-0.22132285237639296,-0.3707283243774183,-0.1118345841628684,-0.03999694104001574,0.10367834520568957,No
1.422137339634886,1.2727318676338606,1.1233263956328354,-2.266963877848448,-1.3330745172513636,-0.399185156654279,No
0.6751099796297593,0.6751099796297593,0.5257045076287339,-0.5428604428999844,-0.4710227997771317,-0.18367222728572105,No
-0.6695392683794691,-0.8189447403804944,-0.8189447403804944,-0.1118345841628684,0.10367834520568957,0.3191912745742475,No
2.617381115643089,2.4679756436420637,2.318570171641038,0.24735363145139488,0.3910289176971002,0.24735363145139488,No
-0.6695392683794691,-0.6695392683794691,-0.6695392683794691,0.46286656081995287,0.46286656081995287,0.46286656081995287,No
-1.5659721003856213,-1.416566628384596,-1.2671611563835707,0.5347042039428055,0.3191912745742475,0.10367834520568957,No
-1.416566628384596,-1.416566628384596,-1.2671611563835707,-0.03999694104001574,0.10367834520568957,0.24735363145139488,No
-0.6695392683794691,-0.8189447403804944,-0.8189447403804944,0.10367834520568957,0.031840702082836916,-0.03999694104001574,No
0.07748809162565778,0.07748809162565778,-0.07191738037536759,0.6065418470656582,0.5347042039428055,0.46286656081995287,No
-1.2671611563835707,-1.1177556843825451,-0.9683502123815197,-0.2555098704085737,-0.399185156654279,-0.5428604428999844,No
0.3762990356277085,0.5257045076287339,0.6751099796297593,-1.5485874466199214,-2.123288591602743,-2.338801520971301,No
0.9739209236318099,1.422137339634886,1.5715428116359114,-2.482476807217006,-2.913502665954122,-3.4163661678140906,No
-0.3707283243774183,-0.3707283243774183,-0.5201337963784437,0.3910289176971002,0.3910289176971002,0.3910289176971002,No
-1.1177556843825451,-1.1177556843825451,-0.9683502123815197,0.24735363145139488,0.3191912745742475,0.3910289176971002,No
-1.5659721003856213,-1.7153775723866467,-1.7153775723866467,-0.6865357291456896,-0.6865357291456896,-0.6146980860228369,No
-0.07191738037536759,-0.22132285237639296,-0.3707283243774183,-1.9796133053570375,-2.266963877848448,-2.5543144503398585,No
-0.07191738037536759,-0.07191738037536759,-0.22132285237639296,0.8938924195570688,0.8938924195570688,0.8938924195570688,No
1.1233263956328354,1.2727318676338606,1.5715428116359114,0.10367834520568957,-0.1118345841628684,-0.6865357291456896,No
-0.6695392683794691,-0.5201337963784437,-0.6695392683794691,-3.8473920265512063,-3.703716740305501,-3.560041454059796,No
1.5715428116359114,1.5715428116359114,1.5715428116359114,-0.18367222728572105,-0.399185156654279,-0.6865357291456896,No
-1.2671611563835707,-1.2671611563835707,-1.2671611563835707,-0.2555098704085737,-0.2555098704085737,-0.18367222728572105,No
-1.1177556843825451,-1.1177556843825451,-1.1177556843825451,0.10367834520568957,0.031840702082836916,0.031840702082836916,No
-0.5201337963784437,-0.5201337963784437,-0.5201337963784437,0.10367834520568957,0.10367834520568957,0.17551598832854223,No
0.6751099796297593,0.8245154516307847,0.9739209236318099,-0.3273475135314264,-0.399185156654279,-0.399185156654279,No
-0.07191738037536759,-0.22132285237639296,-0.22132285237639296,0.3191912745742475,0.46286656081995287,0.5347042039428055,No
-0.3707283243774183,-0.3707283243774183,-0.3707283243774183,-0.03999694104001574,0.031840702082836916,0.031840702082836916,No
-0.8189447403804944,-0.9683502123815197,-0.9683502123815197,0.3910289176971002,0.3191912745742475,0.24735363145139488,No
0.6751099796297593,0.6751099796297593,0.5257045076287339,0.6065418470656582,0.6783794901885108,0.6783794901885108,No
0.8245154516307847,0.6751099796297593,0.6751099796297593,0.6783794901885108,0.7502171333113634,0.7502171333113634,No
-0.3707283243774183,-0.3707283243774183,-0.3707283243774183,0.8938924195570688,0.8938924195570688,0.9657300626799215,No
0.9739209236318099,0.9739209236318099,1.1233263956328354,0.6065418470656582,0.46286656081995287,0.3191912745742475,No
0.9739209236318099,0.8245154516307847,0.8245154516307847,0.8220547764342161,0.8220547764342161,0.7502171333113634,No
-0.07191738037536759,-0.07191738037536759,-0.07191738037536759,-1.404912160374216,-1.5485874466199214,-1.1893992310056583,No
1.1233263956328354,1.2727318676338606,1.422137339634886,-0.830211015391395,-1.4767498034970687,-1.5485874466199214,No
1.2727318676338606,1.1233263956328354,1.1233263956328354,0.8938924195570688,0.8220547764342161,0.8220547764342161,No
-2.761215876393824,-2.761215876393824,-2.9106213483948498,-0.2555098704085737,-0.3273475135314264,-0.3273475135314264,No
-0.5201337963784437,-0.5201337963784437,-0.5201337963784437,0.10367834520568957,0.031840702082836916,-0.03999694104001574,No
1.2727318676338606,1.1233263956328354,0.9739209236318099,-1.6922627328656268,-0.830211015391395,0.10367834520568957,No
2.0197592276389873,2.169164699640013,2.318570171641038,-2.697989736585564,-2.9853403090769746,-2.7698273797084165,No
-0.5201337963784437,-0.5201337963784437,-0.5201337963784437,0.5347042039428055,0.46286656081995287,0.46286656081995287,No
1.5715428116359114,1.5715428116359114,1.422137339634886,-1.3330745172513636,-0.9020486585142475,-0.399185156654279,No
0.9739209236318099,0.8245154516307847,0.6751099796297593,-0.03999694104001574,0.031840702082836916,0.031840702082836916,No
-0.22132285237639296,-0.22132285237639296,-0.22132285237639296,-2.05145094847989,-1.7641003759884795,-1.5485874466199214,No
1.2727318676338606,1.1233263956328354,0.9739209236318099,-0.830211015391395,-0.3273475135314264,0.17551598832854223,No
-0.8189447403804944,-0.5201337963784437,-0.22132285237639296,-2.410639164094153,-2.482476807217006,-2.5543144503398585,No
-0.5201337963784437,-0.5201337963784437,-0.5201337963784437,0.6783794901885108,0.6065418470656582,0.5347042039428055,No
2.169164699640013,2.169164699640013,2.0197592276389873,-1.404912160374216,-1.3330745172513636,-1.261236874128511,No
0.8245154516307847,0.3762990356277085,0.22689356362668314,0.5347042039428055,0.5347042039428055,0.5347042039428055,No
0.3762990356277085,0.3762990356277085,0.3762990356277085,-0.03999694104001574,-0.1118345841628684,-0.18367222728572105,No
-0.3707283243774183,-0.5201337963784437,-0.5201337963784437,0.6783794901885108,0.6783794901885108,0.6783794901885108,No
-0.9683502123815197,-0.9683502123815197,-0.9683502123815197,0.17551598832854223,0.17551598832854223,0.17551598832854223,No
-0.8189447403804944,-0.6695392683794691,-0.6695392683794691,-0.03999694104001574,0.031840702082836916,0.031840702082836916,No
-0.6695392683794691,-0.6695392683794691,-0.6695392683794691,0.17551598832854223,0.17551598832854223,0.10367834520568957,No
-0.22132285237639296,-0.22132285237639296,-0.3707283243774183,0.6065418470656582,0.8220547764342161,0.6783794901885108,No
2.4679756436420637,2.4679756436420637,2.4679756436420637,-2.338801520971301,-2.123288591602743,-1.9077756622341848,No
0.9739209236318099,0.9739209236318099,0.8245154516307847,-0.399185156654279,-0.399185156654279,-0.1118345841628684,No
2.4679756436420637,2.318570171641038,2.169164699640013,-0.3273475135314264,-0.03999694104001574,0.24735363145139488,No
1.422137339634886,1.422137339634886,1.422137339634886,0.7502171333113634,0.6065418470656582,0.46286656081995287,No
-0.07191738037536759,-0.07191738037536759,-0.22132285237639296,-0.9020486585142475,-0.9020486585142475,-0.7583733722685423,No
-0.22132285237639296,-0.22132285237639296,-0.22132285237639296,0.3191912745742475,0.3191912745742475,0.24735363145139488,No
2.4679756436420637,2.318570171641038,2.169164699640013,-1.261236874128511,-0.9020486585142475,-0.5428604428999844,No
0.3762990356277085,0.3762990356277085,0.3762990356277085,0.6783794901885108,0.7502171333113634,0.3910289176971002,No
-0.3707283243774183,-0.22132285237639296,-0.22132285237639296,0.031840702082836916,-0.03999694104001574,-0.03999694104001574,No
2.617381115643089,2.617381115643089,2.617381115643089,-3.560041454059796,-2.7698273797084165,-1.9796133053570375,No
-0.9683502123815197,-0.9683502123815197,-0.9683502123815197,-0.3273475135314264,-0.3273475135314264,-0.3273475135314264,No
-0.22132285237639296,-0.22132285237639296,-0.3707283243774183,-0.18367222728572105,-0.1118345841628684,0.031840702082836916,No
0.07748809162565778,0.07748809162565778,0.07748809162565778,0.8220547764342161,0.8220547764342161,0.8220547764342161,No
0.07748809162565778,0.22689356362668314,0.3762990356277085,-0.399185156654279,-0.6146980860228369,-0.830211015391395,No
-0.3707283243774183,-0.3707283243774183,-0.3707283243774183,0.5347042039428055,0.3910289176971002,0.3191912745742475,No
-1.416566628384596,-1.416566628384596,-1.416566628384596,0.24735363145139488,0.3191912745742475,0.3910289176971002,No
-0.22132285237639296,-0.3707283243774183,-0.5201337963784437,-0.18367222728572105,-0.3273475135314264,-0.399185156654279,No
1.2727318676338606,1.2727318676338606,1.2727318676338606,0.7502171333113634,0.6783794901885108,0.46286656081995287,No
2.9161920596451396,3.0655975316461648,3.0655975316461648,-2.482476807217006,-2.5543144503398585,-2.626152093462711,No
1.5715428116359114,1.422137339634886,1.2727318676338606,-0.399185156654279,0.10367834520568957,0.5347042039428055,No
-0.07191738037536759,0.07748809162565778,0.22689356362668314,0.6783794901885108,0.6783794901885108,0.5347042039428055,No
0.22689356362668314,0.3762990356277085,0.3762990356277085,-0.5428604428999844,-0.7583733722685423,-0.9020486585142475,No
1.5715428116359114,1.422137339634886,1.2727318676338606,0.3191912745742475,0.3191912745742475,0.3910289176971002,No
0.6751099796297593,0.8245154516307847,1.1233263956328354,-1.045723944759953,-1.620425089742774,-2.1951262347255955,No
1.5715428116359114,1.422137339634886,1.2727318676338606,0.3910289176971002,0.8220547764342161,0.8220547764342161,No
-0.3707283243774183,-0.5201337963784437,-0.5201337963784437,-1.045723944759953,-1.261236874128511,-1.404912160374216,No
-0.3707283243774183,-0.3707283243774183,-0.3707283243774183,0.6065418470656582,0.6783794901885108,0.7502171333113634,No
-0.8189447403804944,-0.9683502123815197,-0.9683502123815197,-0.6146980860228369,-0.6865357291456896,-0.830211015391395,No
0.5257045076287339,0.5257045076287339,0.5257045076287339,0.8938924195570688,0.8938924195570688,0.8938924195570688,No
1.422137339634886,1.422137339634886,1.2727318676338606,-2.697989736585564,-1.9796133053570375,-1.3330745172513636,No
1.5715428116359114,1.5715428116359114,1.5715428116359114,0.10367834520568957,0.031840702082836916,-0.03999694104001574,No
0.5257045076287339,0.5257045076287339,0.5257045076287339,0.6065418470656582,0.6065418470656582,0.6065418470656582,No
2.766786587644114,2.617381115643089,2.4679756436420637,0.031840702082836916,0.3191912745742475,0.6065418470656582,No
2.318570171641038,2.4679756436420637,2.617381115643089,-3.12901559532268,-3.2008532384455326,-3.344528524691238,No
-0.8189447403804944,-0.8189447403804944,-0.5201337963784437,-1.7641003759884795,-2.05145094847989,-2.266963877848448,No
1.1233263956328354,1.422137339634886,1.7209482836369367,-0.6146980860228369,-1.404912160374216,-2.1951262347255955,No
2.169164699640013,2.318570171641038,2.4679756436420637,0.10367834520568957,-0.6146980860228369,-1.3330745172513636,No
2.0197592276389873,2.0197592276389873,1.8703537556379621,-0.03999694104001574,0.17551598832854223,0.17551598832854223,No
-0.8189447403804944,-0.8189447403804944,-0.8189447403804944,-0.830211015391395,-0.7583733722685423,-0.6146980860228369,No
-0.3707283243774183,-0.3707283243774183,-0.3707283243774183,-0.03999694104001574,0.031840702082836916,0.10367834520568957,No
1.1233263956328354,0.9739209236318099,0.9739209236318099,0.3910289176971002,0.3910289176971002,0.46286656081995287,No
0.9739209236318099,0.9739209236318099,0.9739209236318099,0.6783794901885108,0.6783794901885108,0.7502171333113634,No
0.8245154516307847,0.8245154516307847,0.8245154516307847,0.8220547764342161,0.5347042039428055,0.3191912745742475,No
0.9739209236318099,0.9739209236318099,1.1233263956328354,0.24735363145139488,0.24735363145139488,-0.18367222728572105,No
-0.9683502123815197,-0.9683502123815197,-0.8189447403804944,0.24735363145139488,0.17551598832854223,-0.03999694104001574,No
1.7209482836369367,2.0197592276389873,2.169164699640013,-0.1118345841628684,-0.830211015391395,-1.5485874466199214,No
0.8245154516307847,0.8245154516307847,0.8245154516307847,-1.1175615878828056,-1.045723944759953,-0.9738863016371002,No
-0.9683502123815197,-0.8189447403804944,-0.8189447403804944,-0.9020486585142475,-1.1893992310056583,-1.404912160374216,No
-0.6695392683794691,-0.6695392683794691,-0.8189447403804944,0.6783794901885108,0.5347042039428055,0.3910289176971002,No
0.5257045076287339,0.5257045076287339,0.3762990356277085,0.5347042039428055,0.6065418470656582,0.7502171333113634,No
0.9739209236318099,0.9739209236318099,0.8245154516307847,0.24735363145139488,0.5347042039428055,0.8220547764342161,No
0.07748809162565778,0.07748809162565778,0.07748809162565778,-0.9020486585142475,-0.9738863016371002,-1.045723944759953,No
1.8703537556379621,1.8703537556379621,1.7209482836369367,-0.03999694104001574,0.031840702082836916,0.10367834520568957,No
0.22689356362668314,0.22689356362668314,0.07748809162565778,0.24735363145139488,0.24735363145139488,0.3191912745742475,No
-1.2671611563835707,-1.2671611563835707,-1.2671611563835707,0.24735363145139488,0.24735363145139488,0.17551598832854223,No
1.2727318676338606,1.422137339634886,1.422137339634886,-3.8473920265512063,-3.560041454059796,-3.2008532384455326,No
0.8245154516307847,0.8245154516307847,0.9739209236318099,0.24735363145139488,0.031840702082836916,-0.2555098704085737,No
-0.6695392683794691,-0.6695392683794691,-0.6695392683794691,0.5347042039428055,0.5347042039428055,0.5347042039428055,No
0.07748809162565778,0.07748809162565778,0.3762990356277085,-0.9738863016371002,-1.045723944759953,-1.4767498034970687,No
-0.3707283243774183,-0.5201337963784437,-0.5201337963784437,-3.12901559532268,-3.12901559532268,-3.2008532384455326,No
0.5257045076287339,0.5257045076287339,0.3762990356277085,-3.344528524691238,-3.12901559532268,-3.12901559532268,No
2.169164699640013,2.0197592276389873,2.0197592276389873,-0.2555098704085737,-0.1118345841628684,0.031840702082836916,No
-0.3707283243774183,-0.3707283243774183,-0.3707283243774183,0.7502171333113634,0.6783794901885108,0.6065418470656582,No
-0.8189447403804944,-0.8189447403804944,-0.8189447403804944,0.6783794901885108,0.6065418470656582,0.5347042039428055,No
0.6751099796297593,0.8245154516307847,0.8245154516307847,-0.1118345841628684,-0.3273475135314264,-0.399185156654279,No
0.07748809162565778,-0.07191738037536759,-0.07191738037536759,0.8220547764342161,0.7502171333113634,0.6783794901885108,No
-1.1177556843825451,-1.2671611563835707,-1.2671611563835707,-2.841665022831269,-2.841665022831269,-2.841665022831269,No
0.5257045076287339,0.6751099796297593,0.9739209236318099,-1.1893992310056583,-1.9077756622341848,-2.626152093462711,No
-0.5201337963784437,-0.3707283243774183,-0.22132285237639296,0.24735363145139488,0.46286656081995287,0.6065418470656582,No
1.422137339634886,1.422137339634886,1.2727318676338606,-1.9077756622341848,-1.261236874128511,-0.6146980860228369,No
0.6751099796297593,0.8245154516307847,0.9739209236318099,0.8220547764342161,0.7502171333113634,0.24735363145139488,No
0.6751099796297593,0.6751099796297593,0.6751099796297593,-0.5428604428999844,-0.6865357291456896,-0.6146980860228369,No
2.4679756436420637,2.617381115643089,2.766786587644114,-1.4767498034970687,-1.5485874466199214,-1.4767498034970687,No
-0.3707283243774183,-0.22132285237639296,-0.07191738037536759,-0.5428604428999844,-1.045723944759953,-1.4767498034970687,No
0.22689356362668314,0.07748809162565778,-0.07191738037536759,-4.49393081465688,-4.350255528411175,-4.278417885288323,No
-0.6695392683794691,-0.6695392683794691,-0.6695392683794691,0.6065418470656582,0.6783794901885108,0.6783794901885108,No
-0.6695392683794691,-0.3707283243774183,-0.22132285237639296,-0.3273475135314264,-0.3273475135314264,-0.3273475135314264,No
0.5257045076287339,0.5257045076287339,0.6751099796297593,0.8220547764342161,0.46286656081995287,0.031840702082836916,No
0.8245154516307847,0.8245154516307847,0.8245154516307847,-1.6922627328656268,-1.404912160374216,-1.1175615878828056,No
2.318570171641038,2.318570171641038,2.318570171641038,-2.1951262347255955,-1.9796133053570375,-1.8359380191113321,No
-0.07191738037536759,-0.07191738037536759,-0.07191738037536759,-1.9796133053570375,-2.05145094847989,-2.123288591602743,No
0.22689356362668314,0.22689356362668314,0.22689356362668314,-1.261236874128511,-1.404912160374216,-1.404912160374216,No
1.1233263956328354,0.9739209236318099,0.9739209236318099,-0.399185156654279,-0.4710227997771317,-0.2555098704085737,No
0.8245154516307847,0.8245154516307847,0.8245154516307847,-0.5428604428999844,-0.03999694104001574,0.3910289176971002,No
0.8245154516307847,0.8245154516307847,0.6751099796297593,-0.6146980860228369,-0.2555098704085737,0.17551598832854223,No
1.422137339634886,1.2727318676338606,1.1233263956328354,0.24735363145139488,0.3191912745742475,0.46286656081995287,No
-1.1177556843825451,-1.1177556843825451,-1.2671611563835707,-3.2726908815683853,-3.344528524691238,-3.2726908815683853,No
-1.5659721003856213,-1.7153775723866467,-1.864783044387672,-0.5428604428999844,-0.3273475135314264,-0.3273475135314264,No
0.5257045076287339,0.8245154516307847,1.1233263956328354,-1.6922627328656268,-2.410639164094153,-3.0571779521998272,No
-0.22132285237639296,-0.3707283243774183,-0.5201337963784437,0.17551598832854223,0.17551598832854223,0.10367834520568957,No
0.9739209236318099,0.8245154516307847,0.8245154516307847,0.8220547764342161,0.8220547764342161,0.8220547764342161,No
1.7209482836369367,1.8703537556379621,2.0197592276389873,-0.18367222728572105,-0.4710227997771317,-0.6865357291456896,No
-0.6695392683794691,-0.8189447403804944,-0.9683502123815197,0.6065418470656582,0.6065418470656582,0.5347042039428055,No
-1.7153775723866467,-1.7153775723866467,-1.7153775723866467,0.10367834520568957,0.10367834520568957,0.17551598832854223,No
0.9739209236318099,1.2727318676338606,1.2727318676338606,-1.6922627328656268,-2.266963877848448,-2.1951262347255955,No
0.07748809162565778,0.07748809162565778,0.07748809162565778,0.6783794901885108,0.6783794901885108,0.6065418470656582,No
0.22689356362668314,0.3762990356277085,0.5257045076287339,-1.1175615878828056,-1.1175615878828056,-1.045723944759953,No
0.5257045076287339,0.3762990356277085,0.22689356362668314,0.3191912745742475,0.24735363145139488,0.24735363145139488,No
1.2727318676338606,1.1233263956328354,1.1233263956328354,-1.4767498034970687,-0.9738863016371002,-0.399185156654279,No
0.6751099796297593,0.6751099796297593,0.6751099796297593,0.6783794901885108,0.6783794901885108,0.7502171333113634,No
-0.8189447403804944,-0.8189447403804944,-0.9683502123815197,0.3191912745742475,0.24735363145139488,0.24735363145139488,No
0.07748809162565778,0.07748809162565778,0.07748809162565778,0.8938924195570688,0.8220547764342161,0.8220547764342161,No
-0.5201337963784437,-0.3707283243774183,-0.3707283243774183,0.6783794901885108,0.6783794901885108,0.6065418470656582,No
1.1233263956328354,1.2727318676338606,1.2727318676338606,-2.123288591602743,-2.123288591602743,-2.05145094847989,No
1.422137339634886,1.2727318676338606,1.1233263956328354,-0.4710227997771317,-0.03999694104001574,0.031840702082836916,No
0.8245154516307847,0.8245154516307847,0.8245154516307847,0.6783794901885108,0.6065418470656582,0.46286656081995287,No
-0.5201337963784437,-0.3707283243774183,-0.07191738037536759,0.031840702082836916,0.10367834520568957,0.17551598832854223,No
-1.416566628384596,-1.5659721003856213,-1.5659721003856213,0.031840702082836916,0.10367834520568957,0.10367834520568957,No
1.8703537556379621,1.7209482836369367,1.5715428116359114,-0.7583733722685423,-0.1118345841628684,0.031840702082836916,No
-0.6695392683794691,-0.6695392683794691,-0.6695392683794691,-0.3273475135314264,-0.3273475135314264,-0.399185156654279,No
-0.07191738037536759,-0.07191738037536759,-0.22132285237639296,-0.9020486585142475,-0.7583733722685423,-0.6865357291456896,No
-0.6695392683794691,-0.6695392683794691,-0.6695392683794691,0.3910289176971002,0.3910289176971002,0.3910289176971002,No
0.22689356362668314,0.22689356362668314,0.3762990356277085,-2.410639164094153,-2.266963877848448,-2.123288591602743,No
-0.6695392683794691,-0.5201337963784437,-0.22132285237639296,-1.3330745172513636,-1.1175615878828056,-0.830211015391395,No
0.07748809162565778,0.07748809162565778,0.07748809162565778,0.7502171333113634,0.7502171333113634,0.7502171333113634,No
-1.1177556843825451,-1.1177556843825451,-1.1177556843825451,0.10367834520568957,0.10367834520568957,0.17551598832854223,No
1.1233263956328354,1.1233263956328354,1.1233263956328354,0.3191912745742475,0.24735363145139488,0.24735363145139488,No
1.422137339634886,1.422137339634886,1.422137339634886,0.5347042039428055,0.46286656081995287,0.3910289176971002,No
1.422137339634886,1.5715428116359114,1.7209482836369367,0.24735363145139488,-0.03999694104001574,-0.4710227997771317,No
-0.5201337963784437,-0.3707283243774183,-0.3707283243774183,-0.830211015391395,-0.6865357291456896,-0.5428604428999844,No
0.3762990356277085,0.22689356362668314,0.22689356362668314,-0.7583733722685423,-0.6865357291456896,-0.5428604428999844,No
-1.864783044387672,-1.7153775723866467,-1.7153775723866467,-0.2555098704085737,-0.5428604428999844,-0.7583733722685423,No
-0.22132285237639296,-0.22132285237639296,-0.22132285237639296,-1.9077756622341848,-2.123288591602743,-2.338801520971301,No
1.2727318676338606,1.2727318676338606,1.2727318676338606,0.3910289176971002,0.3191912745742475,0.17551598832854223,No
0.6751099796297593,0.6751099796297593,0.6751099796297593,-3.2008532384455326,-3.6318790971826487,-3.703716740305501,No
0.5257045076287339,0.8245154516307847,0.8245154516307847,-1.7641003759884795,-1.9077756622341848,-2.05145094847989,No
-1.1177556843825451,-1.2671611563835707,-1.416566628384596,-0.9020486585142475,-0.9020486585142475,-0.6865357291456896,No
-1.416566628384596,-1.416566628384596,-1.416566628384596,-0.3273475135314264,-0.3273475135314264,-0.2555098704085737,No
-0.07191738037536759,-0.3707283243774183,-0.5201337963784437,0.3191912745742475,0.24735363145139488,0.24735363145139488,No
-1.416566628384596,-1.2671611563835707,-1.2671611563835707,-0.7583733722685423,-1.1175615878828056,-1.404912160374216,No
1.422137339634886,1.2727318676338606,1.1233263956328354,-1.1893992310056583,-0.830211015391395,-0.5428604428999844,No
0.8245154516307847,0.8245154516307847,0.6751099796297593,0.6783794901885108,0.7502171333113634,0.8938924195570688,No
2.617381115643089,2.617381115643089,2.4679756436420637,-2.1951262347255955,-1.7641003759884795,-1.261236874128511,No
1.422137339634886,1.422137339634886,1.2727318676338606,0.8220547764342161,0.8220547764342161,0.8938924195570688,No
0.6751099796297593,0.6751099796297593,0.8245154516307847,0.46286656081995287,0.24735363145139488,0.031840702082836916,No
0.22689356362668314,0.22689356362668314,0.07748809162565778,-0.9020486585142475,-0.830211015391395,-0.6146980860228369,No
-1.7153775723866467,-1.7153775723866467,-1.5659721003856213,-0.03999694104001574,0.10367834520568957,0.24735363145139488,No
1.422137339634886,1.7209482836369367,1.8703537556379621,-1.261236874128511,-2.05145094847989,-2.841665022831269,No
2.0197592276389873,2.0197592276389873,1.8703537556379621,-0.9020486585142475,-0.830211015391395,-0.6865357291456896,No
-0.22132285237639296,-0.22132285237639296,-0.5201337963784437,-0.7583733722685423,-0.4710227997771317,-0.399185156654279,No
2.318570171641038,2.4679756436420637,2.617381115643089,-1.1893992310056583,-1.7641003759884795,-1.8359380191113321,No
0.6751099796297593,0.3762990356277085,0.3762990356277085,-1.261236874128511,-0.6865357291456896,-0.5428604428999844,No
0.07748809162565778,0.07748809162565778,0.07748809162565778,0.8220547764342161,0.7502171333113634,0.7502171333113634,No
1.1233263956328354,0.9739209236318099,0.9739209236318099,-0.830211015391395,-0.7583733722685423,-0.6146980860228369,No
-0.3707283243774183,-0.22132285237639296,-0.22132285237639296,-0.3273475135314264,-0.18367222728572105,-0.03999694104001574,No
1.422137339634886,1.2727318676338606,1.2727318676338606,-2.482476807217006,-2.123288591602743,-1.8359380191113321,No
2.4679756436420637,2.4679756436420637,2.4679756436420637,-3.12901559532268,-3.2726908815683853,-3.2008532384455326,No
2.318570171641038,2.169164699640013,1.8703537556379621,-2.05145094847989,-1.4767498034970687,-0.9020486585142475,No
-0.3707283243774183,-0.3707283243774183,-0.3707283243774183,-0.2555098704085737,-0.3273475135314264,-0.3273475135314264,No
0.22689356362668314,0.22689356362668314,0.22689356362668314,0.46286656081995287,0.5347042039428055,0.5347042039428055,No
0.07748809162565778,0.07748809162565778,0.07748809162565778,-0.7583733722685423,-0.9020486585142475,-0.9738863016371002,No
0.22689356362668314,0.22689356362668314,0.22689356362668314,0.6783794901885108,0.6783794901885108,0.6065418470656582,No
0.5257045076287339,0.5257045076287339,0.5257045076287339,0.3910289176971002,0.24735363145139488,0.17551598832854223,No
-0.5201337963784437,-0.5201337963784437,-0.5201337963784437,0.9657300626799215,0.9657300626799215,0.9657300626799215,No
-0.8189447403804944,-0.8189447403804944,-0.6695392683794691,0.031840702082836916,0.10367834520568957,0.10367834520568957,No
1.5715428116359114,1.7209482836369367,1.5715428116359114,-0.2555098704085737,0.031840702082836916,0.3910289176971002,No
-1.416566628384596,-1.2671611563835707,-1.2671611563835707,-0.4710227997771317,-0.6865357291456896,-0.9020486585142475,No
-1.2671611563835707,-1.2671611563835707,-1.2671611563835707,0.031840702082836916,0.10367834520568957,0.24735363145139488,No
-0.3707283243774183,-0.3707283243774183,-0.22132285237639296,0.3191912745742475,0.24735363145139488,0.24735363145139488,No
0.6751099796297593,0.5257045076287339,0.5257045076287339,-1.045723944759953,-1.045723944759953,-0.9738863016371002,No
-0.6695392683794691,-0.6695392683794691,-0.6695392683794691,-0.18367222728572105,-0.03999694104001574,0.031840702082836916,No
-0.6695392683794691,-0.6695392683794691,-0.6695392683794691,-0.399185156654279,-0.399185156654279,-0.6146980860228369,No
1.5715428116359114,1.5715428116359114,1.5715428116359114,0.6065418470656582,0.6065418470656582,0.6783794901885108,No
0.8245154516307847,0.6751099796297593,0.5257045076287339,-0.7583733722685423,-0.5428604428999844,-0.3273475135314264,No
0.5257045076287339,0.6751099796297593,0.5257045076287339,0.8220547764342161,0.8220547764342161,0.8220547764342161,No
-0.3707283243774183,-0.5201337963784437,-0.5201337963784437,0.3191912745742475,0.3191912745742475,0.24735363145139488,No
-0.8189447403804944,-0.8189447403804944,-0.9683502123815197,0.46286656081995287,0.6065418470656582,0.5347042039428055,No
2.9161920596451396,3.0655975316461648,3.0655975316461648,-2.913502665954122,-3.0571779521998272,-2.7698273797084165,No
-0.8189447403804944,-0.8189447403804944,-0.9683502123815197,-0.18367222728572105,-0.1118345841628684,-0.03999694104001574,No
0.22689356362668314,0.22689356362668314,0.07748809162565778,0.6065418470656582,0.46286656081995287,0.3910289176971002,No
1.7209482836369367,1.7209482836369367,1.8703537556379621,0.031840702082836916,-0.5428604428999844,-1.1893992310056583,No
-0.6695392683794691,-0.5201337963784437,-0.3707283243774183,-0.6865357291456896,-0.9020486585142475,-1.1175615878828056,No
2.617381115643089,2.617381115643089,2.617381115643089,-3.4163661678140906,-3.2008532384455326,-3.0571779521998272,No
1.2727318676338606,1.1233263956328354,0.9739209236318099,0.17551598832854223,0.24735363145139488,0.24735363145139488,No
1.2727318676338606,1.1233263956328354,0.9739209236318099,-1.1175615878828056,-0.6865357291456896,-0.2555098704085737,No
2.766786587644114,2.617381115643089,2.4679756436420637,-2.410639164094153,-1.7641003759884795,-1.5485874466199214,No
0.6751099796297593,0.3762990356277085,0.3762990356277085,-1.404912160374216,-0.7583733722685423,-0.03999694104001574,No
2.4679756436420637,2.4679756436420637,2.4679756436420637,-1.6922627328656268,-1.6922627328656268,-1.620425089742774,No
0.9739209236318099,0.9739209236318099,1.1233263956328354,0.17551598832854223,0.031840702082836916,-0.1118345841628684,No
-0.3707283243774183,-0.3707283243774183,-0.5201337963784437,0.8220547764342161,0.8938924195570688,0.8220547764342161,No
0.3762990356277085,0.3762990356277085,0.3762990356277085,0.031840702082836916,-0.03999694104001574,-0.1118345841628684,No
-0.6695392683794691,-0.6695392683794691,-0.6695392683794691,-0.830211015391395,-0.6146980860228369,-0.399185156654279,No
0.07748809162565778,0.22689356362668314,0.22689356362668314,0.6783794901885108,0.5347042039428055,0.3191912745742475,No
2.169164699640013,2.169164699640013,2.0197592276389873,-1.404912160374216,-1.3330745172513636,-1.3330745172513636,No
-0.3707283243774183,-0.22132285237639296,-0.22132285237639296,0.5347042039428055,0.46286656081995287,0.46286656081995287,No
-0.07191738037536759,-0.07191738037536759,-0.07191738037536759,0.7502171333113634,0.7502171333113634,0.8220547764342161,No
-0.8189447403804944,-0.8189447403804944,-0.8189447403804944,-0.2555098704085737,-0.1118345841628684,-0.03999694104001574,No
-0.9683502123815197,-0.9683502123815197,-0.8189447403804944,0.24735363145139488,0.17551598832854223,0.10367834520568957,No
-0.9683502123815197,-0.9683502123815197,-1.1177556843825451,-1.404912160374216,-1.5485874466199214,-1.6922627328656268,No
-0.9683502123815197,-0.6695392683794691,-0.5201337963784437,-1.9796133053570375,-2.266963877848448,-2.482476807217006,No
-0.07191738037536759,-0.07191738037536759,-0.07191738037536759,0.6783794901885108,0.6783794901885108,0.6783794901885108,No
1.1233263956328354,0.9739209236318099,0.8245154516307847,0.5347042039428055,0.7502171333113634,0.6783794901885108,No
-1.5659721003856213,-1.5659721003856213,-1.5659721003856213,-0.3273475135314264,-0.3273475135314264,-0.399185156654279,No
0.6751099796297593,0.8245154516307847,0.9739209236318099,-0.4710227997771317,-0.9020486585142475,-1.1175615878828056,No
1.422137339634886,1.422137339634886,1.5715428116359114,-0.2555098704085737,-0.4710227997771317,-0.6146980860228369,No
1.8703537556379621,1.7209482836369367,1.7209482836369367,-2.338801520971301,-1.7641003759884795,-1.1893992310056583,No
-0.5201337963784437,-0.6695392683794691,-0.6695392683794691,0.6783794901885108,0.6783794901885108,0.6783794901885108,No
1.8703537556379621,1.7209482836369367,1.5715428116359114,-1.9077756622341848,-1.404912160374216,-0.9020486585142475,No
1.7209482836369367,1.8703537556379621,2.169164699640013,-0.399185156654279,-0.9738863016371002,-1.5485874466199214,No
0.07748809162565778,0.07748809162565778,0.07748809162565778,0.6065418470656582,0.6065418470656582,0.6783794901885108,No
-1.1177556843825451,-1.2671611563835707,-1.416566628384596,-1.3330745172513636,-1.1893992310056583,-1.045723944759953,No
0.3762990356277085,0.3762990356277085,-0.07191738037536759,0.6065418470656582,0.5347042039428055,0.5347042039428055,No
-0.22132285237639296,-0.22132285237639296,-0.22132285237639296,-1.1175615878828056,-1.261236874128511,-1.3330745172513636,No
2.0197592276389873,1.8703537556379621,1.8703537556379621,-0.399185156654279,0.10367834520568957,0.17551598832854223,No
-0.22132285237639296,-0.07191738037536759,-0.07191738037536759,-0.03999694104001574,-0.2555098704085737,-0.4710227997771317,No
1.2727318676338606,1.422137339634886,1.422137339634886,0.6065418470656582,0.5347042039428055,0.3910289176971002,No
1.2727318676338606,1.1233263956328354,1.1233263956328354,0.6065418470656582,0.8220547764342161,0.8220547764342161,No
-0.6695392683794691,-0.5201337963784437,-0.5201337963784437,0.031840702082836916,0.031840702082836916,-0.1118345841628684,No
2.318570171641038,2.169164699640013,2.0197592276389873,-0.4710227997771317,-0.2555098704085737,-0.1118345841628684,No
0.8245154516307847,1.2727318676338606,1.5715428116359114,-0.03999694104001574,-0.4710227997771317,-1.1175615878828056,No
-0.22132285237639296,-0.3707283243774183,-0.22132285237639296,-1.3330745172513636,-0.7583733722685423,-0.18367222728572105,No
1.2727318676338606,1.422137339634886,1.5715428116359114,0.3910289176971002,0.3191912745742475,0.24735363145139488,No
-1.5659721003856213,-1.7153775723866467,-1.7153775723866467,-0.9020486585142475,-0.9738863016371002,-1.045723944759953,No
0.3762990356277085,0.3762990356277085,0.22689356362668314,0.46286656081995287,0.3191912745742475,0.24735363145139488,No
2.0197592276389873,2.169164699640013,2.318570171641038,-0.399185156654279,-1.045723944759953,-1.620425089742774,No
0.5257045076287339,0.8245154516307847,1.1233263956328354,0.3191912745742475,0.10367834520568957,-0.399185156654279,No
1.2727318676338606,1.1233263956328354,0.9739209236318099,0.8220547764342161,0.8220547764342161,0.8938924195570688,No
0.07748809162565778,-0.07191738037536759,-0.07191738037536759,-1.1893992310056583,-1.1893992310056583,-1.1893992310056583,No
-2.0141885163886974,-2.1635939883897226,-2.1635939883897226,0.6065418470656582,0.5347042039428055,0.46286656081995287,No
1.5715428116359114,1.422137339634886,1.2727318676338606,-1.404912160374216,-0.7583733722685423,-0.18367222728572105,No
1.2727318676338606,1.1233263956328354,1.1233263956328354,-0.18367222728572105,-0.03999694104001574,0.031840702082836916,No
0.3762990356277085,0.3762990356277085,0.3762990356277085,0.7502171333113634,0.8220547764342161,0.8220547764342161,No
2.766786587644114,2.9161920596451396,2.9161920596451396,-2.9853403090769746,-2.841665022831269,-2.697989736585564,No
-0.5201337963784437,-0.5201337963784437,-0.5201337963784437,-0.6865357291456896,-0.6865357291456896,-0.6146980860228369,No
2.169164699640013,2.0197592276389873,1.8703537556379621,0.24735363145139488,0.3191912745742475,0.3910289176971002,No
-0.3707283243774183,-0.5201337963784437,-0.5201337963784437,0.3910289176971002,0.46286656081995287,0.5347042039428055,No
1.8703537556379621,2.0197592276389873,2.318570171641038,-1.9796133053570375,-2.7698273797084165,-2.9853403090769746,No
-1.416566628384596,-1.416566628384596,-1.416566628384596,-1.404912160374216,-1.404912160374216,-1.3330745172513636,No
0.07748809162565778,0.07748809162565778,-0.07191738037536759,0.5347042039428055,0.5347042039428055,0.5347042039428055,No
-0.3707283243774183,-0.3707283243774183,-0.5201337963784437,-1.045723944759953,-1.1175615878828056,-1.1893992310056583,No
1.7209482836369367,1.8703537556379621,1.8703537556379621,-1.404912160374216,-1.3330745172513636,-1.3330745172513636,No
-0.6695392683794691,-0.8189447403804944,-0.8189447403804944,-2.05145094847989,-1.9796133053570375,-1.8359380191113321,No
0.6751099796297593,0.8245154516307847,0.8245154516307847,-0.4710227997771317,-0.6146980860228369,-0.6865357291456896,No
1.1233263956328354,1.1233263956328354,1.1233263956328354,0.6065418470656582,0.3191912745742475,-0.03999694104001574,No
-0.3707283243774183,-0.5201337963784437,-0.5201337963784437,-0.9020486585142475,-0.830211015391395,-0.830211015391395,No
0.3762990356277085,0.6751099796297593,0.9739209236318099,0.10367834520568957,-0.830211015391395,-1.7641003759884795,No
2.318570171641038,2.4679756436420637,2.617381115643089,-2.913502665954122,-2.913502665954122,-2.9853403090769746,No
1.1233263956328354,0.9739209236318099,0.9739209236318099,0.6065418470656582,0.6783794901885108,0.5347042039428055,No
1.2727318676338606,1.1233263956328354,1.1233263956328354,-0.3273475135314264,-0.03999694104001574,0.24735363145139488,No
-0.22132285237639296,-0.22132285237639296,-0.3707283243774183,-0.830211015391395,-0.9020486585142475,-0.9738863016371002,No
-1.416566628384596,-1.416566628384596,-1.416566628384596,0.5347042039428055,0.6065418470656582,0.6065418470656582,No
2.0197592276389873,2.169164699640013,2.169164699640013,-1.9796133053570375,-2.05145094847989,-2.05145094847989,No
2.0197592276389873,2.0197592276389873,1.8703537556379621,-1.6922627328656268,-1.4767498034970687,-0.9020486585142475,No
-1.5659721003856213,-1.5659721003856213,-1.5659721003856213,0.3910289176971002,0.3910289176971002,0.3910289176971002,No
1.7209482836369367,1.8703537556379621,1.8703537556379621,-1.1893992310056583,-1.9077756622341848,-1.9796133053570375,No
0.22689356362668314,0.3762990356277085,0.3762990356277085,-1.8359380191113321,-1.8359380191113321,-1.8359380191113321,No
0.5257045076287339,0.3762990356277085,0.22689356362668314,0.7502171333113634,0.7502171333113634,0.8220547764342161,No
0.9739209236318099,0.9739209236318099,0.8245154516307847,0.8220547764342161,0.8220547764342161,0.8938924195570688,No
0.22689356362668314,0.07748809162565778,0.07748809162565778,0.6783794901885108,0.6065418470656582,0.5347042039428055,No
-0.5201337963784437,-0.5201337963784437,-0.5201337963784437,0.10367834520568957,0.031840702082836916,-0.03999694104001574,No
2.169164699640013,2.318570171641038,2.4679756436420637,-1.5485874466199214,-1.620425089742774,-1.6922627328656268,No
-0.22132285237639296,-0.07191738037536759,0.07748809162565778,0.3910289176971002,0.031840702082836916,-0.399185156654279,No
0.07748809162565778,0.07748809162565778,0.07748809162565778,0.8938924195570688,0.8938924195570688,0.8938924195570688,No
0.8245154516307847,0.8245154516307847,0.6751099796297593,0.17551598832854223,0.24735363145139488,0.3191912745742475,No
1.2727318676338606,1.2727318676338606,1.1233263956328354,-1.404912160374216,-0.9738863016371002,-0.6146980860228369,No
0.07748809162565778,0.22689356362668314,0.22689356362668314,0.8220547764342161,0.7502171333113634,0.3910289176971002,No
0.9739209236318099,0.9739209236318099,0.8245154516307847,0.3910289176971002,0.46286656081995287,0.46286656081995287,No
2.0197592276389873,1.7209482836369367,1.7209482836369367,-0.6146980860228369,-0.3273475135314264,-0.03999694104001574,No
0.3762990356277085,0.3762990356277085,0.5257045076287339,-0.03999694104001574,-0.4710227997771317,-0.9738863016371002,No
0.6751099796297593,0.5257045076287339,0.5257045076287339,0.17551598832854223,0.3191912745742475,0.3191912745742475,No
0.22689356362668314,0.22689356362668314,0.22689356362668314,0.24735363145139488,0.24735363145139488,0.10367834520568957,No
0.3762990356277085,0.3762990356277085,0.3762990356277085,0.3191912745742475,0.5347042039428055,0.5347042039428055,No
1.7209482836369367,1.7209482836369367,1.7209482836369367,0.5347042039428055,0.6065418470656582,0.6783794901885108,No
-1.1177556843825451,-1.1177556843825451,-1.1177556843825451,-0.6146980860228369,-0.9020486585142475,-1.261236874128511,No
-1.416566628384596,-1.416566628384596,-1.416566628384596,-0.399185156654279,-0.4710227997771317,-0.4710227997771317,No
-1.864783044387672,-1.7153775723866467,-1.7153775723866467,0.46286656081995287,0.3191912745742475,0.17551598832854223,No
2.617381115643089,2.4679756436420637,2.318570171641038,-1.3330745172513636,-0.7583733722685423,-0.2555098704085737,No
0.9739209236318099,1.2727318676338606,1.2727318676338606,0.10367834520568957,0.031840702082836916,-0.03999694104001574,No
-1.1177556843825451,-0.9683502123815197,-0.9683502123815197,-1.261236874128511,-1.4767498034970687,-1.620425089742774,No
2.0197592276389873,2.4679756436420637,2.766786587644114,-1.404912160374216,-2.05145094847989,-2.697989736585564,No
0.22689356362668314,0.07748809162565778,0.22689356362668314,0.3910289176971002,0.3910289176971002,0.3191912745742475,No
-1.2671611563835707,-1.2671611563835707,-1.2671611563835707,-0.5428604428999844,-0.399185156654279,-0.2555098704085737,No
-0.22132285237639296,-0.07191738037536759,0.07748809162565778,-2.7698273797084165,-3.0571779521998272,-3.344528524691238,No
1.7209482836369367,1.5715428116359114,1.422137339634886,0.46286656081995287,0.6065418470656582,0.7502171333113634,No
2.318570171641038,2.169164699640013,2.0197592276389873,0.3191912745742475,0.3191912745742475,0.3910289176971002,No
0.9739209236318099,0.9739209236318099,0.8245154516307847,-0.18367222728572105,0.031840702082836916,0.3191912745742475,No
2.617381115643089,2.4679756436420637,2.318570171641038,-0.6865357291456896,-0.3273475135314264,-0.18367222728572105,No
1.5715428116359114,1.422137339634886,1.422137339634886,0.46286656081995287,0.5347042039428055,0.3191912745742475,No
-0.3707283243774183,-0.5201337963784437,-0.5201337963784437,0.6783794901885108,0.6065418470656582,0.5347042039428055,No
-0.22132285237639296,-0.07191738037536759,0.3762990356277085,-0.2555098704085737,-0.4710227997771317,-0.9738863016371002,No
1.422137339634886,1.422137339634886,1.422137339634886,0.10367834520568957,0.10367834520568957,-0.2555098704085737,No
2.169164699640013,2.318570171641038,2.4679756436420637,-1.5485874466199214,-1.620425089742774,-1.4767498034970687,No
0.07748809162565778,0.22689356362668314,0.22689356362668314,-1.4767498034970687,-2.1951262347255955,-2.123288591602743,No
0.3762990356277085,0.5257045076287339,0.6751099796297593,-0.5428604428999844,-0.830211015391395,-1.1175615878828056,No
-1.1177556843825451,-1.1177556843825451,-1.1177556843825451,-2.410639164094153,-2.482476807217006,-2.5543144503398585,No
0.9739209236318099,0.9739209236318099,0.9739209236318099,-0.9738863016371002,-0.7583733722685423,-0.5428604428999844,No
-0.6695392683794691,-0.5201337963784437,-0.5201337963784437,0.031840702082836916,0.031840702082836916,-0.03999694104001574,No
1.1233263956328354,1.1233263956328354,1.1233263956328354,0.6065418470656582,0.6065418470656582,0.46286656081995287,No
-0.3707283243774183,-0.22132285237639296,-0.07191738037536759,0.10367834520568957,0.031840702082836916,-0.03999694104001574,No
-2.761215876393824,-2.761215876393824,-2.9106213483948498,-0.18367222728572105,-0.1118345841628684,-0.03999694104001574,No
1.2727318676338606,1.2727318676338606,1.422137339634886,0.7502171333113634,0.7502171333113634,0.6783794901885108,No
-1.1177556843825451,-1.1177556843825451,-1.2671611563835707,-0.2555098704085737,-0.2555098704085737,-0.2555098704085737,No
1.422137339634886,1.2727318676338606,1.1233263956328354,0.46286656081995287,0.5347042039428055,0.6065418470656582,No
-1.864783044387672,-1.864783044387672,-1.864783044387672,0.17551598832854223,0.17551598832854223,0.17551598832854223,No
-0.9683502123815197,-0.9683502123815197,-0.9683502123815197,-2.1951262347255955,-2.1951262347255955,-2.410639164094153,No
1.2727318676338606,1.422137339634886,1.422137339634886,0.5347042039428055,0.46286656081995287,0.46286656081995287,No
-0.22132285237639296,-0.22132285237639296,-0.07191738037536759,-2.266963877848448,-2.266963877848448,-2.266963877848448,No
3.0655975316461648,3.0655975316461648,3.0655975316461648,-2.266963877848448,-2.338801520971301,-2.123288591602743,No
-0.9683502123815197,-0.8189447403804944,-0.6695392683794691,-2.913502665954122,-2.9853403090769746,-3.0571779521998272,No
0.22689356362668314,0.07748809162565778,0.07748809162565778,0.46286656081995287,0.46286656081995287,0.46286656081995287,No
1.5715428116359114,1.422137339634886,1.2727318676338606,-1.4767498034970687,-1.045723944759953,-0.6865357291456896,No
-1.1177556843825451,-0.9683502123815197,-0.9683502123815197,0.10367834520568957,0.10367834520568957,0.031840702082836916,No
-0.8189447403804944,-0.8189447403804944,-0.8189447403804944,0.5347042039428055,0.5347042039428055,0.46286656081995287,No
-0.3707283243774183,-0.5201337963784437,-0.5201337963784437,-2.1951262347255955,-1.9077756622341848,-1.6922627328656268,No
0.6751099796297593,0.5257045076287339,0.3762990356277085,-0.18367222728572105,0.17551598832854223,0.5347042039428055,No
-0.07191738037536759,-0.07191738037536759,-0.22132285237639296,0.10367834520568957,0.24735363145139488,0.46286656081995287,No
-1.7153775723866467,-1.5659721003856213,-1.416566628384596,-0.9738863016371002,-1.1893992310056583,-1.404912160374216,No
-1.2671611563835707,-1.2671611563835707,-1.2671611563835707,0.6065418470656582,0.5347042039428055,0.46286656081995287,No
1.8703537556379621,1.8703537556379621,1.8703537556379621,0.3191912745742475,0.3191912745742475,0.031840702082836916,No
0.3762990356277085,0.5257045076287339,0.5257045076287339,0.6783794901885108,0.5347042039428055,0.3910289176971002,No
1.7209482836369367,2.0197592276389873,2.169164699640013,-0.6865357291456896,-1.4767498034970687,-2.338801520971301,No
0.6751099796297593,0.9739209236318099,1.1233263956328354,-1.7641003759884795,-2.266963877848448,-2.841665022831269,No
0.8245154516307847,0.8245154516307847,0.6751099796297593,0.46286656081995287,0.46286656081995287,0.46286656081995287,No
2.318570171641038,2.318570171641038,2.169164699640013,-2.482476807217006,-2.266963877848448,-1.404912160374216,No
1.5715428116359114,1.5715428116359114,1.5715428116359114,-3.2008532384455326,-3.344528524691238,-3.12901559532268,No
-1.2671611563835707,-1.416566628384596,-1.416566628384596,-0.6865357291456896,-0.7583733722685423,-0.830211015391395,No
1.1233263956328354,0.9739209236318099,0.8245154516307847,-0.3273475135314264,-0.18367222728572105,-0.1118345841628684,No
0.22689356362668314,0.22689356362668314,0.22689356362668314,0.17551598832854223,0.3910289176971002,0.5347042039428055,No
0.6751099796297593,0.9739209236318099,1.2727318676338606,-1.7641003759884795,-2.1951262347255955,-2.697989736585564,No
0.3762990356277085,0.3762990356277085,0.3762990356277085,0.7502171333113634,0.6783794901885108,0.6065418470656582,No
0.3762990356277085,0.07748809162565778,0.07748809162565778,-0.1118345841628684,0.031840702082836916,0.17551598832854223,No
1.5715428116359114,1.7209482836369367,1.8703537556379621,-1.404912160374216,-1.6922627328656268,-1.9796133053570375,No
-0.5201337963784437,-0.5201337963784437,-0.5201337963784437,0.24735363145139488,0.3910289176971002,0.5347042039428055,No
0.22689356362668314,0.07748809162565778,0.07748809162565778,0.7502171333113634,0.6783794901885108,0.6783794901885108,No
1.1233263956328354,0.8245154516307847,0.6751099796297593,0.17551598832854223,0.3910289176971002,0.46286656081995287,No
-0.5201337963784437,-0.5201337963784437,-0.5201337963784437,0.3910289176971002,0.3191912745742475,0.3191912745742475,No
-0.3707283243774183,-0.3707283243774183,-0.3707283243774183,0.5347042039428055,0.46286656081995287,0.46286656081995287,No
1.7209482836369367,1.5715428116359114,1.5715428116359114,-0.18367222728572105,-0.1118345841628684,-0.03999694104001574,No
-1.2671611563835707,-1.2671611563835707,-1.2671611563835707,-1.7641003759884795,-1.6922627328656268,-1.6922627328656268,No
1.5715428116359114,1.5715428116359114,1.422137339634886,-2.1951262347255955,-1.7641003759884795,-1.3330745172513636,No
-1.7153775723866467,-1.7153775723866467,-1.5659721003856213,-1.3330745172513636,-1.1175615878828056,-0.9020486585142475,No
2.169164699640013,2.0197592276389873,1.7209482836369367,-0.18367222728572105,-0.03999694104001574,0.17551598832854223,No
-0.3707283243774183,-0.3707283243774183,-0.3707283243774183,0.24735363145139488,0.17551598832854223,0.10367834520568957,No
-1.7153775723866467,-1.7153775723866467,-1.7153775723866467,-1.3330745172513636,-1.3330745172513636,-1.3330745172513636,No
1.2727318676338606,1.2727318676338606,1.2727318676338606,-2.626152093462711,-2.5543144503398585,-1.7641003759884795,No
-0.9683502123815197,-0.9683502123815197,-0.8189447403804944,0.46286656081995287,0.46286656081995287,0.3910289176971002,No
1.1233263956328354,1.422137339634886,1.5715428116359114,-3.12901559532268,-3.4882038109369433,-3.7755543834283536,No
-1.1177556843825451,-0.9683502123815197,-0.9683502123815197,-0.18367222728572105,-0.18367222728572105,0.10367834520568957,No
-0.22132285237639296,-0.22132285237639296,-0.3707283243774183,-0.18367222728572105,-0.1118345841628684,-0.1118345841628684,No
1.8703537556379621,1.8703537556379621,1.7209482836369367,0.6065418470656582,0.6065418470656582,0.6065418470656582,No
-0.3707283243774183,-0.3707283243774183,-0.3707283243774183,-0.1118345841628684,-0.1118345841628684,-0.03999694104001574,No
-0.3707283243774183,-0.22132285237639296,-0.22132285237639296,-2.626152093462711,-2.9853403090769746,-2.626152093462711,No
0.3762990356277085,0.3762990356277085,0.5257045076287339,0.6783794901885108,0.6065418470656582,0.5347042039428055,No
0.07748809162565778,-0.07191738037536759,-0.22132285237639296,0.3191912745742475,0.3910289176971002,0.3910289176971002,No
-0.22132285237639296,-0.3707283243774183,-0.3707283243774183,0.3910289176971002,0.3191912745742475,0.17551598832854223,No
-0.9683502123815197,-0.8189447403804944,-0.6695392683794691,-0.830211015391395,-1.045723944759953,-1.261236874128511,No
1.422137339634886,1.5715428116359114,1.422137339634886,-1.9796133053570375,-1.8359380191113321,-1.7641003759884795,No
0.5257045076287339,0.6751099796297593,0.8245154516307847,0.10367834520568957,-0.03999694104001574,-0.1118345841628684,No
2.318570171641038,2.318570171641038,2.4679756436420637,-2.1951262347255955,-2.410639164094153,-2.123288591602743,No
-0.07191738037536759,-0.07191738037536759,-0.07191738037536759,0.8938924195570688,0.8220547764342161,0.8220547764342161,No
-0.5201337963784437,-0.5201337963784437,-0.5201337963784437,0.031840702082836916,0.031840702082836916,0.031840702082836916,No
2.169164699640013,2.169164699640013,2.0197592276389873,-2.1951262347255955,-1.9077756622341848,-1.5485874466199214,No
0.3762990356277085,0.3762990356277085,0.3762990356277085,0.6783794901885108,0.6783794901885108,0.7502171333113634,No
-0.07191738037536759,0.07748809162565778,0.07748809162565778,-2.338801520971301,-2.410639164094153,-2.1951262347255955,No
-0.22132285237639296,0.07748809162565778,0.3762990356277085,-1.1175615878828056,-1.7641003759884795,-2.410639164094153,No
0.5257045076287339,0.5257045076287339,0.3762990356277085,-0.6146980860228369,-0.6146980860228369,-0.5428604428999844,No
0.3762990356277085,0.3762990356277085,0.3762990356277085,0.10367834520568957,0.10367834520568957,0.17551598832854223,No
1.8703537556379621,2.0197592276389873,2.0197592276389873,-2.482476807217006,-2.1951262347255955,-1.9077756622341848,No
-0.22132285237639296,-0.3707283243774183,-0.3707283243774183,-0.399185156654279,-0.4710227997771317,-0.4710227997771317,No
0.5257045076287339,0.5257045076287339,0.5257045076287339,0.46286656081995287,0.46286656081995287,0.3910289176971002,No
2.617381115643089,2.617381115643089,2.4679756436420637,-3.4882038109369433,-2.697989736585564,-1.9796133053570375,No
-0.22132285237639296,-0.22132285237639296,-0.22132285237639296,-0.18367222728572105,-0.1118345841628684,-0.18367222728572105,No
2.766786587644114,3.0655975316461648,3.2150030036471904,-1.7641003759884795,-2.123288591602743,-2.482476807217006,No
-0.3707283243774183,-0.3707283243774183,-0.3707283243774183,0.5347042039428055,0.5347042039428055,0.5347042039428055,No
-0.22132285237639296,-0.22132285237639296,-0.22132285237639296,0.3910289176971002,0.5347042039428055,0.6783794901885108,No
0.8245154516307847,0.8245154516307847,0.9739209236318099,-2.05145094847989,-1.9077756622341848,-1.7641003759884795,No
1.2727318676338606,1.1233263956328354,0.9739209236318099,0.10367834520568957,0.24735363145139488,0.46286656081995287,No
-1.864783044387672,-1.864783044387672,-1.864783044387672,0.6065418470656582,0.6065418470656582,0.6783794901885108,No
1.422137339634886,1.422137339634886,1.2727318676338606,-0.830211015391395,-0.4710227997771317,-0.18367222728572105,No
1.2727318676338606,1.422137339634886,1.5715428116359114,-0.18367222728572105,-0.6146980860228369,-1.045723944759953,No
1.7209482836369367,1.8703537556379621,1.8703537556379621,-1.4767498034970687,-1.620425089742774,-1.7641003759884795,No
1.1233263956328354,1.1233263956328354,0.9739209236318099,0.6065418470656582,0.6065418470656582,0.6065418470656582,No
-1.2671611563835707,-1.1177556843825451,-0.8189447403804944,-0.03999694104001574,-0.399185156654279,-0.830211015391395,No
0.6751099796297593,0.8245154516307847,0.8245154516307847,-1.1175615878828056,-0.830211015391395,-0.6146980860228369,No
0.3762990356277085,0.22689356362668314,0.22689356362668314,-0.3273475135314264,-0.2555098704085737,-0.2555098704085737,No
0.6751099796297593,0.6751099796297593,0.8245154516307847,-0.6865357291456896,-0.7583733722685423,-0.830211015391395,No
-0.8189447403804944,-0.8189447403804944,-0.8189447403804944,0.24735363145139488,0.3191912745742475,0.3910289176971002,No
-0.3707283243774183,-0.3707283243774183,-0.3707283243774183,0.17551598832854223,0.10367834520568957,0.17551598832854223,No
2.0197592276389873,1.7209482836369367,1.7209482836369367,-1.045723944759953,-0.9738863016371002,-0.830211015391395,No
0.8245154516307847,0.8245154516307847,0.9739209236318099,-0.399185156654279,-0.03999694104001574,0.3191912745742475,No
0.6751099796297593,0.6751099796297593,0.5257045076287339,0.24735363145139488,0.3910289176971002,0.6065418470656582,No
1.2727318676338606,1.422137339634886,1.5715428116359114,0.17551598832854223,0.031840702082836916,-0.1118345841628684,No
-0.6695392683794691,-0.5201337963784437,-0.3707283243774183,-3.4882038109369433,-3.4882038109369433,-3.4882038109369433,No
0.6751099796297593,0.6751099796297593,0.6751099796297593,-0.3273475135314264,-0.5428604428999844,-0.830211015391395,No
0.5257045076287339,0.3762990356277085,0.5257045076287339,0.8220547764342161,0.7502171333113634,0.6065418470656582,No
1.8703537556379621,1.7209482836369367,1.7209482836369367,0.10367834520568957,0.17551598832854223,0.3910289176971002,No
0.22689356362668314,0.22689356362668314,0.22689356362668314,-0.2555098704085737,-0.3273475135314264,-0.3273475135314264,No
0.5257045076287339,0.3762990356277085,0.3762990356277085,-0.3273475135314264,-0.2555098704085737,-0.2555098704085737,No
-0.6695392683794691,-0.8189447403804944,-0.8189447403804944,-0.6146980860228369,-0.6865357291456896,-0.6865357291456896,No
-1.416566628384596,-1.416566628384596,-1.416566628384596,-0.3273475135314264,-0.2555098704085737,-0.2555098704085737,No
-0.22132285237639296,-0.22132285237639296,-0.3707283243774183,-0.6865357291456896,-0.6865357291456896,-0.7583733722685423,No
2.4679756436420637,2.617381115643089,2.617381115643089,-1.1893992310056583,-0.9738863016371002,-0.6865357291456896,No
-0.6695392683794691,-0.3707283243774183,-0.22132285237639296,-2.05145094847989,-1.9796133053570375,-1.9796133053570375,No
1.5715428116359114,1.5715428116359114,1.422137339634886,-0.6865357291456896,-0.399185156654279,-0.1118345841628684,No
-0.22132285237639296,-0.3707283243774183,-0.3707283243774183,-2.841665022831269,-2.841665022831269,-2.7698273797084165,No
1.8703537556379621,1.7209482836369367,1.5715428116359114,0.031840702082836916,0.10367834520568957,0.24735363145139488,No
2.617381115643089,2.4679756436420637,2.169164699640013,-1.3330745172513636,-0.4710227997771317,-0.1118345841628684,No
2.4679756436420637,2.4679756436420637,2.318570171641038,-1.4767498034970687,-0.9020486585142475,-0.2555098704085737,No
-1.1177556843825451,-0.9683502123815197,-0.8189447403804944,-0.9020486585142475,-0.9738863016371002,-1.045723944759953,No
-1.1177556843825451,-0.9683502123815197,-0.6695392683794691,0.17551598832854223,-0.03999694104001574,-0.2555098704085737,No
0.3762990356277085,0.5257045076287339,0.6751099796297593,-0.03999694104001574,-0.399185156654279,-0.7583733722685423,No
0.8245154516307847,0.9739209236318099,0.9739209236318099,-2.9853403090769746,-3.344528524691238,-3.6318790971826487,No
0.07748809162565778,0.22689356362668314,0.22689356362668314,-1.620425089742774,-1.1893992310056583,-1.5485874466199214,No
0.6751099796297593,0.8245154516307847,0.9739209236318099,-0.18367222728572105,-0.6146980860228369,-1.1175615878828056,No
-0.22132285237639296,-0.22132285237639296,-0.22132285237639296,0.6783794901885108,0.6783794901885108,0.6783794901885108,No
-1.2671611563835707,-1.2671611563835707,-1.1177556843825451,0.3191912745742475,0.24735363145139488,0.17551598832854223,No
1.8703537556379621,2.169164699640013,2.318570171641038,-2.266963877848448,-3.0571779521998272,-2.9853403090769746,No
-0.6695392683794691,-0.8189447403804944,-0.9683502123815197,-2.1951262347255955,-1.9077756622341848,-1.6922627328656268,No
-0.5201337963784437,-0.5201337963784437,-0.5201337963784437,0.10367834520568957,0.10367834520568957,0.17551598832854223,No
0.8245154516307847,1.2727318676338606,1.7209482836369367,-1.1175615878828056,-1.6922627328656268,-2.1951262347255955,No
1.422137339634886,1.422137339634886,1.2727318676338606,0.031840702082836916,0.10367834520568957,0.17551598832854223,No
1.5715428116359114,1.5715428116359114,1.5715428116359114,-0.4710227997771317,-0.3273475135314264,-0.18367222728572105,No
0.3762990356277085,0.3762990356277085,0.07748809162565778,-2.1951262347255955,-1.9796133053570375,-1.9796133053570375,No
2.169164699640013,2.169164699640013,2.169164699640013,-1.9796133053570375,-1.8359380191113321,-1.620425089742774,No
0.9739209236318099,1.1233263956328354,1.1233263956328354,-1.3330745172513636,-1.8359380191113321,-1.7641003759884795,No
0.3762990356277085,0.3762990356277085,0.22689356362668314,0.46286656081995287,0.5347042039428055,0.5347042039428055,No
0.3762990356277085,0.3762990356277085,0.3762990356277085,0.8938924195570688,0.8938924195570688,0.6783794901885108,No
2.0197592276389873,1.8703537556379621,1.7209482836369367,0.031840702082836916,0.3910289176971002,0.46286656081995287,No
0.22689356362668314,0.5257045076287339,0.8245154516307847,-0.399185156654279,-0.6146980860228369,-1.1175615878828056,No
-0.22132285237639296,-0.22132285237639296,-0.22132285237639296,0.7502171333113634,0.7502171333113634,0.7502171333113634,No
2.4679756436420637,2.4679756436420637,2.4679756436420637,-2.05145094847989,-1.404912160374216,-0.7583733722685423,No
1.7209482836369367,1.5715428116359114,1.5715428116359114,0.3191912745742475,0.3191912745742475,0.3191912745742475,No
1.422137339634886,1.5715428116359114,1.5715428116359114,0.031840702082836916,-0.03999694104001574,-0.03999694104001574,No
-0.6695392683794691,-0.8189447403804944,-0.9683502123815197,0.24735363145139488,0.3910289176971002,0.46286656081995287,No
2.318570171641038,2.169164699640013,2.169164699640013,-1.8359380191113321,-1.620425089742774,-1.4767498034970687,No
2.318570171641038,2.4679756436420637,2.617381115643089,-1.045723944759953,-1.1893992310056583,-0.9738863016371002,No
-0.9683502123815197,-0.5201337963784437,-0.22132285237639296,-0.9020486585142475,-1.1175615878828056,-1.261236874128511,No
-1.1177556843825451,-1.1177556843825451,-0.9683502123815197,-0.9738863016371002,-1.3330745172513636,-1.620425089742774,No
-0.5201337963784437,-0.6695392683794691,-0.6695392683794691,0.17551598832854223,0.10367834520568957,0.10367834520568957,No
-0.9683502123815197,-1.1177556843825451,-1.1177556843825451,-1.8359380191113321,-1.9796133053570375,-2.123288591602743,No
2.318570171641038,2.169164699640013,2.169164699640013,-1.3330745172513636,-0.830211015391395,-0.399185156654279,No
-0.3707283243774183,-0.3707283243774183,-0.5201337963784437,-0.18367222728572105,-0.18367222728572105,-0.2555098704085737,No
0.9739209236318099,0.8245154516307847,0.8245154516307847,0.8220547764342161,0.7502171333113634,0.6783794901885108,No
0.6751099796297593,0.6751099796297593,0.5257045076287339,-1.9796133053570375,-1.3330745172513636,-0.6865357291456896,No
-1.7153775723866467,-1.7153775723866467,-1.5659721003856213,-0.03999694104001574,-0.1118345841628684,-0.18367222728572105,No
0.3762990356277085,0.3762990356277085,0.22689356362668314,0.031840702082836916,0.031840702082836916,0.10367834520568957,No
-1.2671611563835707,-1.416566628384596,-1.5659721003856213,-2.1951262347255955,-1.9077756622341848,-1.620425089742774,No
-1.416566628384596,-1.1177556843825451,-0.9683502123815197,-0.6865357291456896,-0.9738863016371002,-1.1893992310056583,No
-0.3707283243774183,-0.5201337963784437,-0.5201337963784437,0.46286656081995287,0.3910289176971002,0.3910289176971002,No
1.5715428116359114,1.422137339634886,1.2727318676338606,-1.620425089742774,-1.404912160374216,-0.9738863016371002,No
-0.3707283243774183,-0.3707283243774183,-0.3707283243774183,0.8938924195570688,0.8220547764342161,0.8220547764342161,No
-0.5201337963784437,-0.6695392683794691,-0.8189447403804944,0.17551598832854223,0.031840702082836916,-0.399185156654279,No
0.9739209236318099,0.8245154516307847,0.8245154516307847,0.10367834520568957,0.031840702082836916,-0.1118345841628684,No
1.5715428116359114,1.5715428116359114,1.7209482836369367,0.24735363145139488,0.031840702082836916,-0.1118345841628684,No
2.617381115643089,2.617381115643089,2.617381115643089,-1.3330745172513636,-1.1893992310056583,-0.9738863016371002,No
0.07748809162565778,0.07748809162565778,0.07748809162565778,0.8220547764342161,0.8220547764342161,0.8220547764342161,No
-0.6695392683794691,-0.8189447403804944,-0.9683502123815197,-0.4710227997771317,-0.3273475135314264,-0.3273475135314264,No
1.422137339634886,1.7209482836369367,1.8703537556379621,0.10367834520568957,0.031840702082836916,-0.2555098704085737,No
3.2150030036471904,3.2150030036471904,3.2150030036471904,-4.20658024216547,-3.9910673127969116,-3.8473920265512063,No
-0.3707283243774183,-0.3707283243774183,-0.5201337963784437,-2.5543144503398585,-2.410639164094153,-2.338801520971301,No
0.8245154516307847,0.6751099796297593,0.6751099796297593,0.3191912745742475,0.3910289176971002,0.3910289176971002,No
-0.8189447403804944,-0.9683502123815197,-0.8189447403804944,-0.830211015391395,-0.6146980860228369,-0.3273475135314264,No
0.22689356362668314,0.22689356362668314,0.22689356362668314,0.8938924195570688,0.8938924195570688,0.8938924195570688,No
0.6751099796297593,0.6751099796297593,0.5257045076287339,0.8220547764342161,0.8220547764342161,0.8220547764342161,No
-1.416566628384596,-1.5659721003856213,-1.5659721003856213,0.031840702082836916,0.031840702082836916,0.031840702082836916,No
0.6751099796297593,0.6751099796297593,0.5257045076287339,0.24735363145139488,0.3910289176971002,0.46286656081995287,No
0.22689356362668314,0.22689356362668314,0.22689356362668314,0.8938924195570688,0.8938924195570688,0.8938924195570688,No
2.0197592276389873,2.0197592276389873,2.318570171641038,-0.03999694104001574,-0.4710227997771317,-0.9020486585142475,No
0.3762990356277085,0.22689356362668314,0.07748809162565778,-0.2555098704085737,0.031840702082836916,0.24735363145139488,No
-1.7153775723866467,-1.7153775723866467,-1.7153775723866467,-0.5428604428999844,-0.6146980860228369,-0.6865357291456896,No
1.2727318676338606,1.2727318676338606,1.1233263956328354,-1.9796133053570375,-1.4767498034970687,-1.045723944759953,No
1.1233263956328354,1.2727318676338606,1.2727318676338606,0.17551598832854223,0.24735363145139488,0.3191912745742475,No
-1.1177556843825451,-1.2671611563835707,-1.2671611563835707,0.6065418470656582,0.5347042039428055,0.3910289176971002,No
-0.22132285237639296,-0.07191738037536759,0.07748809162565778,-0.03999694104001574,-0.1118345841628684,-0.2555098704085737,No
0.9739209236318099,0.8245154516307847,0.5257045076287339,-1.261236874128511,-0.6865357291456896,-0.6146980860228369,No
0.5257045076287339,0.6751099796297593,0.6751099796297593,0.8938924195570688,0.7502171333113634,0.6783794901885108,No
2.169164699640013,1.8703537556379621,1.7209482836369367,-0.7583733722685423,-0.18367222728572105,-0.03999694104001574,No
1.8703537556379621,1.7209482836369367,1.5715428116359114,-1.1893992310056583,-0.6146980860228369,-0.2555098704085737,No
-0.8189447403804944,-0.8189447403804944,-0.6695392683794691,-0.1118345841628684,-0.2555098704085737,-0.3273475135314264,No
2.169164699640013,2.169164699640013,2.0197592276389873,-0.4710227997771317,0.031840702082836916,0.24735363145139488,No
1.5715428116359114,1.422137339634886,1.422137339634886,0.24735363145139488,0.3191912745742475,0.3910289176971002,No
-1.1177556843825451,-1.2671611563835707,-1.2671611563835707,0.3191912745742475,0.17551598832854223,0.10367834520568957,No
1.422137339634886,1.2727318676338606,1.2727318676338606,0.17551598832854223,0.10367834520568957,0.031840702082836916,No
1.1233263956328354,1.1233263956328354,1.1233263956328354,-2.338801520971301,-1.6922627328656268,-0.9738863016371002,No
-0.6695392683794691,-0.8189447403804944,-0.8189447403804944,-0.4710227997771317,-0.2555098704085737,-0.03999694104001574,No
0.22689356362668314,0.07748809162565778,0.07748809162565778,-0.03999694104001574,0.031840702082836916,0.10367834520568957,No
2.169164699640013,2.318570171641038,2.4679756436420637,-1.9796133053570375,-2.123288591602743,-2.1951262347255955,No
2.0197592276389873,1.8703537556379621,1.7209482836369367,0.6065418470656582,0.7502171333113634,0.7502171333113634,No
0.22689356362668314,0.07748809162565778,-0.22132285237639296,-1.4767498034970687,-1.3330745172513636,-1.4767498034970687,No
2.4679756436420637,2.4679756436420637,2.4679756436420637,-2.482476807217006,-2.410639164094153,-2.410639164094153,No
1.5715428116359114,1.5715428116359114,1.422137339634886,0.6783794901885108,0.6783794901885108,0.7502171333113634,No
0.5257045076287339,0.5257045076287339,0.5257045076287339,0.6065418470656582,0.5347042039428055,0.5347042039428055,No
0.8245154516307847,0.6751099796297593,0.6751099796297593,0.7502171333113634,0.6783794901885108,0.6783794901885108,No
1.1233263956328354,0.9739209236318099,0.9739209236318099,-0.1118345841628684,0.17551598832854223,0.3910289176971002,No
1.7209482836369367,1.5715428116359114,1.422137339634886,-1.9077756622341848,-1.4767498034970687,-1.045723944759953,No
1.2727318676338606,1.1233263956328354,0.9739209236318099,0.3910289176971002,0.5347042039428055,0.6065418470656582,No
-0.6695392683794691,-0.5201337963784437,-0.3707283243774183,0.46286656081995287,0.5347042039428055,0.6783794901885108,No
1.8703537556379621,1.8703537556379621,1.8703537556379621,-2.626152093462711,-2.5543144503398585,-2.410639164094153,No
1.2727318676338606,1.2727318676338606,1.1233263956328354,-1.1893992310056583,-0.6865357291456896,-0.18367222728572105,No
-1.1177556843825451,-1.1177556843825451,-1.1177556843825451,0.3191912745742475,0.3191912745742475,0.3191912745742475,No
0.6751099796297593,0.5257045076287339,0.3762990356277085,0.6065418470656582,0.5347042039428055,0.5347042039428055,No
0.3762990356277085,0.22689356362668314,0.22689356362668314,0.031840702082836916,0.031840702082836916,0.031840702082836916,No
-0.07191738037536759,-0.22132285237639296,-0.3707283243774183,-0.399185156654279,-0.4710227997771317,-0.5428604428999844,No
1.422137339634886,1.422137339634886,1.422137339634886,0.24735363145139488,-0.03999694104001574,-0.2555098704085737,No
1.7209482836369367,2.0197592276389873,2.169164699640013,-2.5543144503398585,-2.841665022831269,-2.913502665954122,No
-0.8189447403804944,-0.8189447403804944,-0.8189447403804944,-1.045723944759953,-1.1893992310056583,-1.261236874128511,No
1.2727318676338606,1.2727318676338606,1.2727318676338606,-3.703716740305501,-3.560041454059796,-3.344528524691238,No
-0.22132285237639296,-0.22132285237639296,-0.07191738037536759,-0.03999694104001574,-0.18367222728572105,-0.2555098704085737,No
2.318570171641038,2.4679756436420637,2.617381115643089,-0.830211015391395,-1.4767498034970687,-1.9077756622341848,No
-1.2671611563835707,-1.416566628384596,-1.416566628384596,-0.399185156654279,-0.4710227997771317,-0.399185156654279,No
0.5257045076287339,0.5257045076287339,0.6751099796297593,0.5347042039428055,0.3910289176971002,0.3191912745742475,No
1.2727318676338606,1.422137339634886,1.5715428116359114,-1.6922627328656268,-1.9077756622341848,-2.05145094847989,No
-0.3707283243774183,-0.3707283243774183,-0.22132285237639296,-2.1951262347255955,-2.5543144503398585,-2.913502665954122,No
1.5715428116359114,1.5715428116359114,1.5715428116359114,-0.03999694104001574,-0.2555098704085737,-0.399185156654279,No
1.1233263956328354,1.1233263956328354,1.1233263956328354,0.031840702082836916,-0.1118345841628684,-0.399185156654279,No
-0.9683502123815197,-0.9683502123815197,-1.1177556843825451,0.24735363145139488,0.17551598832854223,0.031840702082836916,No
-0.8189447403804944,-0.5201337963784437,-0.3707283243774183,-0.6865357291456896,-0.6865357291456896,-0.7583733722685423,No
-0.5201337963784437,-0.5201337963784437,-0.6695392683794691,0.3191912745742475,0.24735363145139488,0.17551598832854223,No
0.6751099796297593,0.9739209236318099,1.1233263956328354,-0.6146980860228369,-1.5485874466199214,-2.482476807217006,No
-1.1177556843825451,-1.1177556843825451,-1.1177556843825451,-0.9020486585142475,-0.830211015391395,-0.7583733722685423,No
1.1233263956328354,1.2727318676338606,1.5715428116359114,-1.3330745172513636,-1.404912160374216,-1.4767498034970687,No
-0.07191738037536759,-0.22132285237639296,-0.22132285237639296,0.6065418470656582,0.6065418470656582,0.6065418470656582,No
-0.8189447403804944,-0.5201337963784437,-0.3707283243774183,-1.1893992310056583,-1.045723944759953,-0.9020486585142475,No
-0.9683502123815197,-0.9683502123815197,-0.9683502123815197,-0.2555098704085737,-0.2555098704085737,-0.18367222728572105,No
-0.07191738037536759,-0.22132285237639296,-0.3707283243774183,-0.5428604428999844,-0.6865357291456896,-1.1175615878828056,No
-0.22132285237639296,-0.07191738037536759,-0.07191738037536759,-0.9738863016371002,-0.9738863016371002,-0.9738863016371002,No
0.07748809162565778,0.22689356362668314,0.22689356362668314,-0.2555098704085737,-0.3273475135314264,-0.18367222728572105,No
-1.1177556843825451,-0.9683502123815197,-0.5201337963784437,-0.4710227997771317,-0.6146980860228369,-0.7583733722685423,No
1.7209482836369367,1.8703537556379621,1.8703537556379621,-2.1951262347255955,-2.841665022831269,-3.4882038109369433,No
1.422137339634886,1.422137339634886,1.2727318676338606,0.031840702082836916,0.24735363145139488,0.46286656081995287,No
-0.6695392683794691,-0.6695392683794691,-0.6695392683794691,0.3191912745742475,-0.1118345841628684,-0.5428604428999844,No
0.5257045076287339,0.3762990356277085,0.3762990356277085,0.5347042039428055,0.5347042039428055,0.5347042039428055,No
0.22689356362668314,0.22689356362668314,0.07748809162565778,0.3910289176971002,0.3910289176971002,0.3191912745742475,No
0.3762990356277085,0.3762990356277085,0.22689356362668314,0.6065418470656582,0.6065418470656582,0.6065418470656582,No
0.5257045076287339,0.8245154516307847,1.1233263956328354,-1.8359380191113321,-2.7698273797084165,-2.9853403090769746,No
0.3762990356277085,0.3762990356277085,0.22689356362668314,-0.9020486585142475,-1.045723944759953,-1.1893992310056583,No
-0.22132285237639296,-0.07191738037536759,0.07748809162565778,-1.6922627328656268,-1.261236874128511,-0.7583733722685423,No
-0.3707283243774183,-0.3707283243774183,-0.5201337963784437,0.6783794901885108,0.7502171333113634,0.8220547764342161,No
0.8245154516307847,0.8245154516307847,0.8245154516307847,0.24735363145139488,0.3191912745742475,0.3191912745742475,No
2.169164699640013,2.169164699640013,2.169164699640013,-1.620425089742774,-1.404912160374216,-1.1893992310056583,No
-2.4624049323917734,-2.611810404392799,-2.4624049323917734,0.46286656081995287,0.46286656081995287,0.46286656081995287,No
1.422137339634886,1.2727318676338606,1.1233263956328354,0.3910289176971002,0.5347042039428055,0.5347042039428055,No
-0.07191738037536759,0.07748809162565778,0.22689356362668314,-0.1118345841628684,-0.1118345841628684,-0.1118345841628684,No
-1.416566628384596,-1.416566628384596,-1.5659721003856213,-0.399185156654279,-0.399185156654279,-0.3273475135314264,No
1.1233263956328354,1.1233263956328354,1.1233263956328354,-1.6922627328656268,-1.620425089742774,-1.5485874466199214,No
2.0197592276389873,1.8703537556379621,1.7209482836369367,-0.6865357291456896,-0.5428604428999844,-0.4710227997771317,No
-0.6695392683794691,-0.5201337963784437,-0.22132285237639296,-0.6146980860228369,-0.830211015391395,-0.9020486585142475,No
0.6751099796297593,0.8245154516307847,0.9739209236318099,-0.03999694104001574,-0.5428604428999844,-1.045723944759953,No
0.22689356362668314,0.3762990356277085,0.5257045076287339,0.17551598832854223,-0.18367222728572105,-0.4710227997771317,No
-1.5659721003856213,-1.5659721003856213,-1.5659721003856213,-0.399185156654279,-0.3273475135314264,-0.18367222728572105,No
1.2727318676338606,1.1233263956328354,1.1233263956328354,0.8220547764342161,0.8938924195570688,0.8938924195570688,No
1.7209482836369367,1.5715428116359114,1.5715428116359114,0.7502171333113634,0.7502171333113634,0.7502171333113634,No
-1.1177556843825451,-1.1177556843825451,-1.1177556843825451,-1.6922627328656268,-1.620425089742774,-1.5485874466199214,No
1.7209482836369367,1.7209482836369367,1.5715428116359114,-0.5428604428999844,-0.4710227997771317,-0.399185156654279,No
-0.5201337963784437,-0.6695392683794691,-0.6695392683794691,0.5347042039428055,0.5347042039428055,0.5347042039428055,No
0.9739209236318099,0.8245154516307847,0.6751099796297593,-0.6865357291456896,-0.830211015391395,-0.9738863016371002,No
-1.5659721003856213,-1.5659721003856213,-1.5659721003856213,0.10367834520568957,0.17551598832854223,0.17551598832854223,No
-0.22132285237639296,-0.3707283243774183,-0.3707283243774183,0.3910289176971002,0.17551598832854223,-0.03999694104001574,No
1.422137339634886,1.5715428116359114,1.5715428116359114,-3.4882038109369433,-2.913502665954122,-2.338801520971301,No
1.5715428116359114,1.8703537556379621,2.0197592276389873,-0.18367222728572105,-0.6146980860228369,-1.1175615878828056,No
2.9161920596451396,2.766786587644114,2.617381115643089,-2.410639164094153,-2.123288591602743,-1.9077756622341848,No
-0.22132285237639296,-0.3707283243774183,-0.3707283243774183,0.8220547764342161,0.8220547764342161,0.8220547764342161,No
-1.416566628384596,-1.416566628384596,-1.416566628384596,-0.03999694104001574,-0.03999694104001574,-0.03999694104001574,No
-0.3707283243774183,-0.3707283243774183,-0.3707283243774183,-0.399185156654279,-0.4710227997771317,-0.3273475135314264,No
-0.3707283243774183,-0.5201337963784437,-0.6695392683794691,-3.4882038109369433,-3.560041454059796,-3.0571779521998272,No
1.422137339634886,1.2727318676338606,1.1233263956328354,0.7502171333113634,0.7502171333113634,0.7502171333113634,No
-0.6695392683794691,-0.6695392683794691,-0.8189447403804944,0.10367834520568957,0.031840702082836916,-0.18367222728572105,No
-0.22132285237639296,-0.22132285237639296,-0.22132285237639296,-1.261236874128511,-1.1893992310056583,-1.1893992310056583,No
0.07748809162565778,-0.07191738037536759,-0.07191738037536759,-1.4767498034970687,-1.620425089742774,-1.8359380191113321,No
-0.6695392683794691,-0.8189447403804944,-0.9683502123815197,-0.4710227997771317,-0.6865357291456896,-0.9020486585142475,No
-1.1177556843825451,-1.1177556843825451,-0.9683502123815197,-1.1893992310056583,-1.261236874128511,-1.4767498034970687,No
1.5715428116359114,1.7209482836369367,1.7209482836369367,-0.3273475135314264,-0.2555098704085737,-0.18367222728572105,No
1.1233263956328354,1.2727318676338606,1.1233263956328354,-1.261236874128511,-1.261236874128511,-1.045723944759953,No
-0.6695392683794691,-0.5201337963784437,-0.3707283243774183,0.6783794901885108,0.5347042039428055,0.3910289176971002,No
-0.07191738037536759,-0.22132285237639296,-0.3707283243774183,0.8938924195570688,0.8938924195570688,0.8938924195570688,No
-0.07191738037536759,-0.07191738037536759,-0.07191738037536759,0.17551598832854223,0.17551598832854223,0.10367834520568957,No
1.5715428116359114,1.7209482836369367,2.0197592276389873,0.031840702082836916,-0.18367222728572105,-0.830211015391395,No
-0.6695392683794691,-0.8189447403804944,-0.9683502123815197,0.46286656081995287,0.6065418470656582,0.7502171333113634,No
1.8703537556379621,1.7209482836369367,1.7209482836369367,-1.045723944759953,-1.045723944759953,-0.9738863016371002,No
-0.9683502123815197,-0.9683502123815197,-1.1177556843825451,-1.5485874466199214,-1.404912160374216,-1.1893992310056583,No
1.2727318676338606,1.1233263956328354,1.1233263956328354,0.8220547764342161,0.8938924195570688,0.8938924195570688,No
-0.9683502123815197,-1.1177556843825451,-1.1177556843825451,0.46286656081995287,0.3910289176971002,0.3910289176971002,No
2.9161920596451396,2.766786587644114,2.617381115643089,-0.9020486585142475,-0.1118345841628684,0.6783794901885108,No
-0.6695392683794691,-0.6695392683794691,-0.5201337963784437,-0.9020486585142475,-1.045723944759953,-1.1175615878828056,No
1.2727318676338606,1.7209482836369367,2.169164699640013,-0.1118345841628684,-0.9020486585142475,-1.6922627328656268,No
-1.7153775723866467,-1.5659721003856213,-1.5659721003856213,0.24735363145139488,0.24735363145139488,0.031840702082836916,No
1.5715428116359114,1.5715428116359114,1.422137339634886,-0.9738863016371002,-0.6146980860228369,-0.18367222728572105,No
0.5257045076287339,0.6751099796297593,0.6751099796297593,0.3191912745742475,0.17551598832854223,0.031840702082836916,No
1.422137339634886,1.422137339634886,1.422137339634886,-1.9077756622341848,-1.9796133053570375,-1.1893992310056583,No
1.422137339634886,1.422137339634886,1.5715428116359114,-1.9077756622341848,-1.5485874466199214,-1.1893992310056583,No
0.9739209236318099,1.1233263956328354,1.1233263956328354,-1.9796133053570375,-2.05145094847989,-2.123288591602743,No
0.9739209236318099,0.8245154516307847,0.8245154516307847,0.8220547764342161,0.8220547764342161,0.8220547764342161,No
-0.3707283243774183,-0.3707283243774183,-0.3707283243774183,-2.5543144503398585,-2.5543144503398585,-2.5543144503398585,No
-2.0141885163886974,-1.864783044387672,-1.7153775723866467,0.24735363145139488,0.17551598832854223,0.031840702082836916,No
1.422137339634886,1.5715428116359114,1.7209482836369367,-0.3273475135314264,-0.6865357291456896,-1.045723944759953,No
-0.22132285237639296,-0.07191738037536759,-0.07191738037536759,-0.830211015391395,-0.6146980860228369,-0.5428604428999844,No
-0.22132285237639296,-0.22132285237639296,-0.22132285237639296,-1.045723944759953,-0.830211015391395,-0.6146980860228369,No
0.9739209236318099,1.1233263956328354,1.1233263956328354,-0.6146980860228369,-0.6146980860228369,-0.6146980860228369,No
1.422137339634886,1.5715428116359114,1.7209482836369367,-0.18367222728572105,-0.2555098704085737,-0.399185156654279,No
1.422137339634886,1.422137339634886,1.2727318676338606,-1.9796133053570375,-1.3330745172513636,-0.7583733722685423,No
0.6751099796297593,0.8245154516307847,0.8245154516307847,0.10367834520568957,0.031840702082836916,0.10367834520568957,No
1.422137339634886,1.2727318676338606,0.9739209236318099,-0.1118345841628684,0.10367834520568957,0.24735363145139488,No
1.422137339634886,1.7209482836369367,2.0197592276389873,-4.134742599042617,-4.49393081465688,-4.49393081465688,No
0.5257045076287339,0.5257045076287339,0.5257045076287339,0.3910289176971002,0.3910289176971002,0.24735363145139488,No
-1.7153775723866467,-1.5659721003856213,-1.416566628384596,-1.1893992310056583,-1.4767498034970687,-1.8359380191113321,No
0.6751099796297593,0.6751099796297593,0.8245154516307847,0.17551598832854223,-0.1118345841628684,-0.399185156654279,No
2.0197592276389873,1.8703537556379621,1.8703537556379621,-0.6865357291456896,-0.18367222728572105,0.10367834520568957,No
-1.1177556843825451,-1.1177556843825451,-1.1177556843825451,-1.3330745172513636,-1.261236874128511,-1.261236874128511,No
2.318570171641038,2.318570171641038,2.0197592276389873,-2.5543144503398585,-2.338801520971301,-2.123288591602743,No
-0.07191738037536759,-0.07191738037536759,-0.07191738037536759,0.6065418470656582,0.6783794901885108,0.7502171333113634,No
1.8703537556379621,1.8703537556379621,1.7209482836369367,-0.4710227997771317,-0.3273475135314264,-0.1118345841628684,No
-1.416566628384596,-1.5659721003856213,-1.5659721003856213,-1.404912160374216,-1.404912160374216,-1.4767498034970687,No
0.5257045076287339,0.6751099796297593,0.8245154516307847,-2.05145094847989,-2.841665022831269,-2.913502665954122,No
-0.8189447403804944,-0.9683502123815197,-0.9683502123815197,-2.266963877848448,-2.482476807217006,-2.626152093462711,No
-0.9683502123815197,-1.1177556843825451,-1.1177556843825451,-0.18367222728572105,-0.18367222728572105,-0.18367222728572105,No
0.6751099796297593,0.8245154516307847,1.1233263956328354,-0.3273475135314264,-0.830211015391395,-1.6922627328656268,No
1.7209482836369367,1.8703537556379621,2.0197592276389873,-2.05145094847989,-2.266963877848448,-2.5543144503398585,No
1.7209482836369367,1.5715428116359114,1.422137339634886,0.24735363145139488,0.7502171333113634,0.7502171333113634,No
0.8245154516307847,0.6751099796297593,0.5257045076287339,0.10367834520568957,0.10367834520568957,0.10367834520568957,No
1.2727318676338606,1.1233263956328354,1.1233263956328354,-0.399185156654279,-0.03999694104001574,0.031840702082836916,No
1.7209482836369367,1.5715428116359114,1.5715428116359114,0.24735363145139488,0.24735363145139488,0.24735363145139488,No
1.5715428116359114,1.5715428116359114,1.422137339634886,-1.3330745172513636,-1.404912160374216,-0.9020486585142475,No
0.8245154516307847,0.6751099796297593,0.5257045076287339,0.3191912745742475,0.5347042039428055,0.5347042039428055,No
1.2727318676338606,1.2727318676338606,1.1233263956328354,-2.9853403090769746,-2.482476807217006,-2.05145094847989,No
0.9739209236318099,0.8245154516307847,0.8245154516307847,0.8220547764342161,0.8220547764342161,0.8220547764342161,No
0.5257045076287339,0.6751099796297593,0.9739209236318099,-0.2555098704085737,-0.3273475135314264,-0.3273475135314264,No
0.8245154516307847,0.8245154516307847,0.8245154516307847,0.8220547764342161,0.8220547764342161,0.6783794901885108,No
2.318570171641038,2.318570171641038,2.318570171641038,-0.3273475135314264,-0.18367222728572105,0.031840702082836916,No
0.6751099796297593,0.8245154516307847,0.9739209236318099,0.6065418470656582,0.46286656081995287,0.24735363145139488,No
1.2727318676338606,1.1233263956328354,1.1233263956328354,0.5347042039428055,0.5347042039428055,0.5347042039428055,No
0.22689356362668314,0.3762990356277085,0.5257045076287339,-0.2555098704085737,-0.5428604428999844,-0.830211015391395,No
0.3762990356277085,0.22689356362668314,0.07748809162565778,0.031840702082836916,0.10367834520568957,0.17551598832854223,No
1.2727318676338606,1.2727318676338606,1.422137339634886,-0.03999694104001574,-0.399185156654279,-0.6865357291456896,No
0.5257045076287339,0.5257045076287339,0.3762990356277085,0.6783794901885108,0.6783794901885108,0.6065418470656582,No
1.2727318676338606,1.5715428116359114,1.7209482836369367,-2.123288591602743,-2.7698273797084165,-2.9853403090769746,No
-1.864783044387672,-1.7153775723866467,-1.5659721003856213,0.031840702082836916,-0.03999694104001574,-0.1118345841628684,No
0.3762990356277085,0.5257045076287339,0.5257045076287339,-2.410639164094153,-1.620425089742774,-0.830211015391395,No
-0.07191738037536759,0.07748809162565778,0.22689356362668314,-3.8473920265512063,-3.9910673127969116,-3.6318790971826487,No
1.2727318676338606,1.5715428116359114,1.8703537556379621,-1.1175615878828056,-1.7641003759884795,-2.338801520971301,No
0.9739209236318099,0.9739209236318099,0.9739209236318099,0.17551598832854223,0.10367834520568957,-0.1118345841628684,No
-0.6695392683794691,-0.6695392683794691,-0.6695392683794691,-0.3273475135314264,-0.399185156654279,-0.399185156654279,No
-0.22132285237639296,-0.22132285237639296,-0.3707283243774183,0.3910289176971002,0.24735363145139488,0.10367834520568957,No
2.169164699640013,2.0197592276389873,2.0197592276389873,-1.3330745172513636,-1.261236874128511,-0.6865357291456896,No
-0.5201337963784437,-0.6695392683794691,-0.8189447403804944,0.10367834520568957,-0.03999694104001574,-0.03999694104001574,No
0.5257045076287339,0.6751099796297593,0.9739209236318099,-0.830211015391395,-1.3330745172513636,-1.8359380191113321,No
-0.3707283243774183,-0.22132285237639296,0.07748809162565778,-1.8359380191113321,-2.266963877848448,-2.697989736585564,No
0.07748809162565778,0.22689356362668314,0.22689356362668314,-0.6865357291456896,-0.9020486585142475,-1.1175615878828056,No
3.0655975316461648,2.9161920596451396,2.766786587644114,-1.7641003759884795,-1.404912160374216,-1.1175615878828056,No
-1.2671611563835707,-1.2671611563835707,-1.2671611563835707,0.10367834520568957,0.031840702082836916,-0.03999694104001574,No
2.617381115643089,2.617381115643089,2.617381115643089,-0.2555098704085737,-0.18367222728572105,-0.1118345841628684,No
-0.07191738037536759,0.07748809162565778,0.07748809162565778,0.3910289176971002,0.10367834520568957,-0.18367222728572105,No
-0.5201337963784437,-0.5201337963784437,-0.3707283243774183,-0.03999694104001574,-0.1118345841628684,-0.2555098704085737,No
2.4679756436420637,2.4679756436420637,2.4679756436420637,-2.410639164094153,-2.266963877848448,-2.123288591602743,No
-0.07191738037536759,0.07748809162565778,0.07748809162565778,-0.830211015391395,-0.399185156654279,0.031840702082836916,No
0.07748809162565778,0.07748809162565778,-0.07191738037536759,-3.6318790971826487,-3.560041454059796,-3.4163661678140906,No
0.6751099796297593,0.6751099796297593,0.8245154516307847,-2.123288591602743,-2.5543144503398585,-2.5543144503398585,No
0.6751099796297593,0.6751099796297593,0.5257045076287339,-1.045723944759953,-0.9020486585142475,-0.7583733722685423,No
0.3762990356277085,0.22689356362668314,0.22689356362668314,-0.1118345841628684,0.031840702082836916,0.10367834520568957,No
-1.2671611563835707,-1.2671611563835707,-1.2671611563835707,-1.4767498034970687,-1.261236874128511,-1.045723944759953,No
-0.22132285237639296,-0.22132285237639296,-0.07191738037536759,-0.4710227997771317,-0.6146980860228369,-0.6865357291456896,No
2.766786587644114,2.766786587644114,2.9161920596451396,-2.913502665954122,-2.913502665954122,-2.841665022831269,No
-0.8189447403804944,-0.8189447403804944,-0.9683502123815197,0.17551598832854223,0.10367834520568957,0.10367834520568957,No
0.3762990356277085,0.3762990356277085,0.3762990356277085,0.7502171333113634,0.6783794901885108,0.6783794901885108,No
2.9161920596451396,2.766786587644114,2.617381115643089,-2.5543144503398585,-2.410639164094153,-1.7641003759884795,No
0.5257045076287339,0.5257045076287339,0.5257045076287339,-3.2008532384455326,-3.2008532384455326,-3.2726908815683853,No
1.7209482836369367,1.7209482836369367,1.422137339634886,0.5347042039428055,0.8220547764342161,0.8220547764342161,No
-0.22132285237639296,-0.22132285237639296,-0.22132285237639296,0.46286656081995287,0.3191912745742475,0.24735363145139488,No
-0.3707283243774183,-0.22132285237639296,-0.07191738037536759,-0.18367222728572105,-0.2555098704085737,-0.3273475135314264,No
1.1233263956328354,1.2727318676338606,1.2727318676338606,0.3910289176971002,0.3191912745742475,-0.03999694104001574,No
0.8245154516307847,1.1233263956328354,1.2727318676338606,-0.399185156654279,-1.1175615878828056,-1.8359380191113321,No
0.5257045076287339,0.5257045076287339,0.3762990356277085,0.7502171333113634,0.7502171333113634,0.7502171333113634,No
-0.9683502123815197,-0.9683502123815197,-1.1177556843825451,-1.7641003759884795,-1.8359380191113321,-1.9077756622341848,No
0.22689356362668314,0.07748809162565778,-0.07191738037536759,-0.399185156654279,-0.7583733722685423,-1.1893992310056583,No
-0.8189447403804944,-0.8189447403804944,-0.9683502123815197,-0.9738863016371002,-0.9020486585142475,-0.830211015391395,No
0.07748809162565778,0.22689356362668314,0.22689356362668314,0.10367834520568957,0.10367834520568957,0.17551598832854223,No
-0.22132285237639296,-0.3707283243774183,-0.5201337963784437,-1.8359380191113321,-1.7641003759884795,-1.7641003759884795,No
0.07748809162565778,0.07748809162565778,0.07748809162565778,-0.03999694104001574,-0.03999694104001574,-0.03999694104001574,No
0.3762990356277085,0.5257045076287339,0.5257045076287339,-2.913502665954122,-2.913502665954122,-2.841665022831269,No
1.422137339634886,1.2727318676338606,1.1233263956328354,-2.05145094847989,-1.620425089742774,-1.261236874128511,No
0.9739209236318099,0.9739209236318099,0.8245154516307847,-0.9738863016371002,-0.4710227997771317,0.031840702082836916,No
0.3762990356277085,0.3762990356277085,0.22689356362668314,0.3191912745742475,0.5347042039428055,0.5347042039428055,No
-0.5201337963784437,-0.5201337963784437,-0.5201337963784437,-0.18367222728572105,-0.18367222728572105,-0.1118345841628684,No
0.8245154516307847,0.8245154516307847,0.8245154516307847,0.5347042039428055,0.6783794901885108,0.8220547764342161,No
0.22689356362668314,0.3762990356277085,0.5257045076287339,-3.8473920265512063,-3.7755543834283536,-3.6318790971826487,No
2.169164699640013,2.0197592276389873,2.0197592276389873,-0.5428604428999844,0.10367834520568957,0.24735363145139488,No
-0.3707283243774183,-0.5201337963784437,-0.3707283243774183,0.8938924195570688,0.8938924195570688,0.8938924195570688,No
0.5257045076287339,0.6751099796297593,0.5257045076287339,-0.6865357291456896,-0.4710227997771317,-0.18367222728572105,No
-0.3707283243774183,-0.22132285237639296,-0.22132285237639296,0.6065418470656582,0.5347042039428055,0.3191912745742475,No
-0.22132285237639296,-0.3707283243774183,-0.3707283243774183,0.10367834520568957,0.031840702082836916,0.031840702082836916,No
-0.3707283243774183,-0.3707283243774183,-0.3707283243774183,0.6783794901885108,0.6783794901885108,0.6783794901885108,No
-0.8189447403804944,-0.8189447403804944,-0.8189447403804944,-0.03999694104001574,-0.03999694104001574,0.031840702082836916,No
2.0197592276389873,2.318570171641038,2.318570171641038,-1.9077756622341848,-2.482476807217006,-2.5543144503398585,No
-0.5201337963784437,-0.3707283243774183,-0.22132285237639296,0.17551598832854223,0.17551598832854223,0.10367834520568957,No
-0.6695392683794691,-0.6695392683794691,-0.8189447403804944,-0.03999694104001574,0.031840702082836916,0.031840702082836916,No
-0.3707283243774183,-0.3707283243774183,-0.3707283243774183,-0.03999694104001574,-0.18367222728572105,-0.2555098704085737,No
0.9739209236318099,0.8245154516307847,0.8245154516307847,-1.5485874466199214,-0.830211015391395,-0.6865357291456896,No
0.3762990356277085,0.22689356362668314,0.22689356362668314,-0.9738863016371002,-1.1175615878828056,-1.1893992310056583,No
-0.07191738037536759,-0.07191738037536759,-0.07191738037536759,-0.1118345841628684,-0.03999694104001574,-0.1118345841628684,No
-0.3707283243774183,-0.07191738037536759,0.07748809162565778,-2.123288591602743,-2.841665022831269,-3.0571779521998272,No
-0.9683502123815197,-0.9683502123815197,-1.1177556843825451,0.10367834520568957,0.10367834520568957,0.031840702082836916,No
0.9739209236318099,1.1233263956328354,1.1233263956328354,-0.1118345841628684,-0.3273475135314264,-0.5428604428999844,No
-0.22132285237639296,-0.3707283243774183,-0.3707283243774183,0.24735363145139488,0.10367834520568957,-0.03999694104001574,No
-0.07191738037536759,-0.07191738037536759,-0.07191738037536759,0.6783794901885108,0.6065418470656582,0.6065418470656582,No
-0.22132285237639296,-0.22132285237639296,-0.22132285237639296,0.8220547764342161,0.8220547764342161,0.8938924195570688,No
-1.5659721003856213,-1.7153775723866467,-1.7153775723866467,-0.399185156654279,-0.18367222728572105,-0.18367222728572105,No
1.1233263956328354,1.1233263956328354,0.9739209236318099,-0.5428604428999844,-0.3273475135314264,-0.1118345841628684,No
1.422137339634886,1.422137339634886,1.422137339634886,0.6065418470656582,0.6065418470656582,0.5347042039428055,No
-0.8189447403804944,-0.6695392683794691,-0.5201337963784437,0.3191912745742475,0.3191912745742475,0.24735363145139488,No
2.617381115643089,2.617381115643089,2.617381115643089,-1.8359380191113321,-1.6922627328656268,-1.261236874128511,No
-0.22132285237639296,-0.22132285237639296,-0.22132285237639296,0.10367834520568957,0.17551598832854223,0.17551598832854223,No
1.1233263956328354,0.9739209236318099,0.8245154516307847,-0.1118345841628684,0.10367834520568957,0.3191912745742475,No
2.0197592276389873,1.8703537556379621,1.8703537556379621,-0.2555098704085737,-0.18367222728572105,-0.4710227997771317,No
-0.22132285237639296,-0.22132285237639296,-0.07191738037536759,-2.5543144503398585,-2.5543144503398585,-2.410639164094153,No
2.0197592276389873,2.0197592276389873,2.169164699640013,-3.919229669674059,-3.919229669674059,-3.8473920265512063,No
1.7209482836369367,1.8703537556379621,2.169164699640013,-0.03999694104001574,-0.18367222728572105,-0.6865357291456896,No
0.9739209236318099,0.9739209236318099,0.8245154516307847,0.8938924195570688,0.8220547764342161,0.8220547764342161,No
-0.6695392683794691,-0.8189447403804944,-0.9683502123815197,0.031840702082836916,0.24735363145139488,0.3910289176971002,No
0.8245154516307847,0.5257045076287339,0.3762990356277085,0.24735363145139488,0.3191912745742475,0.3191912745742475,No
-0.8189447403804944,-0.8189447403804944,-0.8189447403804944,0.6065418470656582,0.6065418470656582,0.6065418470656582,No
1.1233263956328354,1.2727318676338606,1.422137339634886,-0.1118345841628684,-0.6146980860228369,-1.045723944759953,No
0.22689356362668314,0.22689356362668314,0.22689356362668314,0.8220547764342161,0.8220547764342161,0.8220547764342161,No
0.22689356362668314,0.07748809162565778,0.07748809162565778,0.6065418470656582,0.6065418470656582,0.6065418470656582,No
1.422137339634886,1.2727318676338606,1.1233263956328354,0.5347042039428055,0.8220547764342161,0.7502171333113634,No
-0.22132285237639296,-0.3707283243774183,-0.3707283243774183,0.24735363145139488,0.3191912745742475,0.3910289176971002,No
-1.2671611563835707,-1.2671611563835707,-1.2671611563835707,0.5347042039428055,0.5347042039428055,0.5347042039428055,No
2.766786587644114,2.766786587644114,2.617381115643089,-2.05145094847989,-1.7641003759884795,-1.4767498034970687,No
0.8245154516307847,0.9739209236318099,1.1233263956328354,-2.338801520971301,-2.410639164094153,-2.1951262347255955,No
0.3762990356277085,0.07748809162565778,0.07748809162565778,-0.5428604428999844,-0.1118345841628684,-0.03999694104001574,No
1.2727318676338606,1.1233263956328354,1.1233263956328354,0.8220547764342161,0.8220547764342161,0.8938924195570688,No
1.8703537556379621,2.169164699640013,2.318570171641038,-0.6146980860228369,-1.1893992310056583,-1.7641003759884795,No
-0.5201337963784437,-0.5201337963784437,-0.5201337963784437,0.6065418470656582,0.6783794901885108,0.6783794901885108,No
0.22689356362668314,0.6751099796297593,0.8245154516307847,-0.4710227997771317,-1.1893992310056583,-1.9077756622341848,No
0.22689356362668314,0.22689356362668314,0.22689356362668314,-0.6146980860228369,-0.5428604428999844,-0.4710227997771317,No
1.5715428116359114,1.5715428116359114,1.422137339634886,-2.338801520971301,-1.9077756622341848,-1.4767498034970687,No
-0.6695392683794691,-0.6695392683794691,-0.6695392683794691,-1.4767498034970687,-1.5485874466199214,-1.620425089742774,No
1.7209482836369367,1.5715428116359114,1.5715428116359114,0.46286656081995287,0.46286656081995287,0.46286656081995287,No
2.318570171641038,2.169164699640013,2.0197592276389873,-1.7641003759884795,-1.045723944759953,-0.3273475135314264,No
0.9739209236318099,0.9739209236318099,0.8245154516307847,0.24735363145139488,0.24735363145139488,0.3191912745742475,No
1.7209482836369367,1.5715428116359114,1.5715428116359114,-2.123288591602743,-1.404912160374216,-0.6146980860228369,No
1.5715428116359114,1.7209482836369367,1.7209482836369367,-1.5485874466199214,-1.8359380191113321,-1.4767498034970687,No
-0.6695392683794691,-0.5201337963784437,-0.5201337963784437,-0.6865357291456896,-0.6865357291456896,-0.6865357291456896,No
1.422137339634886,1.422137339634886,1.2727318676338606,0.46286656081995287,0.3910289176971002,0.3910289176971002,No
-1.1177556843825451,-1.1177556843825451,-1.1177556843825451,-1.7641003759884795,-1.6922627328656268,-1.7641003759884795,No
-0.07191738037536759,-0.22132285237639296,-0.22132285237639296,0.7502171333113634,0.6065418470656582,0.46286656081995287,No
1.2727318676338606,0.9739209236318099,0.8245154516307847,0.10367834520568957,0.17551598832854223,0.24735363145139488,No
0.6751099796297593,0.6751099796297593,0.6751099796297593,0.5347042039428055,0.6065418470656582,0.6065418470656582,No
-0.22132285237639296,-0.3707283243774183,-0.5201337963784437,0.6783794901885108,0.5347042039428055,0.46286656081995287,No
0.07748809162565778,0.07748809162565778,-0.07191738037536759,0.7502171333113634,0.7502171333113634,0.8220547764342161,No
-0.5201337963784437,-0.6695392683794691,-0.6695392683794691,0.5347042039428055,0.5347042039428055,0.46286656081995287,No
-0.07191738037536759,-0.07191738037536759,-0.07191738037536759,-2.626152093462711,-2.697989736585564,-2.697989736585564,No
1.7209482836369367,1.7209482836369367,1.8703537556379621,0.6065418470656582,0.46286656081995287,0.3191912745742475,No
-0.3707283243774183,-0.22132285237639296,-0.22132285237639296,0.7502171333113634,0.6783794901885108,0.6065418470656582,No
-0.22132285237639296,-0.22132285237639296,-0.3707283243774183,-1.8359380191113321,-1.6922627328656268,-1.261236874128511,No
1.2727318676338606,1.422137339634886,1.5715428116359114,-2.913502665954122,-2.9853403090769746,-2.9853403090769746,No
0.07748809162565778,0.07748809162565778,-0.07191738037536759,-1.8359380191113321,-1.9077756622341848,-1.9077756622341848,No
0.3762990356277085,0.22689356362668314,0.22689356362668314,0.7502171333113634,0.7502171333113634,0.6065418470656582,No
-0.07191738037536759,-0.3707283243774183,-0.5201337963784437,-0.1118345841628684,0.10367834520568957,0.3910289176971002,No
-0.3707283243774183,-0.3707283243774183,-0.5201337963784437,0.3191912745742475,0.46286656081995287,0.5347042039428055,No
-0.9683502123815197,-0.9683502123815197,-1.1177556843825451,0.3910289176971002,0.3910289176971002,0.3191912745742475,No
2.169164699640013,2.169164699640013,2.169164699640013,-1.4767498034970687,-1.4767498034970687,-1.045723944759953,No
0.9739209236318099,1.1233263956328354,1.2727318676338606,0.24735363145139488,0.17551598832854223,-0.7583733722685423,No
-0.5201337963784437,-0.5201337963784437,-0.6695392683794691,0.46286656081995287,0.46286656081995287,0.3910289176971002,No
-0.3707283243774183,-0.3707283243774183,-0.3707283243774183,-0.399185156654279,-0.399185156654279,-0.3273475135314264,No
-0.8189447403804944,-0.8189447403804944,-0.8189447403804944,0.031840702082836916,0.031840702082836916,-0.03999694104001574,No
0.07748809162565778,0.07748809162565778,0.07748809162565778,0.46286656081995287,0.46286656081995287,0.46286656081995287,No
1.8703537556379621,1.8703537556379621,1.7209482836369367,-2.841665022831269,-2.5543144503398585,-1.4767498034970687,No
-0.8189447403804944,-0.8189447403804944,-0.8189447403804944,0.46286656081995287,0.46286656081995287,0.46286656081995287,No
2.169164699640013,2.0197592276389873,2.0197592276389873,0.3191912745742475,0.5347042039428055,0.8220547764342161,No
1.8703537556379621,1.8703537556379621,1.8703537556379621,-3.7755543834283536,-3.4882038109369433,-3.2726908815683853,No
-0.22132285237639296,-0.22132285237639296,-0.22132285237639296,-0.1118345841628684,-0.18367222728572105,-0.4710227997771317,No
-0.5201337963784437,-0.5201337963784437,-0.5201337963784437,-3.2008532384455326,-3.2726908815683853,-3.2726908815683853,No
1.5715428116359114,1.7209482836369367,1.8703537556379621,-1.1893992310056583,-1.4767498034970687,-1.7641003759884795,No
-1.1177556843825451,-1.1177556843825451,-0.9683502123815197,-1.045723944759953,-1.5485874466199214,-2.05145094847989,No
-1.2671611563835707,-1.1177556843825451,-1.1177556843825451,-1.1175615878828056,-1.261236874128511,-0.9738863016371002,No
-0.6695392683794691,-0.8189447403804944,-0.8189447403804944,0.031840702082836916,0.031840702082836916,0.031840702082836916,No
-1.1177556843825451,-1.1177556843825451,-0.9683502123815197,-0.5428604428999844,-0.5428604428999844,-0.830211015391395,No
0.5257045076287339,0.8245154516307847,1.1233263956328354,0.031840702082836916,-0.2555098704085737,-0.9738863016371002,No
2.318570171641038,2.318570171641038,2.169164699640013,-2.266963877848448,-1.9796133053570375,-1.404912160374216,No
2.169164699640013,2.169164699640013,2.0197592276389873,-1.261236874128511,-0.5428604428999844,0.17551598832854223,No
-0.07191738037536759,-0.07191738037536759,-0.22132285237639296,0.031840702082836916,0.3191912745742475,0.5347042039428055,No
0.22689356362668314,0.3762990356277085,0.6751099796297593,-0.03999694104001574,-0.399185156654279,-1.045723944759953,No
1.422137339634886,1.422137339634886,1.5715428116359114,0.24735363145139488,0.17551598832854223,0.10367834520568957,No
0.22689356362668314,0.22689356362668314,0.07748809162565778,0.5347042039428055,0.5347042039428055,0.5347042039428055,No
1.2727318676338606,1.1233263956328354,0.9739209236318099,-0.6865357291456896,-0.4710227997771317,-0.3273475135314264,No
-0.07191738037536759,-0.07191738037536759,0.07748809162565778,0.5347042039428055,0.24735363145139488,-0.03999694104001574,No
1.5715428116359114,1.422137339634886,1.422137339634886,0.5347042039428055,0.5347042039428055,0.5347042039428055,No
0.22689356362668314,0.07748809162565778,-0.07191738037536759,0.5347042039428055,0.6065418470656582,0.6783794901885108,No
2.617381115643089,2.766786587644114,2.9161920596451396,-1.1893992310056583,-1.620425089742774,-2.05145094847989,No
2.0197592276389873,1.7209482836369367,1.5715428116359114,-1.5485874466199214,-0.830211015391395,-0.4710227997771317,No
0.8245154516307847,0.8245154516307847,0.8245154516307847,0.17551598832854223,0.17551598832854223,0.17551598832854223,No
0.07748809162565778,0.22689356362668314,0.3762990356277085,-3.2726908815683853,-3.4163661678140906,-3.4882038109369433,No
2.318570171641038,2.617381115643089,2.9161920596451396,-1.9077756622341848,-2.5543144503398585,-3.12901559532268,No
0.3762990356277085,0.07748809162565778,-0.07191738037536759,-0.2555098704085737,-0.18367222728572105,-0.03999694104001574,No
1.5715428116359114,1.5715428116359114,1.422137339634886,0.6783794901885108,0.3910289176971002,0.17551598832854223,No
1.422137339634886,1.2727318676338606,1.422137339634886,0.8220547764342161,0.8220547764342161,0.8938924195570688,No
-0.8189447403804944,-0.6695392683794691,-0.6695392683794691,0.6783794901885108,0.5347042039428055,0.3910289176971002,No
1.7209482836369367,1.7209482836369367,1.5715428116359114,0.031840702082836916,0.031840702082836916,0.10367834520568957,No
-1.1177556843825451,-0.6695392683794691,-0.22132285237639296,-1.9796133053570375,-1.5485874466199214,-1.1175615878828056,No
1.8703537556379621,2.169164699640013,2.4679756436420637,-2.410639164094153,-2.9853403090769746,-3.560041454059796,No
1.1233263956328354,1.2727318676338606,1.5715428116359114,-2.697989736585564,-2.841665022831269,-2.9853403090769746,No
-0.07191738037536759,-0.07191738037536759,-0.07191738037536759,-2.913502665954122,-2.841665022831269,-2.410639164094153,No
1.8703537556379621,1.8703537556379621,2.0197592276389873,0.24735363145139488,-0.03999694104001574,-0.2555098704085737,No
1.5715428116359114,1.422137339634886,1.422137339634886,0.8220547764342161,0.8220547764342161,0.8220547764342161,No
-0.6695392683794691,-0.5201337963784437,-0.3707283243774183,-2.913502665954122,-3.2008532384455326,-3.560041454059796,No
0.07748809162565778,0.07748809162565778,0.07748809162565778,0.17551598832854223,0.031840702082836916,-0.18367222728572105,No
1.5715428116359114,1.422137339634886,1.422137339634886,0.3191912745742475,0.5347042039428055,0.5347042039428055,No
1.2727318676338606,1.1233263956328354,1.1233263956328354,0.5347042039428055,0.5347042039428055,0.46286656081995287,No
2.169164699640013,2.0197592276389873,2.0197592276389873,0.17551598832854223,0.17551598832854223,0.24735363145139488,No
-0.8189447403804944,-0.5201337963784437,-0.22132285237639296,-2.9853403090769746,-2.913502665954122,-2.841665022831269,No
0.8245154516307847,0.8245154516307847,0.8245154516307847,0.3191912745742475,0.10367834520568957,-0.03999694104001574,No
0.8245154516307847,0.8245154516307847,0.9739209236318099,0.46286656081995287,0.3191912745742475,0.17551598832854223,No
1.1233263956328354,1.2727318676338606,1.5715428116359114,0.10367834520568957,-0.6146980860228369,-1.261236874128511,No
1.5715428116359114,1.422137339634886,1.2727318676338606,-1.4767498034970687,-0.6146980860228369,0.3191912745742475,No
-1.5659721003856213,-1.5659721003856213,-1.416566628384596,-0.3273475135314264,-0.3273475135314264,-0.3273475135314264,No
0.3762990356277085,0.3762990356277085,0.3762990356277085,0.8220547764342161,0.8220547764342161,0.8220547764342161,No
-0.22132285237639296,-0.3707283243774183,-0.3707283243774183,-1.3330745172513636,-1.404912160374216,-1.404912160374216,No
-0.8189447403804944,-0.6695392683794691,-0.6695392683794691,-1.4767498034970687,-1.3330745172513636,-1.1893992310056583,No
-0.22132285237639296,-0.3707283243774183,-0.3707283243774183,-4.20658024216547,-4.134742599042617,-4.134742599042617,No
1.5715428116359114,1.8703537556379621,2.0197592276389873,-2.9853403090769746,-3.7755543834283536,-3.919229669674059,No
1.2727318676338606,1.2727318676338606,1.1233263956328354,0.6065418470656582,0.6783794901885108,0.7502171333113634,No
0.6751099796297593,0.9739209236318099,1.2727318676338606,0.031840702082836916,-0.1118345841628684,-0.7583733722685423,No
-0.3707283243774183,-0.3707283243774183,-0.3707283243774183,-1.3330745172513636,-1.261236874128511,-1.1893992310056583,No
1.422137339634886,1.422137339634886,1.422137339634886,0.10367834520568957,0.10367834520568957,0.10367834520568957,No
0.5257045076287339,0.5257045076287339,0.5257045076287339,-0.3273475135314264,-0.03999694104001574,0.17551598832854223,No
-0.22132285237639296,-0.22132285237639296,-0.22132285237639296,0.5347042039428055,0.46286656081995287,0.46286656081995287,No
-0.07191738037536759,0.07748809162565778,0.07748809162565778,-1.1893992310056583,-1.3330745172513636,-0.9738863016371002,No
1.422137339634886,1.422137339634886,1.2727318676338606,-2.9853403090769746,-2.482476807217006,-1.9796133053570375,No
-0.22132285237639296,0.07748809162565778,0.07748809162565778,-0.9738863016371002,-1.620425089742774,-2.266963877848448,No
-1.1177556843825451,-1.1177556843825451,-0.9683502123815197,-1.261236874128511,-1.1893992310056583,-1.1893992310056583,No
0.8245154516307847,0.9739209236318099,1.1233263956328354,-0.9738863016371002,-1.5485874466199214,-2.1951262347255955,No
1.422137339634886,1.2727318676338606,1.1233263956328354,-0.18367222728572105,0.031840702082836916,0.24735363145139488,No
2.0197592276389873,2.169164699640013,2.169164699640013,-1.9796133053570375,-1.9796133053570375,-1.9077756622341848,No
-1.7153775723866467,-1.5659721003856213,-1.2671611563835707,-0.1118345841628684,-0.18367222728572105,-0.3273475135314264,No
0.5257045076287339,0.3762990356277085,0.3762990356277085,0.8938924195570688,0.8938924195570688,0.8220547764342161,No
-0.22132285237639296,-0.07191738037536759,-0.07191738037536759,0.3910289176971002,0.6065418470656582,0.7502171333113634,No
2.318570171641038,2.169164699640013,2.0197592276389873,-0.03999694104001574,0.10367834520568957,-0.1118345841628684,No
2.4679756436420637,2.318570171641038,2.169164699640013,-0.9020486585142475,-0.18367222728572105,0.6065418470656582,No
-1.2671611563835707,-1.2671611563835707,-1.2671611563835707,-0.03999694104001574,-0.2555098704085737,-0.4710227997771317,No
0.8245154516307847,0.8245154516307847,0.8245154516307847,-1.9796133053570375,-2.1951262347255955,-2.266963877848448,No
-0.9683502123815197,-0.9683502123815197,-0.9683502123815197,-0.7583733722685423,-0.830211015391395,-0.7583733722685423,No
0.22689356362668314,0.22689356362668314,0.22689356362668314,0.8220547764342161,0.8220547764342161,0.8220547764342161,No
-0.3707283243774183,-0.5201337963784437,-0.6695392683794691,0.3910289176971002,0.3191912745742475,0.24735363145139488,No
0.5257045076287339,0.3762990356277085,0.3762990356277085,0.6065418470656582,0.6065418470656582,0.5347042039428055,No
1.422137339634886,1.422137339634886,1.2727318676338606,-0.6146980860228369,-0.5428604428999844,-0.5428604428999844,No
-0.9683502123815197,-1.1177556843825451,-1.1177556843825451,0.5347042039428055,0.6065418470656582,0.6783794901885108,No
-1.1177556843825451,-1.1177556843825451,-1.1177556843825451,-0.399185156654279,-0.399185156654279,-0.4710227997771317,No
2.4679756436420637,2.318570171641038,2.169164699640013,-1.261236874128511,-0.6865357291456896,-0.1118345841628684,No
1.422137339634886,1.422137339634886,1.422137339634886,0.031840702082836916,0.031840702082836916,-0.03999694104001574,No
2.318570171641038,2.4679756436420637,2.617381115643089,-1.4767498034970687,-2.05145094847989,-2.1951262347255955,No
1.8703537556379621,1.7209482836369367,1.7209482836369367,-1.261236874128511,-0.830211015391395,-0.399185156654279,No
-0.8189447403804944,-0.9683502123815197,-0.9683502123815197,-0.4710227997771317,-0.4710227997771317,-0.4710227997771317,No
-0.07191738037536759,0.07748809162565778,0.07748809162565778,0.031840702082836916,-0.1118345841628684,-0.18367222728572105,No
-2.312999460390748,-2.312999460390748,-2.0141885163886974,-3.2726908815683853,-2.9853403090769746,-2.626152093462711,No
0.3762990356277085,0.22689356362668314,0.22689356362668314,0.6065418470656582,0.7502171333113634,0.6783794901885108,No
2.4679756436420637,2.318570171641038,2.0197592276389873,-1.045723944759953,-0.6146980860228369,-0.1118345841628684,No
-0.9683502123815197,-0.9683502123815197,-0.9683502123815197,-0.4710227997771317,-0.399185156654279,-0.399185156654279,No
2.169164699640013,2.169164699640013,2.169164699640013,-3.6318790971826487,-3.703716740305501,-3.344528524691238,No
0.5257045076287339,0.5257045076287339,0.5257045076287339,-0.1118345841628684,-0.03999694104001574,0.10367834520568957,No
0.07748809162565778,0.22689356362668314,0.3762990356277085,-1.404912160374216,-1.3330745172513636,-1.3330745172513636,No
0.9739209236318099,0.8245154516307847,0.8245154516307847,0.8938924195570688,0.8938924195570688,0.8938924195570688,No
1.7209482836369367,2.0197592276389873,2.169164699640013,-1.4767498034970687,-2.1951262347255955,-2.841665022831269,No
0.8245154516307847,0.8245154516307847,0.6751099796297593,0.46286656081995287,0.5347042039428055,0.5347042039428055,No
-2.1635939883897226,-2.0141885163886974,-1.864783044387672,0.3191912745742475,0.24735363145139488,0.17551598832854223,No
-0.22132285237639296,0.07748809162565778,0.22689356362668314,-1.261236874128511,-1.404912160374216,-1.1893992310056583,No
-0.07191738037536759,-0.07191738037536759,-0.22132285237639296,0.8220547764342161,0.7502171333113634,0.7502171333113634,No
0.07748809162565778,0.22689356362668314,0.5257045076287339,-1.404912160374216,-1.8359380191113321,-1.9796133053570375,No
-0.5201337963784437,-0.5201337963784437,-0.6695392683794691,0.5347042039428055,0.5347042039428055,0.5347042039428055,No
0.07748809162565778,-0.07191738037536759,-0.07191738037536759,0.6783794901885108,0.6783794901885108,0.6783794901885108,No
1.5715428116359114,1.7209482836369367,2.0197592276389873,0.031840702082836916,-0.6146980860228369,-1.3330745172513636,No
-0.22132285237639296,-0.3707283243774183,-0.5201337963784437,0.46286656081995287,0.46286656081995287,0.46286656081995287,No
2.0197592276389873,1.8703537556379621,1.7209482836369367,0.5347042039428055,0.7502171333113634,0.6783794901885108,No
-0.5201337963784437,-0.5201337963784437,-0.3707283243774183,0.8938924195570688,0.8220547764342161,0.6783794901885108,No
-0.8189447403804944,-0.8189447403804944,-0.8189447403804944,0.6065418470656582,0.6065418470656582,0.6783794901885108,No
0.3762990356277085,0.3762990356277085,0.3762990356277085,0.17551598832854223,-0.1118345841628684,-0.399185156654279,No
-0.5201337963784437,-0.3707283243774183,-0.3707283243774183,-2.123288591602743,-2.1951262347255955,-2.123288591602743,No
-1.2671611563835707,-1.2671611563835707,-1.2671611563835707,-2.697989736585564,-2.841665022831269,-3.2008532384455326,No
1.1233263956328354,1.2727318676338606,1.2727318676338606,0.8938924195570688,0.6065418470656582,0.3910289176971002,No
2.617381115643089,2.4679756436420637,2.318570171641038,-0.830211015391395,-0.5428604428999844,-0.3273475135314264,No
2.318570171641038,2.617381115643089,2.766786587644114,-1.261236874128511,-1.9077756622341848,-2.482476807217006,No
1.7209482836369367,1.8703537556379621,1.8703537556379621,-1.9796133053570375,-2.123288591602743,-2.05145094847989,No
0.3762990356277085,0.5257045076287339,0.5257045076287339,0.24735363145139488,0.10367834520568957,-0.1118345841628684,No
-0.07191738037536759,-0.07191738037536759,-0.07191738037536759,0.031840702082836916,0.17551598832854223,0.24735363145139488,No
2.0197592276389873,1.8703537556379621,1.7209482836369367,-0.4710227997771317,-0.2555098704085737,-0.03999694104001574,No
-1.1177556843825451,-1.1177556843825451,-1.1177556843825451,0.24735363145139488,0.10367834520568957,-0.03999694104001574,No
1.1233263956328354,1.1233263956328354,0.9739209236318099,0.5347042039428055,0.5347042039428055,0.5347042039428055,No
1.7209482836369367,1.7209482836369367,1.5715428116359114,-0.18367222728572105,0.10367834520568957,0.3910289176971002,No
3.0655975316461648,2.9161920596451396,2.766786587644114,-1.3330745172513636,-0.6865357291456896,-0.3273475135314264,No
1.7209482836369367,1.8703537556379621,2.0197592276389873,0.5347042039428055,-0.2555098704085737,-0.9738863016371002,No
0.5257045076287339,0.5257045076287339,0.3762990356277085,0.6783794901885108,0.7502171333113634,0.7502171333113634,No
-0.3707283243774183,-0.3707283243774183,-0.3707283243774183,-3.0571779521998272,-3.0571779521998272,-2.9853403090769746,No
-0.07191738037536759,-0.07191738037536759,0.07748809162565778,-0.2555098704085737,-0.5428604428999844,-0.830211015391395,No
-0.6695392683794691,-0.6695392683794691,-0.8189447403804944,-0.5428604428999844,-0.4710227997771317,-0.3273475135314264,No
1.422137339634886,1.422137339634886,1.2727318676338606,-1.3330745172513636,-1.1893992310056583,-0.5428604428999844,No
0.22689356362668314,0.07748809162565778,-0.07191738037536759,-0.2555098704085737,-0.4710227997771317,-0.6865357291456896,No
0.8245154516307847,0.8245154516307847,0.8245154516307847,0.8220547764342161,0.7502171333113634,0.7502171333113634,No
2.318570171641038,2.318570171641038,2.169164699640013,0.031840702082836916,0.17551598832854223,0.3910289176971002,No
-0.5201337963784437,-0.3707283243774183,-0.07191738037536759,-0.5428604428999844,-1.045723944759953,-1.620425089742774,No
1.8703537556379621,1.8703537556379621,1.7209482836369367,0.6783794901885108,0.7502171333113634,0.7502171333113634,No
1.7209482836369367,1.5715428116359114,1.5715428116359114,0.6783794901885108,0.6065418470656582,0.6065418470656582,No
0.22689356362668314,0.3762990356277085,0.5257045076287339,-0.6865357291456896,-1.045723944759953,-1.404912160374216,No
-0.22132285237639296,-0.22132285237639296,-0.22132285237639296,-0.3273475135314264,-0.6865357291456896,-1.045723944759953,No
-0.22132285237639296,0.07748809162565778,0.22689356362668314,-1.5485874466199214,-1.404912160374216,-1.261236874128511,No
1.422137339634886,1.7209482836369367,2.0197592276389873,-0.5428604428999844,-1.1893992310056583,-1.9077756622341848,No
-0.07191738037536759,-0.07191738037536759,0.07748809162565778,0.5347042039428055,0.6065418470656582,0.6783794901885108,No
0.3762990356277085,0.3762990356277085,0.22689356362668314,-0.1118345841628684,0.24735363145139488,0.6783794901885108,No
-0.3707283243774183,-0.5201337963784437,-0.6695392683794691,-2.266963877848448,-1.6922627328656268,-1.1175615878828056,No
0.22689356362668314,0.22689356362668314,0.22689356362668314,0.8220547764342161,0.8220547764342161,0.8220547764342161,No
1.8703537556379621,2.0197592276389873,2.0197592276389873,-2.697989736585564,-2.697989736585564,-2.7698273797084165,No
0.3762990356277085,0.6751099796297593,0.9739209236318099,-2.697989736585564,-3.344528524691238,-3.2726908815683853,No
1.422137339634886,1.2727318676338606,1.2727318676338606,0.17551598832854223,0.10367834520568957,0.17551598832854223,No
1.2727318676338606,1.2727318676338606,1.1233263956328354,-1.3330745172513636,-0.830211015391395,-0.3273475135314264,No
0.5257045076287339,0.5257045076287339,0.3762990356277085,0.6783794901885108,0.6783794901885108,0.7502171333113634,No
2.318570171641038,2.4679756436420637,2.4679756436420637,-3.560041454059796,-3.7755543834283536,-3.6318790971826487,No
-0.5201337963784437,-0.22132285237639296,0.07748809162565778,-1.4767498034970687,-1.5485874466199214,-1.620425089742774,No
-1.1177556843825451,-1.1177556843825451,-1.1177556843825451,-1.261236874128511,-1.261236874128511,-1.1893992310056583,No
1.1233263956328354,1.1233263956328354,0.9739209236318099,-4.134742599042617,-4.062904955919764,-3.919229669674059,No
0.5257045076287339,0.5257045076287339,0.5257045076287339,0.7502171333113634,0.6065418470656582,0.5347042039428055,No
-0.22132285237639296,-0.07191738037536759,0.07748809162565778,-2.697989736585564,-2.913502665954122,-3.12901559532268,No
-0.07191738037536759,-0.07191738037536759,-0.07191738037536759,0.7502171333113634,0.7502171333113634,0.6783794901885108,No
-0.22132285237639296,0.07748809162565778,0.22689356362668314,-1.1175615878828056,-1.404912160374216,-1.6922627328656268,No
2.169164699640013,2.318570171641038,2.4679756436420637,-1.6922627328656268,-2.482476807217006,-2.482476807217006,No
-0.8189447403804944,-0.8189447403804944,-0.6695392683794691,-0.1118345841628684,-0.2555098704085737,-0.3273475135314264,No
-0.3707283243774183,-0.07191738037536759,-0.07191738037536759,0.3910289176971002,0.3910289176971002,0.46286656081995287,No
0.9739209236318099,1.1233263956328354,1.2727318676338606,0.3191912745742475,-0.1118345841628684,-0.4710227997771317,No
-1.416566628384596,-1.2671611563835707,-1.1177556843825451,-0.1118345841628684,-0.03999694104001574,-0.03999694104001574,No
-0.3707283243774183,-0.5201337963784437,-0.6695392683794691,-0.6146980860228369,-0.5428604428999844,-0.4710227997771317,No
0.5257045076287339,0.5257045076287339,0.5257045076287339,0.8220547764342161,0.8220547764342161,0.8220547764342161,No
-0.22132285237639296,0.07748809162565778,0.07748809162565778,0.3191912745742475,0.3910289176971002,0.3910289176971002,No
-0.9683502123815197,-1.1177556843825451,-1.1177556843825451,-0.399185156654279,-0.3273475135314264,-0.2555098704085737,No
0.07748809162565778,-0.07191738037536759,-0.07191738037536759,-0.6146980860228369,-0.6865357291456896,-0.830211015391395,No
-0.22132285237639296,-0.22132285237639296,-0.22132285237639296,0.7502171333113634,0.7502171333113634,0.6783794901885108,No
2.617381115643089,2.4679756436420637,2.4679756436420637,-0.9020486585142475,-0.3273475135314264,-0.03999694104001574,No
-0.07191738037536759,-0.22132285237639296,-0.3707283243774183,0.17551598832854223,0.17551598832854223,0.10367834520568957,No
0.5257045076287339,0.6751099796297593,0.8245154516307847,0.7502171333113634,0.6065418470656582,0.46286656081995287,No
2.0197592276389873,2.0197592276389873,1.8703537556379621,0.6783794901885108,0.6783794901885108,0.6783794901885108,No
2.617381115643089,2.766786587644114,2.766786587644114,-2.7698273797084165,-2.841665022831269,-2.913502665954122,No
0.9739209236318099,0.9739209236318099,0.8245154516307847,-1.045723944759953,-0.7583733722685423,-0.399185156654279,No
0.22689356362668314,0.5257045076287339,0.6751099796297593,-0.2555098704085737,-0.399185156654279,-0.5428604428999844,No
0.3762990356277085,0.3762990356277085,0.3762990356277085,-0.830211015391395,-0.5428604428999844,-0.18367222728572105,No
1.5715428116359114,1.422137339634886,1.2727318676338606,-2.626152093462711,-1.7641003759884795,-0.9020486585142475,No
0.9739209236318099,0.9739209236318099,0.8245154516307847,0.3910289176971002,0.46286656081995287,0.46286656081995287,No
0.22689356362668314,0.07748809162565778,0.22689356362668314,0.031840702082836916,-0.2555098704085737,-0.5428604428999844,No
0.3762990356277085,0.3762990356277085,0.22689356362668314,-1.045723944759953,-1.045723944759953,-1.1175615878828056,No
0.6751099796297593,0.9739209236318099,0.9739209236318099,-0.4710227997771317,-1.1893992310056583,-1.9077756622341848,No
0.07748809162565778,0.07748809162565778,0.07748809162565778,0.17551598832854223,-0.03999694104001574,-0.3273475135314264,No
1.2727318676338606,1.2727318676338606,1.2727318676338606,0.8220547764342161,0.8220547764342161,0.8220547764342161,No
-0.22132285237639296,-0.22132285237639296,-0.22132285237639296,0.24735363145139488,0.17551598832854223,0.17551598832854223,No
2.4679756436420637,2.4679756436420637,2.4679756436420637,-2.5543144503398585,-1.620425089742774,-0.7583733722685423,No
1.7209482836369367,1.8703537556379621,1.8703537556379621,-1.5485874466199214,-1.8359380191113321,-2.123288591602743,No
0.22689356362668314,0.22689356362668314,0.07748809162565778,-0.1118345841628684,-0.03999694104001574,0.031840702082836916,No
0.07748809162565778,0.07748809162565778,0.22689356362668314,0.24735363145139488,-0.18367222728572105,-0.6146980860228369,No
-0.9683502123815197,-0.9683502123815197,-0.9683502123815197,0.46286656081995287,0.46286656081995287,0.46286656081995287,No
1.422137339634886,1.5715428116359114,1.7209482836369367,-2.410639164094153,-2.5543144503398585,-2.697989736585564,No
0.07748809162565778,-0.07191738037536759,-0.07191738037536759,0.031840702082836916,-0.1118345841628684,-0.2555098704085737,No
-1.2671611563835707,-1.2671611563835707,-1.416566628384596,-0.03999694104001574,0.031840702082836916,0.10367834520568957,No
0.8245154516307847,0.6751099796297593,0.5257045076287339,0.6783794901885108,0.7502171333113634,0.7502171333113634,No
1.8703537556379621,1.7209482836369367,1.422137339634886,-1.9077756622341848,-1.045723944759953,-1.045723944759953,No
0.22689356362668314,0.22689356362668314,0.3762990356277085,0.3910289176971002,0.3191912745742475,0.10367834520568957,No
1.5715428116359114,1.5715428116359114,1.5715428116359114,-0.3273475135314264,-0.7583733722685423,-1.1893992310056583,No
1.422137339634886,1.1233263956328354,0.9739209236318099,-0.7583733722685423,-0.4710227997771317,-0.1118345841628684,No
1.7209482836369367,1.8703537556379621,2.169164699640013,-3.6318790971826487,-3.8473920265512063,-4.062904955919764,No
0.07748809162565778,0.07748809162565778,0.07748809162565778,0.7502171333113634,0.8220547764342161,0.8220547764342161,No
0.3762990356277085,0.22689356362668314,0.22689356362668314,0.5347042039428055,0.5347042039428055,0.5347042039428055,No
1.7209482836369367,1.7209482836369367,1.5715428116359114,-0.1118345841628684,-0.03999694104001574,0.10367834520568957,No
-0.3707283243774183,-0.3707283243774183,-0.5201337963784437,0.3191912745742475,0.3191912745742475,0.3910289176971002,No
-0.07191738037536759,0.07748809162565778,0.3762990356277085,-0.3273475135314264,-1.045723944759953,-1.8359380191113321,No
1.422137339634886,1.2727318676338606,1.2727318676338606,0.8938924195570688,0.8938924195570688,0.8938924195570688,No
-0.5201337963784437,-0.5201337963784437,-0.5201337963784437,-0.399185156654279,-0.3273475135314264,-0.3273475135314264,No
1.1233263956328354,0.9739209236318099,0.8245154516307847,0.031840702082836916,0.5347042039428055,0.6065418470656582,No
1.1233263956328354,1.2727318676338606,1.1233263956328354,-0.830211015391395,-0.6146980860228369,-0.399185156654279,No
3.2150030036471904,3.2150030036471904,3.0655975316461648,-2.123288591602743,-2.05145094847989,-1.620425089742774,No
2.617381115643089,2.617381115643089,2.766786587644114,-2.338801520971301,-2.482476807217006,-2.410639164094153,No
-0.07191738037536759,-0.07191738037536759,-0.07191738037536759,0.8938924195570688,0.8220547764342161,0.7502171333113634,No
0.9739209236318099,0.8245154516307847,0.8245154516307847,0.6783794901885108,0.6783794901885108,0.6783794901885108,No
1.422137339634886,1.5715428116359114,1.8703537556379621,-0.399185156654279,-0.9020486585142475,-1.5485874466199214,No
2.0197592276389873,1.8703537556379621,1.7209482836369367,0.3191912745742475,0.46286656081995287,0.6783794901885108,No
-0.8189447403804944,-0.9683502123815197,-0.9683502123815197,-0.2555098704085737,-0.18367222728572105,-0.18367222728572105,No
0.9739209236318099,0.9739209236318099,0.8245154516307847,-1.620425089742774,-1.3330745172513636,-1.1175615878828056,No
1.7209482836369367,1.8703537556379621,2.0197592276389873,-2.123288591602743,-2.05145094847989,-2.05145094847989,No
0.22689356362668314,0.3762990356277085,0.3762990356277085,-2.7698273797084165,-2.913502665954122,-2.5543144503398585,No
0.22689356362668314,0.22689356362668314,0.22689356362668314,0.5347042039428055,0.46286656081995287,0.46286656081995287,No
0.22689356362668314,0.3762990356277085,0.5257045076287339,-2.841665022831269,-2.7698273797084165,-2.05145094847989,No
-0.9683502123815197,-0.9683502123815197,-0.8189447403804944,-1.045723944759953,-1.1893992310056583,-1.404912160374216,No
1.5715428116359114,1.7209482836369367,1.8703537556379621,-0.1118345841628684,-0.6865357291456896,-1.261236874128511,No
-0.8189447403804944,-0.8189447403804944,-0.6695392683794691,-0.2555098704085737,-0.03999694104001574,0.17551598832854223,No
2.766786587644114,2.617381115643089,2.4679756436420637,-0.830211015391395,-0.399185156654279,-0.1118345841628684,No
0.22689356362668314,0.22689356362668314,0.22689356362668314,-0.9738863016371002,-0.9020486585142475,-0.830211015391395,No
-0.3707283243774183,-0.3707283243774183,-0.3707283243774183,0.3910289176971002,0.46286656081995287,0.46286656081995287,No
0.5257045076287339,0.8245154516307847,1.1233263956328354,0.031840702082836916,-0.3273475135314264,-0.9020486585142475,No
-0.9683502123815197,-0.9683502123815197,-0.9683502123815197,-2.697989736585564,-2.697989736585564,-2.7698273797084165,No
0.9739209236318099,0.9739209236318099,0.9739209236318099,0.8220547764342161,0.7502171333113634,0.7502171333113634,No
2.4679756436420637,2.318570171641038,2.318570171641038,-2.626152093462711,-2.482476807217006,-1.8359380191113321,No
-0.6695392683794691,-0.8189447403804944,-0.8189447403804944,0.24735363145139488,0.24735363145139488,0.17551598832854223,No
0.3762990356277085,0.22689356362668314,0.22689356362668314,0.8220547764342161,0.8220547764342161,0.8220547764342161,No
0.5257045076287339,0.6751099796297593,0.6751099796297593,-0.3273475135314264,-0.4710227997771317,-0.7583733722685423,No
-0.3707283243774183,-0.3707283243774183,-0.3707283243774183,0.17551598832854223,0.031840702082836916,-0.1118345841628684,No
-0.5201337963784437,-0.5201337963784437,-0.6695392683794691,0.46286656081995287,0.46286656081995287,0.3910289176971002,No
2.0197592276389873,1.8703537556379621,1.7209482836369367,-0.18367222728572105,0.031840702082836916,0.3191912745742475,No
0.22689356362668314,0.22689356362668314,0.22689356362668314,0.3191912745742475,0.46286656081995287,0.6065418470656582,No
0.5257045076287339,0.3762990356277085,0.3762990356277085,0.10367834520568957,0.031840702082836916,0.031840702082836916,No
1.7209482836369367,2.0197592276389873,2.4679756436420637,-1.404912160374216,-2.1951262347255955,-2.913502665954122,No
0.8245154516307847,0.8245154516307847,0.8245154516307847,0.46286656081995287,0.46286656081995287,0.46286656081995287,No
-1.2671611563835707,-1.416566628384596,-1.2671611563835707,-1.1893992310056583,-1.045723944759953,-0.9020486585142475,No
2.0197592276389873,2.169164699640013,2.318570171641038,-2.482476807217006,-2.410639164094153,-2.410639164094153,No
-0.22132285237639296,-0.07191738037536759,-0.07191738037536759,0.3910289176971002,0.3910289176971002,0.24735363145139488,No
-1.1177556843825451,-1.2671611563835707,-1.2671611563835707,0.031840702082836916,-0.03999694104001574,-0.03999694104001574,No
0.07748809162565778,0.07748809162565778,-0.07191738037536759,0.46286656081995287,0.46286656081995287,0.3910289176971002,No
-0.8189447403804944,-0.6695392683794691,-0.5201337963784437,-1.4767498034970687,-1.7641003759884795,-2.05145094847989,No
1.8703537556379621,2.0197592276389873,2.0197592276389873,-3.4163661678140906,-3.2008532384455326,-2.913502665954122,No
0.3762990356277085,0.6751099796297593,0.8245154516307847,-0.5428604428999844,-0.9738863016371002,-1.404912160374216,No
0.5257045076287339,0.5257045076287339,0.5257045076287339,0.3910289176971002,0.46286656081995287,0.5347042039428055,No
2.0197592276389873,1.8703537556379621,1.7209482836369367,-2.410639164094153,-1.4767498034970687,-0.5428604428999844,No
1.2727318676338606,1.2727318676338606,1.1233263956328354,0.3910289176971002,0.3910289176971002,0.3910289176971002,No
0.3762990356277085,0.22689356362668314,0.22689356362668314,0.6783794901885108,0.6783794901885108,0.6783794901885108,No
2.4679756436420637,2.4679756436420637,2.4679756436420637,-2.410639164094153,-2.482476807217006,-2.626152093462711,No
-0.8189447403804944,-0.9683502123815197,-0.9683502123815197,0.46286656081995287,0.46286656081995287,0.3910289176971002,No
1.422137339634886,1.5715428116359114,1.7209482836369367,-3.8473920265512063,-4.062904955919764,-4.20658024216547,No
-1.864783044387672,-1.864783044387672,-1.864783044387672,-0.399185156654279,-0.399185156654279,-0.399185156654279,No
-0.22132285237639296,-0.22132285237639296,-0.22132285237639296,-1.7641003759884795,-1.9796133053570375,-2.123288591602743,No
-0.22132285237639296,-0.3707283243774183,-0.3707283243774183,0.6065418470656582,0.7502171333113634,0.7502171333113634,No
0.6751099796297593,0.5257045076287339,0.5257045076287339,0.6065418470656582,0.6065418470656582,0.6065418470656582,No
-0.07191738037536759,-0.22132285237639296,-0.22132285237639296,0.7502171333113634,0.6783794901885108,0.6783794901885108,No
2.4679756436420637,2.4679756436420637,2.318570171641038,-2.05145094847989,-2.05145094847989,-2.05145094847989,No
1.7209482836369367,1.7209482836369367,1.5715428116359114,-0.2555098704085737,0.24735363145139488,0.7502171333113634,No
-0.22132285237639296,-0.07191738037536759,0.22689356362668314,-1.261236874128511,-1.620425089742774,-2.123288591602743,No
0.9739209236318099,0.9739209236318099,0.8245154516307847,0.17551598832854223,0.24735363145139488,0.3191912745742475,No
1.5715428116359114,1.5715428116359114,1.7209482836369367,-0.1118345841628684,-0.399185156654279,-0.5428604428999844,No
0.07748809162565778,0.22689356362668314,0.3762990356277085,-2.626152093462711,-2.7698273797084165,-2.913502665954122,No
2.9161920596451396,2.9161920596451396,2.766786587644114,-2.7698273797084165,-2.410639164094153,-1.7641003759884795,No
-0.5201337963784437,-0.22132285237639296,-0.07191738037536759,0.6065418470656582,0.5347042039428055,0.5347042039428055,No
0.22689356362668314,0.3762990356277085,0.3762990356277085,-2.626152093462711,-3.4163661678140906,-3.2726908815683853,No
-0.6695392683794691,-0.6695392683794691,-0.6695392683794691,0.17551598832854223,0.10367834520568957,0.031840702082836916,No
-1.1177556843825451,-0.8189447403804944,-0.5201337963784437,-1.9796133053570375,-1.7641003759884795,-1.5485874466199214,No
-1.2671611563835707,-1.2671611563835707,-1.416566628384596,0.3910289176971002,0.46286656081995287,0.46286656081995287,No
-0.5201337963784437,-0.3707283243774183,-0.22132285237639296,0.031840702082836916,-0.2555098704085737,-0.4710227997771317,No
0.3762990356277085,0.3762990356277085,0.3762990356277085,-0.18367222728572105,-0.3273475135314264,-0.9020486585142475,No
-0.6695392683794691,-0.8189447403804944,-0.8189447403804944,0.7502171333113634,0.7502171333113634,0.6783794901885108,No
1.1233263956328354,1.1233263956328354,0.9739209236318099,-0.18367222728572105,0.031840702082836916,0.24735363145139488,No
1.1233263956328354,0.9739209236318099,0.9739209236318099,0.8220547764342161,0.8220547764342161,0.8220547764342161,No
-0.9683502123815197,-0.9683502123815197,-1.1177556843825451,0.8220547764342161,0.8938924195570688,0.8938924195570688,No
0.9739209236318099,0.9739209236318099,0.9739209236318099,0.7502171333113634,0.7502171333113634,0.6783794901885108,No
-0.6695392683794691,-0.8189447403804944,-0.8189447403804944,-1.7641003759884795,-1.7641003759884795,-1.7641003759884795,No
1.422137339634886,1.5715428116359114,1.8703537556379621,-0.830211015391395,-1.4767498034970687,-2.1951262347255955,No
-0.07191738037536759,-0.22132285237639296,-0.22132285237639296,0.3191912745742475,0.3191912745742475,0.3191912745742475,No
1.422137339634886,1.2727318676338606,1.2727318676338606,0.7502171333113634,0.7502171333113634,0.7502171333113634,No
-0.22132285237639296,-0.3707283243774183,-0.3707283243774183,-2.482476807217006,-2.5543144503398585,-2.626152093462711,No
1.2727318676338606,1.5715428116359114,1.7209482836369367,0.6065418470656582,0.5347042039428055,0.3191912745742475,No
0.22689356362668314,0.07748809162565778,0.07748809162565778,-0.6146980860228369,-0.399185156654279,-0.18367222728572105,No
2.766786587644114,2.4679756436420637,2.4679756436420637,-0.2555098704085737,-0.18367222728572105,-0.03999694104001574,No
0.6751099796297593,0.6751099796297593,0.6751099796297593,-0.5428604428999844,-0.18367222728572105,0.17551598832854223,No
0.9739209236318099,0.6751099796297593,0.3762990356277085,-2.1951262347255955,-1.9796133053570375,-1.7641003759884795,No
-1.1177556843825451,-0.9683502123815197,-0.9683502123815197,0.3910289176971002,0.3910289176971002,0.3191912745742475,No
1.2727318676338606,1.1233263956328354,1.2727318676338606,0.17551598832854223,0.10367834520568957,-0.03999694104001574,No
-0.3707283243774183,-0.3707283243774183,-0.5201337963784437,-1.4767498034970687,-1.4767498034970687,-1.5485874466199214,No
0.8245154516307847,1.1233263956328354,1.2727318676338606,-0.5428604428999844,-1.1175615878828056,-1.7641003759884795,No
-0.6695392683794691,-0.6695392683794691,-0.8189447403804944,-2.482476807217006,-2.482476807217006,-2.626152093462711,No
1.422137339634886,1.5715428116359114,1.5715428116359114,-2.410639164094153,-2.338801520971301,-2.1951262347255955,No
1.2727318676338606,1.422137339634886,1.5715428116359114,-0.2555098704085737,-0.6865357291456896,-1.045723944759953,No
1.7209482836369367,2.0197592276389873,2.318570171641038,-0.6146980860228369,-1.5485874466199214,-2.410639164094153,No
-2.0141885163886974,-2.0141885163886974,-1.7153775723866467,-0.3273475135314264,-0.399185156654279,-0.4710227997771317,No
-0.3707283243774183,-0.3707283243774183,-0.5201337963784437,-0.830211015391395,-0.9020486585142475,-0.6865357291456896,No
0.8245154516307847,0.8245154516307847,0.8245154516307847,0.8938924195570688,0.8938924195570688,0.8938924195570688,No
1.422137339634886,1.1233263956328354,1.1233263956328354,-0.03999694104001574,0.17551598832854223,0.3191912745742475,No
1.2727318676338606,1.2727318676338606,1.2727318676338606,0.24735363145139488,0.24735363145139488,0.3191912745742475,No
-0.8189447403804944,-0.8189447403804944,-0.8189447403804944,-1.261236874128511,-1.3330745172513636,-1.3330745172513636,No
-0.3707283243774183,-0.3707283243774183,-0.5201337963784437,0.8220547764342161,0.8938924195570688,0.8938924195570688,No
1.2727318676338606,1.1233263956328354,1.1233263956328354,-0.3273475135314264,-0.18367222728572105,0.031840702082836916,No
0.8245154516307847,0.6751099796297593,0.6751099796297593,0.8220547764342161,0.8220547764342161,0.8220547764342161,No
0.9739209236318099,0.8245154516307847,0.6751099796297593,0.8220547764342161,0.8220547764342161,0.7502171333113634,No
2.169164699640013,2.318570171641038,2.4679756436420637,-1.620425089742774,-1.9796133053570375,-1.9796133053570375,No
0.22689356362668314,0.22689356362668314,0.3762990356277085,0.3910289176971002,-0.03999694104001574,-0.4710227997771317,No
2.169164699640013,2.0197592276389873,1.8703537556379621,0.5347042039428055,0.3910289176971002,0.3191912745742475,No
0.9739209236318099,0.9739209236318099,0.9739209236318099,0.3910289176971002,0.24735363145139488,0.10367834520568957,No
-0.9683502123815197,-0.9683502123815197,-0.9683502123815197,-0.6146980860228369,-0.7583733722685423,-0.7583733722685423,No
1.1233263956328354,1.2727318676338606,1.422137339634886,-1.5485874466199214,-1.6922627328656268,-1.7641003759884795,No
-1.416566628384596,-1.5659721003856213,-1.7153775723866467,0.17551598832854223,0.17551598832854223,0.17551598832854223,No
1.422137339634886,1.422137339634886,1.5715428116359114,0.6783794901885108,0.46286656081995287,0.17551598832854223,No
0.5257045076287339,0.5257045076287339,0.3762990356277085,-0.2555098704085737,-0.1118345841628684,0.031840702082836916,No
0.9739209236318099,0.8245154516307847,0.6751099796297593,-1.045723944759953,-0.7583733722685423,-0.5428604428999844,No
-1.5659721003856213,-1.5659721003856213,-1.7153775723866467,-0.830211015391395,-0.9738863016371002,-1.1175615878828056,No
0.6751099796297593,0.5257045076287339,0.3762990356277085,0.8220547764342161,0.8220547764342161,0.8220547764342161,No
-0.9683502123815197,-0.9683502123815197,-0.9683502123815197,-0.2555098704085737,-0.4710227997771317,-0.6146980860228369,No
-0.6695392683794691,-0.6695392683794691,-0.6695392683794691,0.5347042039428055,0.46286656081995287,0.46286656081995287,No
-1.2671611563835707,-0.9683502123815197,-0.8189447403804944,-0.2555098704085737,-0.4710227997771317,-0.6865357291456896,No
0.8245154516307847,0.8245154516307847,1.1233263956328354,-0.5428604428999844,-0.9738863016371002,-1.4767498034970687,No
1.1233263956328354,0.9739209236318099,0.9739209236318099,0.46286656081995287,0.5347042039428055,0.6065418470656582,No
0.6751099796297593,0.5257045076287339,0.5257045076287339,-0.3273475135314264,-0.03999694104001574,0.24735363145139488,No
1.5715428116359114,1.422137339634886,1.2727318676338606,-0.9020486585142475,-0.4710227997771317,-0.03999694104001574,No
0.9739209236318099,0.9739209236318099,0.8245154516307847,0.8220547764342161,0.8938924195570688,0.8938924195570688,No
0.9739209236318099,0.9739209236318099,0.8245154516307847,0.10367834520568957,0.3910289176971002,0.5347042039428055,No
0.07748809162565778,0.3762990356277085,0.6751099796297593,-0.9738863016371002,-1.5485874466199214,-2.1951262347255955,No
1.7209482836369367,1.5715428116359114,1.422137339634886,-0.03999694104001574,-0.03999694104001574,-0.03999694104001574,No
1.2727318676338606,1.1233263956328354,0.9739209236318099,-2.05145094847989,-1.620425089742774,-1.1175615878828056,No
0.8245154516307847,0.6751099796297593,0.5257045076287339,0.5347042039428055,0.5347042039428055,0.5347042039428055,No
0.22689356362668314,0.22689356362668314,0.22689356362668314,0.8938924195570688,0.8938924195570688,0.8938924195570688,No
2.318570171641038,2.169164699640013,2.0197592276389873,-0.6146980860228369,-0.18367222728572105,0.17551598832854223,No
0.8245154516307847,0.9739209236318099,0.9739209236318099,0.6783794901885108,0.5347042039428055,0.3910289176971002,No
1.8703537556379621,1.7209482836369367,1.5715428116359114,0.17551598832854223,0.3910289176971002,0.3910289176971002,No
-0.07191738037536759,-0.22132285237639296,-0.3707283243774183,-0.2555098704085737,-0.18367222728572105,-0.18367222728572105,No
1.422137339634886,1.2727318676338606,1.1233263956328354,-0.4710227997771317,0.17551598832854223,0.24735363145139488,No
0.5257045076287339,0.5257045076287339,0.5257045076287339,-2.697989736585564,-2.482476807217006,-2.266963877848448,No
0.6751099796297593,0.6751099796297593,0.6751099796297593,0.6783794901885108,0.6783794901885108,0.6065418470656582,No
2.766786587644114,2.766786587644114,2.766786587644114,-2.482476807217006,-2.266963877848448,-1.5485874466199214,No
1.2727318676338606,1.1233263956328354,0.9739209236318099,0.46286656081995287,0.46286656081995287,0.46286656081995287,No
0.8245154516307847,0.8245154516307847,0.6751099796297593,0.5347042039428055,0.5347042039428055,0.5347042039428055,No
0.6751099796297593,0.6751099796297593,0.8245154516307847,0.8220547764342161,0.5347042039428055,0.24735363145139488,No
1.422137339634886,1.2727318676338606,1.2727318676338606,0.8938924195570688,0.8938924195570688,0.8938924195570688,No
0.5257045076287339,0.5257045076287339,0.5257045076287339,0.8220547764342161,0.8220547764342161,0.8220547764342161,No
2.169164699640013,2.169164699640013,2.318570171641038,-2.410639164094153,-2.482476807217006,-2.123288591602743,No
0.8245154516307847,0.9739209236318099,0.9739209236318099,0.6783794901885108,0.6065418470656582,0.5347042039428055,No
1.1233263956328354,0.9739209236318099,0.8245154516307847,0.3910289176971002,0.3191912745742475,0.3191912745742475,No
2.0197592276389873,1.8703537556379621,1.7209482836369367,-1.261236874128511,-0.830211015391395,-0.4710227997771317,No
-0.07191738037536759,-0.07191738037536759,0.07748809162565778,0.9657300626799215,0.8220547764342161,0.6783794901885108,No
-0.5201337963784437,-0.6695392683794691,-0.8189447403804944,0.24735363145139488,-0.03999694104001574,-0.2555098704085737,No
-1.2671611563835707,-1.2671611563835707,-1.1177556843825451,-0.18367222728572105,-0.18367222728572105,-0.18367222728572105,No
0.07748809162565778,0.07748809162565778,-0.07191738037536759,-2.338801520971301,-2.338801520971301,-2.266963877848448,No
0.8245154516307847,0.8245154516307847,0.6751099796297593,0.031840702082836916,0.10367834520568957,0.3191912745742475,No
-0.22132285237639296,-0.22132285237639296,-0.22132285237639296,0.8938924195570688,0.8938924195570688,0.8938924195570688,No
-0.9683502123815197,-0.9683502123815197,-0.9683502123815197,0.5347042039428055,0.46286656081995287,0.46286656081995287,No
0.07748809162565778,0.07748809162565778,-0.07191738037536759,0.8220547764342161,0.8938924195570688,0.8220547764342161,No
0.9739209236318099,0.6751099796297593,0.5257045076287339,0.031840702082836916,0.17551598832854223,0.24735363145139488,No
1.8703537556379621,1.8703537556379621,1.7209482836369367,-0.2555098704085737,-0.03999694104001574,0.24735363145139488,No
0.22689356362668314,0.07748809162565778,0.07748809162565778,0.5347042039428055,0.3910289176971002,0.46286656081995287,No
-0.3707283243774183,-0.3707283243774183,-0.3707283243774183,0.8938924195570688,0.8938924195570688,0.8938924195570688,No
-0.8189447403804944,-0.8189447403804944,-1.1177556843825451,0.6065418470656582,0.6065418470656582,0.5347042039428055,No
-0.3707283243774183,-0.22132285237639296,-0.3707283243774183,-0.3273475135314264,0.031840702082836916,0.3910289176971002,No
1.2727318676338606,1.2727318676338606,1.1233263956328354,0.6783794901885108,0.6065418470656582,0.46286656081995287,No
-0.07191738037536759,-0.07191738037536759,0.07748809162565778,0.5347042039428055,0.5347042039428055,0.46286656081995287,No
-0.8189447403804944,-0.8189447403804944,-0.8189447403804944,-2.266963877848448,-2.1951262347255955,-2.1951262347255955,No
-1.2671611563835707,-1.1177556843825451,-1.2671611563835707,-0.4710227997771317,-0.399185156654279,-0.3273475135314264,No
1.7209482836369367,1.7209482836369367,1.7209482836369367,-0.4710227997771317,-0.3273475135314264,-0.2555098704085737,No
1.5715428116359114,1.422137339634886,1.2727318676338606,0.8938924195570688,0.8938924195570688,0.8938924195570688,No
-0.5201337963784437,-0.5201337963784437,-0.6695392683794691,0.3910289176971002,0.46286656081995287,0.46286656081995287,No
-0.6695392683794691,-0.6695392683794691,-0.8189447403804944,0.031840702082836916,-0.03999694104001574,-0.1118345841628684,No
2.766786587644114,2.766786587644114,2.766786587644114,-2.1951262347255955,-2.05145094847989,-1.9796133053570375,No
-1.416566628384596,-1.5659721003856213,-1.5659721003856213,-0.5428604428999844,-0.3273475135314264,-0.18367222728572105,No
-1.2671611563835707,-1.1177556843825451,-1.2671611563835707,-0.3273475135314264,-0.2555098704085737,-0.2555098704085737,No
-0.07191738037536759,-0.07191738037536759,0.07748809162565778,-0.03999694104001574,0.17551598832854223,0.3191912745742475,No
-0.07191738037536759,-0.07191738037536759,-0.07191738037536759,0.3191912745742475,0.3910289176971002,0.46286656081995287,No
-0.5201337963784437,-0.5201337963784437,-0.6695392683794691,0.3191912745742475,0.3910289176971002,0.3191912745742475,No
-0.07191738037536759,-0.07191738037536759,-0.07191738037536759,0.8220547764342161,0.6065418470656582,0.3910289176971002,No
0.3762990356277085,0.3762990356277085,0.5257045076287339,0.3910289176971002,0.17551598832854223,-0.03999694104001574,No
0.3762990356277085,0.3762990356277085,0.3762990356277085,0.46286656081995287,0.46286656081995287,0.5347042039428055,No
2.318570171641038,2.318570171641038,2.318570171641038,-2.05145094847989,-1.8359380191113321,-1.3330745172513636,No
1.7209482836369367,1.7209482836369367,1.7209482836369367,-2.482476807217006,-2.338801520971301,-2.1951262347255955,No
2.318570171641038,2.318570171641038,2.318570171641038,-1.4767498034970687,-1.404912160374216,-1.261236874128511,No
1.1233263956328354,1.1233263956328354,1.1233263956328354,0.8938924195570688,0.8938924195570688,0.8938924195570688,No
0.9739209236318099,0.9739209236318099,0.9739209236318099,0.46286656081995287,0.5347042039428055,0.3910289176971002,No
-2.312999460390748,-2.1635939883897226,-2.1635939883897226,0.46286656081995287,0.46286656081995287,0.3910289176971002,No
0.9739209236318099,1.1233263956328354,1.1233263956328354,-2.5543144503398585,-2.7698273797084165,-2.9853403090769746,No
-0.6695392683794691,-0.5201337963784437,-0.3707283243774183,-0.9020486585142475,-1.5485874466199214,-1.6922627328656268,No
-0.07191738037536759,-0.22132285237639296,-0.22132285237639296,-0.6146980860228369,-0.7583733722685423,-0.9020486585142475,No
0.6751099796297593,0.6751099796297593,0.6751099796297593,0.8220547764342161,0.8220547764342161,0.7502171333113634,No
1.422137339634886,1.2727318676338606,1.1233263956328354,0.6065418470656582,0.6065418470656582,0.6783794901885108,No
1.1233263956328354,1.2727318676338606,1.2727318676338606,-1.261236874128511,-1.4767498034970687,-1.6922627328656268,No
-0.9683502123815197,-0.9683502123815197,-0.9683502123815197,0.10367834520568957,0.031840702082836916,-0.1118345841628684,No
-0.22132285237639296,-0.3707283243774183,-0.5201337963784437,0.46286656081995287,0.6065418470656582,0.6065418470656582,No
0.9739209236318099,0.9739209236318099,0.9739209236318099,0.5347042039428055,0.6065418470656582,0.7502171333113634,No
0.9739209236318099,0.9739209236318099,0.9739209236318099,0.17551598832854223,0.031840702082836916,-0.18367222728572105,No
1.2727318676338606,1.422137339634886,1.422137339634886,-2.410639164094153,-2.482476807217006,-2.5543144503398585,No
0.8245154516307847,0.8245154516307847,0.9739209236318099,-0.9020486585142475,-1.7641003759884795,-2.697989736585564,No
-0.5201337963784437,-0.5201337963784437,-0.6695392683794691,0.5347042039428055,0.5347042039428055,0.5347042039428055,No
-0.6695392683794691,-0.5201337963784437,-0.5201337963784437,-0.4710227997771317,-0.6865357291456896,-0.830211015391395,No
2.169164699640013,2.0197592276389873,2.0197592276389873,-0.9738863016371002,-0.18367222728572105,0.5347042039428055,No
-0.07191738037536759,-0.07191738037536759,-0.07191738037536759,0.24735363145139488,0.3910289176971002,0.46286656081995287,No
0.22689356362668314,0.3762990356277085,0.22689356362668314,-3.2008532384455326,-2.7698273797084165,-2.266963877848448,No
-0.8189447403804944,-0.9683502123815197,-0.9683502123815197,0.3191912745742475,0.3910289176971002,0.3910289176971002,No
1.5715428116359114,1.422137339634886,1.422137339634886,0.17551598832854223,0.3910289176971002,0.5347042039428055,No
2.318570171641038,2.169164699640013,2.0197592276389873,-0.4710227997771317,-0.1118345841628684,0.24735363145139488,No
-0.3707283243774183,-0.3707283243774183,-0.22132285237639296,0.6783794901885108,0.6065418470656582,0.6065418470656582,No
-0.5201337963784437,-0.6695392683794691,-0.6695392683794691,0.3191912745742475,0.3191912745742475,0.3191912745742475,No
0.9739209236318099,0.9739209236318099,0.8245154516307847,-0.5428604428999844,-0.2555098704085737,-0.2555098704085737,No
-0.3707283243774183,-0.22132285237639296,-0.22132285237639296,0.7502171333113634,0.46286656081995287,0.17551598832854223,No
-0.22132285237639296,-0.22132285237639296,-0.22132285237639296,0.6783794901885108,0.6783794901885108,0.6783794901885108,No
0.6751099796297593,0.9739209236318099,1.1233263956328354,-0.5428604428999844,-0.9738863016371002,-1.3330745172513636,No
0.6751099796297593,0.6751099796297593,0.5257045076287339,-0.399185156654279,-0.1118345841628684,0.10367834520568957,No
-0.22132285237639296,-0.22132285237639296,-0.07191738037536759,-2.410639164094153,-2.5543144503398585,-2.410639164094153,No
1.1233263956328354,1.1233263956328354,0.9739209236318099,-0.7583733722685423,-0.9020486585142475,-0.5428604428999844,No
0.9739209236318099,0.6751099796297593,0.6751099796297593,-0.1118345841628684,0.10367834520568957,-0.03999694104001574,No
-1.864783044387672,-1.7153775723866467,-1.7153775723866467,0.3191912745742475,0.24735363145139488,0.17551598832854223,No
1.8703537556379621,1.7209482836369367,1.5715428116359114,-1.4767498034970687,-0.7583733722685423,-0.03999694104001574,No
-0.07191738037536759,-0.22132285237639296,-0.22132285237639296,0.8220547764342161,0.8220547764342161,0.8220547764342161,No
-0.3707283243774183,-0.3707283243774183,-0.3707283243774183,0.3910289176971002,0.5347042039428055,0.6065418470656582,No
-0.3707283243774183,-0.22132285237639296,-0.22132285237639296,-1.261236874128511,-1.3330745172513636,-1.404912160374216,No
2.318570171641038,2.318570171641038,2.318570171641038,-1.9796133053570375,-2.05145094847989,-2.05145094847989,No
0.3762990356277085,0.3762990356277085,0.3762990356277085,0.8220547764342161,0.8220547764342161,0.8220547764342161,No
0.5257045076287339,0.3762990356277085,0.3762990356277085,0.17551598832854223,0.24735363145139488,0.3191912745742475,No
-1.1177556843825451,-1.1177556843825451,-0.6695392683794691,-0.399185156654279,-0.4710227997771317,-0.6146980860228369,No
1.7209482836369367,1.7209482836369367,1.7209482836369367,-2.410639164094153,-1.9077756622341848,-1.4767498034970687,No
-1.1177556843825451,-0.9683502123815197,-0.8189447403804944,-1.1893992310056583,-1.3330745172513636,-1.620425089742774,No
-0.8189447403804944,-0.6695392683794691,-0.3707283243774183,-0.03999694104001574,-0.3273475135314264,-0.6865357291456896,No
0.22689356362668314,0.07748809162565778,-0.07191738037536759,-0.6146980860228369,-0.9020486585142475,-1.261236874128511,No
0.22689356362668314,0.3762990356277085,0.5257045076287339,-0.4710227997771317,-0.6146980860228369,-0.6865357291456896,No
0.3762990356277085,0.3762990356277085,0.22689356362668314,0.24735363145139488,0.24735363145139488,0.17551598832854223,No
-1.864783044387672,-1.864783044387672,-1.864783044387672,-1.9077756622341848,-1.8359380191113321,-1.7641003759884795,No
0.6751099796297593,0.6751099796297593,0.6751099796297593,0.5347042039428055,0.46286656081995287,0.3910289176971002,No
0.9739209236318099,0.9739209236318099,0.9739209236318099,0.6783794901885108,0.6065418470656582,0.5347042039428055,No
0.22689356362668314,0.07748809162565778,0.07748809162565778,0.46286656081995287,0.3910289176971002,0.3191912745742475,No
-0.07191738037536759,-0.07191738037536759,0.07748809162565778,-0.1118345841628684,-0.3273475135314264,-0.5428604428999844,No
-0.5201337963784437,-0.6695392683794691,-0.6695392683794691,0.3910289176971002,0.3910289176971002,0.3910289176971002,No
1.2727318676338606,1.1233263956328354,1.1233263956328354,0.031840702082836916,0.10367834520568957,0.17551598832854223,No
0.22689356362668314,0.22689356362668314,0.22689356362668314,0.6065418470656582,0.46286656081995287,0.24735363145139488,No
-0.22132285237639296,-0.3707283243774183,-0.3707283243774183,-1.1893992310056583,-1.3330745172513636,-1.404912160374216,No
-1.1177556843825451,-0.9683502123815197,-0.6695392683794691,-0.9738863016371002,-1.1893992310056583,-1.404912160374216,No
-0.22132285237639296,-0.07191738037536759,0.07748809162565778,-0.1118345841628684,-0.18367222728572105,-0.2555098704085737,No
0.3762990356277085,0.22689356362668314,0.07748809162565778,0.24735363145139488,0.24735363145139488,0.17551598832854223,No
0.8245154516307847,1.1233263956328354,1.2727318676338606,0.10367834520568957,-0.03999694104001574,-0.830211015391395,No
-0.8189447403804944,-0.8189447403804944,-0.8189447403804944,-1.9796133053570375,-1.9796133053570375,-2.05145094847989,No
0.6751099796297593,0.5257045076287339,0.5257045076287339,-0.2555098704085737,-0.18367222728572105,-0.18367222728572105,No
-0.07191738037536759,-0.07191738037536759,-0.07191738037536759,0.7502171333113634,0.8220547764342161,0.8220547764342161,No
0.9739209236318099,0.8245154516307847,0.6751099796297593,0.46286656081995287,0.46286656081995287,0.46286656081995287,No
0.3762990356277085,0.3762990356277085,0.22689356362668314,0.8938924195570688,0.8938924195570688,0.8938924195570688,No
0.9739209236318099,0.9739209236318099,0.9739209236318099,0.8220547764342161,0.8220547764342161,0.7502171333113634,No
2.169164699640013,2.0197592276389873,1.8703537556379621,0.031840702082836916,0.031840702082836916,0.10367834520568957,No
-0.07191738037536759,-0.07191738037536759,0.07748809162565778,0.7502171333113634,0.6065418470656582,0.46286656081995287,No
-0.5201337963784437,-0.5201337963784437,-0.5201337963784437,-1.6922627328656268,-1.7641003759884795,-1.6922627328656268,No
0.22689356362668314,0.22689356362668314,0.22689356362668314,-0.03999694104001574,0.031840702082836916,0.031840702082836916,No
0.07748809162565778,0.07748809162565778,-0.07191738037536759,-2.1951262347255955,-1.9077756622341848,-1.7641003759884795,No
-0.3707283243774183,-0.5201337963784437,-0.3707283243774183,0.46286656081995287,0.5347042039428055,0.46286656081995287,No
-0.9683502123815197,-0.8189447403804944,-0.8189447403804944,0.24735363145139488,0.3191912745742475,0.3910289176971002,No
-0.07191738037536759,-0.22132285237639296,-0.22132285237639296,-1.8359380191113321,-1.8359380191113321,-1.8359380191113321,No
1.5715428116359114,1.5715428116359114,1.422137339634886,0.5347042039428055,0.46286656081995287,0.46286656081995287,No
0.9739209236318099,1.1233263956328354,1.2727318676338606,0.6065418470656582,0.46286656081995287,0.3910289176971002,No
-0.5201337963784437,-0.6695392683794691,-0.6695392683794691,-0.1118345841628684,0.10367834520568957,0.10367834520568957,No
-1.2671611563835707,-1.2671611563835707,-1.1177556843825451,-1.7641003759884795,-2.05145094847989,-1.8359380191113321,No
1.8703537556379621,1.7209482836369367,1.7209482836369367,-0.3273475135314264,-0.1118345841628684,-0.03999694104001574,No
2.4679756436420637,2.4679756436420637,2.318570171641038,-0.7583733722685423,-0.6865357291456896,-0.6146980860228369,No
0.3762990356277085,0.5257045076287339,0.5257045076287339,-0.399185156654279,-0.5428604428999844,-0.6865357291456896,No
1.422137339634886,1.422137339634886,1.422137339634886,-0.9020486585142475,-1.1175615878828056,-1.045723944759953,No
2.0197592276389873,1.8703537556379621,1.8703537556379621,0.6783794901885108,0.7502171333113634,0.8220547764342161,No
0.6751099796297593,0.6751099796297593,0.8245154516307847,-0.3273475135314264,-0.399185156654279,-0.5428604428999844,No
0.5257045076287339,0.5257045076287339,0.5257045076287339,0.8220547764342161,0.8220547764342161,0.8220547764342161,No
1.5715428116359114,1.422137339634886,1.2727318676338606,0.10367834520568957,0.10367834520568957,0.10367834520568957,No
-0.07191738037536759,-0.22132285237639296,-0.3707283243774183,-0.2555098704085737,-0.2555098704085737,-0.2555098704085737,No
-1.1177556843825451,-1.1177556843825451,-1.1177556843825451,-0.4710227997771317,-0.3273475135314264,-0.1118345841628684,No
-1.416566628384596,-1.5659721003856213,-1.5659721003856213,0.3910289176971002,0.3910289176971002,0.46286656081995287,No
0.07748809162565778,0.07748809162565778,-0.07191738037536759,0.031840702082836916,0.5347042039428055,0.5347042039428055,No
1.422137339634886,1.422137339634886,1.2727318676338606,-0.4710227997771317,-0.3273475135314264,-0.18367222728572105,No
0.22689356362668314,0.07748809162565778,-0.22132285237639296,-0.1118345841628684,0.17551598832854223,0.24735363145139488,No
2.169164699640013,2.318570171641038,2.4679756436420637,-1.620425089742774,-2.123288591602743,-2.266963877848448,No
2.4679756436420637,2.318570171641038,2.318570171641038,-3.0571779521998272,-2.338801520971301,-1.5485874466199214,No
1.7209482836369367,1.5715428116359114,1.422137339634886,0.6065418470656582,0.8220547764342161,0.8220547764342161,No
1.2727318676338606,1.1233263956328354,1.1233263956328354,-0.03999694104001574,-0.1118345841628684,-0.1118345841628684,No
1.5715428116359114,1.5715428116359114,1.5715428116359114,0.6783794901885108,0.6065418470656582,0.6065418470656582,No
1.2727318676338606,1.422137339634886,1.422137339634886,0.6065418470656582,0.46286656081995287,0.3191912745742475,No
-0.8189447403804944,-0.9683502123815197,-0.9683502123815197,0.8220547764342161,0.8938924195570688,0.8938924195570688,No
-0.3707283243774183,-0.5201337963784437,-0.6695392683794691,0.7502171333113634,0.6065418470656582,0.5347042039428055,No
-0.07191738037536759,0.07748809162565778,0.3762990356277085,-0.5428604428999844,-0.9738863016371002,-1.5485874466199214,No
1.7209482836369367,1.7209482836369367,1.7209482836369367,-3.2726908815683853,-2.9853403090769746,-2.697989736585564,No
0.07748809162565778,0.07748809162565778,-0.07191738037536759,-0.1118345841628684,-0.03999694104001574,0.17551598832854223,No
1.5715428116359114,1.8703537556379621,2.0197592276389873,-0.7583733722685423,-1.045723944759953,-1.261236874128511,No
0.9739209236318099,0.9739209236318099,0.9739209236318099,0.5347042039428055,0.5347042039428055,0.24735363145139488,No
2.318570171641038,2.318570171641038,2.169164699640013,-1.4767498034970687,-0.9738863016371002,-0.399185156654279,No
-0.3707283243774183,-0.5201337963784437,-0.5201337963784437,0.10367834520568957,0.10367834520568957,0.031840702082836916,No
2.0197592276389873,2.0197592276389873,2.0197592276389873,-0.3273475135314264,-0.1118345841628684,0.10367834520568957,No
1.2727318676338606,1.1233263956328354,1.1233263956328354,0.6065418470656582,0.6783794901885108,0.6783794901885108,No
-1.2671611563835707,-1.2671611563835707,-1.2671611563835707,0.3191912745742475,0.3910289176971002,0.3910289176971002,No
0.22689356362668314,0.22689356362668314,0.07748809162565778,-0.5428604428999844,-0.4710227997771317,-0.399185156654279,No
1.5715428116359114,1.422137339634886,1.2727318676338606,-0.2555098704085737,0.24735363145139488,0.6783794901885108,No
2.318570171641038,2.318570171641038,2.169164699640013,-1.6922627328656268,-1.4767498034970687,-1.261236874128511,No
2.0197592276389873,2.169164699640013,2.318570171641038,-2.697989736585564,-2.913502665954122,-3.12901559532268,No
2.0197592276389873,1.8703537556379621,1.7209482836369367,-1.1893992310056583,-0.9020486585142475,-0.3273475135314264,No
2.4679756436420637,2.617381115643089,2.766786587644114,-2.266963877848448,-2.338801520971301,-2.410639164094153,No
0.6751099796297593,0.6751099796297593,0.6751099796297593,-2.410639164094153,-1.9796133053570375,-1.4767498034970687,No
0.07748809162565778,0.07748809162565778,0.07748809162565778,0.8220547764342161,0.7502171333113634,0.7502171333113634,No
-0.8189447403804944,-0.9683502123815197,-1.1177556843825451,0.10367834520568957,0.031840702082836916,-0.03999694104001574,No
1.422137339634886,1.422137339634886,1.422137339634886,0.8220547764342161,0.8220547764342161,0.8220547764342161,No
1.422137339634886,1.422137339634886,1.2727318676338606,-0.1118345841628684,0.17551598832854223,0.46286656081995287,No
1.2727318676338606,1.2727318676338606,0.9739209236318099,0.7502171333113634,0.8220547764342161,0.8220547764342161,No
0.22689356362668314,0.22689356362668314,0.22689356362668314,0.10367834520568957,0.24735363145139488,0.3191912745742475,No
1.8703537556379621,1.7209482836369367,1.7209482836369367,-0.03999694104001574,0.24735363145139488,0.3191912745742475,No
1.5715428116359114,1.5715428116359114,1.5715428116359114,-1.6922627328656268,-1.5485874466199214,-1.404912160374216,No
0.5257045076287339,0.6751099796297593,0.8245154516307847,-2.338801520971301,-2.5543144503398585,-2.697989736585564,No
1.2727318676338606,1.2727318676338606,1.2727318676338606,0.5347042039428055,0.17551598832854223,-0.1118345841628684,No
0.22689356362668314,0.07748809162565778,0.07748809162565778,0.7502171333113634,0.7502171333113634,0.7502171333113634,No
-0.6695392683794691,-0.6695392683794691,-0.8189447403804944,-0.830211015391395,-0.6865357291456896,-0.5428604428999844,No
-0.5201337963784437,-0.6695392683794691,-0.8189447403804944,-1.4767498034970687,-1.404912160374216,-1.045723944759953,No
-1.5659721003856213,-1.5659721003856213,-1.7153775723866467,0.5347042039428055,0.5347042039428055,0.5347042039428055,No
2.4679756436420637,2.4679756436420637,2.318570171641038,-2.913502665954122,-2.9853403090769746,-3.0571779521998272,No
1.422137339634886,1.2727318676338606,1.422137339634886,0.3910289176971002,0.46286656081995287,0.17551598832854223,No
0.22689356362668314,0.3762990356277085,0.3762990356277085,0.3191912745742475,-0.03999694104001574,-0.3273475135314264,No
-0.22132285237639296,-0.3707283243774183,-0.22132285237639296,-0.7583733722685423,-0.830211015391395,-0.6865357291456896,No
-0.5201337963784437,-0.6695392683794691,-0.6695392683794691,-0.18367222728572105,-0.18367222728572105,-0.2555098704085737,No
1.7209482836369367,1.7209482836369367,1.7209482836369367,-2.482476807217006,-2.1951262347255955,-1.8359380191113321,No
-0.3707283243774183,-0.3707283243774183,-0.3707283243774183,0.7502171333113634,0.8220547764342161,0.8220547764342161,No
0.9739209236318099,0.8245154516307847,0.6751099796297593,-0.1118345841628684,-0.03999694104001574,-0.03999694104001574,No
-0.3707283243774183,-0.3707283243774183,-0.22132285237639296,-1.6922627328656268,-1.7641003759884795,-1.8359380191113321,No
2.0197592276389873,2.0197592276389873,2.0197592276389873,-0.6865357291456896,-0.5428604428999844,-0.18367222728572105,No
-0.9683502123815197,-0.9683502123815197,-0.9683502123815197,0.3910289176971002,0.3191912745742475,0.3191912745742475,No
-1.416566628384596,-1.2671611563835707,-1.1177556843825451,-0.399185156654279,-0.6146980860228369,-0.7583733722685423,No
-0.3707283243774183,-0.3707283243774183,-0.3707283243774183,0.7502171333113634,0.7502171333113634,0.7502171333113634,No
0.9739209236318099,0.8245154516307847,0.8245154516307847,0.24735363145139488,0.24735363145139488,0.24735363145139488,No
-1.5659721003856213,-1.5659721003856213,-1.5659721003856213,-0.3273475135314264,-0.2555098704085737,-0.18367222728572105,No
0.9739209236318099,1.2727318676338606,1.5715428116359114,-3.0571779521998272,-3.703716740305501,-3.703716740305501,No
0.9739209236318099,1.2727318676338606,1.422137339634886,-3.703716740305501,-4.20658024216547,-4.20658024216547,No
-0.3707283243774183,-0.5201337963784437,-0.5201337963784437,-0.18367222728572105,-0.18367222728572105,-0.1118345841628684,No
-1.5659721003856213,-1.5659721003856213,-1.5659721003856213,0.7502171333113634,0.7502171333113634,0.5347042039428055,No
1.1233263956328354,0.9739209236318099,0.9739209236318099,0.3910289176971002,0.46286656081995287,0.46286656081995287,No
1.422137339634886,1.422137339634886,1.2727318676338606,-0.6146980860228369,-0.18367222728572105,0.24735363145139488,No
2.4679756436420637,2.169164699640013,2.0197592276389873,-1.7641003759884795,-1.1893992310056583,-0.6865357291456896,No
0.6751099796297593,0.8245154516307847,0.8245154516307847,0.8220547764342161,0.6065418470656582,0.3910289176971002,No
-1.5659721003856213,-1.2671611563835707,-1.1177556843825451,-0.6146980860228369,-0.5428604428999844,-0.4710227997771317,No
-0.07191738037536759,-0.22132285237639296,-0.3707283243774183,-1.7641003759884795,-1.261236874128511,-0.9738863016371002,No
-2.1635939883897226,-2.312999460390748,-2.312999460390748,-1.1175615878828056,-1.1893992310056583,-1.1893992310056583,No
2.0197592276389873,2.0197592276389873,1.8703537556379621,-1.8359380191113321,-1.1893992310056583,-0.9738863016371002,No
0.3762990356277085,0.3762990356277085,0.5257045076287339,0.8220547764342161,0.7502171333113634,0.7502171333113634,No
0.9739209236318099,0.8245154516307847,0.5257045076287339,-0.9020486585142475,-0.5428604428999844,-0.18367222728572105,No
-1.2671611563835707,-1.416566628384596,-1.416566628384596,0.8220547764342161,0.8938924195570688,0.7502171333113634,No
1.422137339634886,1.422137339634886,1.2727318676338606,0.6065418470656582,0.6065418470656582,0.5347042039428055,No
-1.1177556843825451,-1.1177556843825451,-1.1177556843825451,-0.7583733722685423,-1.1893992310056583,-1.5485874466199214,No
0.22689356362668314,0.07748809162565778,0.07748809162565778,0.8220547764342161,0.7502171333113634,0.6065418470656582,No
-0.3707283243774183,-0.22132285237639296,-0.22132285237639296,-1.6922627328656268,-1.7641003759884795,-1.8359380191113321,No
1.422137339634886,1.422137339634886,1.422137339634886,-3.2008532384455326,-2.913502665954122,-2.626152093462711,No
-0.22132285237639296,-0.07191738037536759,0.22689356362668314,0.17551598832854223,-0.3273475135314264,-0.830211015391395,No
-1.1177556843825451,-1.1177556843825451,-1.1177556843825451,0.10367834520568957,0.031840702082836916,-0.18367222728572105,No
-0.22132285237639296,-0.07191738037536759,-0.07191738037536759,0.8220547764342161,0.6065418470656582,0.46286656081995287,No
-0.22132285237639296,-0.07191738037536759,-0.22132285237639296,0.3191912745742475,0.3910289176971002,0.46286656081995287,No
2.169164699640013,2.169164699640013,2.169164699640013,-2.697989736585564,-2.123288591602743,-1.5485874466199214,No
0.3762990356277085,0.3762990356277085,0.22689356362668314,0.7502171333113634,0.7502171333113634,0.8220547764342161,No
-1.1177556843825451,-1.1177556843825451,-1.1177556843825451,-0.3273475135314264,-0.2555098704085737,-0.2555098704085737,No
1.7209482836369367,1.8703537556379621,1.8703537556379621,-2.338801520971301,-2.338801520971301,-2.266963877848448,No
-1.7153775723866467,-1.864783044387672,-1.864783044387672,-0.9020486585142475,-0.9020486585142475,-0.9020486585142475,No
2.318570171641038,2.169164699640013,2.169164699640013,-1.9796133053570375,-1.6922627328656268,-0.9738863016371002,No
1.1233263956328354,1.1233263956328354,1.1233263956328354,0.6783794901885108,0.6783794901885108,0.6065418470656582,No
0.5257045076287339,0.3762990356277085,0.3762990356277085,0.17551598832854223,0.17551598832854223,-0.1118345841628684,No
-1.7153775723866467,-1.864783044387672,-1.864783044387672,-0.2555098704085737,-0.2555098704085737,-0.2555098704085737,No
1.7209482836369367,1.8703537556379621,1.7209482836369367,-2.266963877848448,-2.266963877848448,-1.8359380191113321,No
-0.9683502123815197,-0.9683502123815197,-0.9683502123815197,-2.482476807217006,-2.697989736585564,-2.697989736585564,No
-0.22132285237639296,-0.22132285237639296,-0.22132285237639296,-2.266963877848448,-2.338801520971301,-2.410639164094153,No
1.2727318676338606,1.7209482836369367,2.0197592276389873,-1.261236874128511,-1.8359380191113321,-2.410639164094153,No
-0.5201337963784437,-0.5201337963784437,-0.6695392683794691,-0.7583733722685423,-0.6146980860228369,-0.4710227997771317,No
0.8245154516307847,0.8245154516307847,0.8245154516307847,0.5347042039428055,0.5347042039428055,0.3191912745742475,No
0.5257045076287339,0.5257045076287339,0.6751099796297593,-1.404912160374216,-1.261236874128511,-1.045723944759953,No
1.2727318676338606,1.5715428116359114,1.5715428116359114,-2.697989736585564,-2.841665022831269,-2.913502665954122,No
1.1233263956328354,1.1233263956328354,0.9739209236318099,-0.03999694104001574,0.3191912745742475,0.3910289176971002,No
1.7209482836369367,1.422137339634886,1.422137339634886,-0.6865357291456896,-0.1118345841628684,0.031840702082836916,No
0.07748809162565778,-0.07191738037536759,-0.07191738037536759,0.031840702082836916,0.24735363145139488,0.46286656081995287,No
2.169164699640013,2.169164699640013,2.169164699640013,-1.3330745172513636,-0.6146980860228369,0.031840702082836916,No
1.2727318676338606,1.5715428116359114,1.5715428116359114,-1.620425089742774,-2.266963877848448,-2.266963877848448,No
0.8245154516307847,0.6751099796297593,0.6751099796297593,-0.4710227997771317,-0.5428604428999844,-0.6146980860228369,No
1.2727318676338606,1.1233263956328354,1.1233263956328354,0.6065418470656582,0.5347042039428055,0.46286656081995287,No
2.0197592276389873,2.169164699640013,2.169164699640013,-3.2008532384455326,-3.2008532384455326,-3.12901559532268,No
-0.6695392683794691,-0.5201337963784437,-0.5201337963784437,0.031840702082836916,0.17551598832854223,0.24735363145139488,No
-0.8189447403804944,-0.9683502123815197,-0.9683502123815197,0.7502171333113634,0.7502171333113634,0.7502171333113634,No
2.617381115643089,2.766786587644114,2.766786587644114,-1.9077756622341848,-1.9796133053570375,-1.9077756622341848,No
2.4679756436420637,2.4679756436420637,2.617381115643089,-2.266963877848448,-2.482476807217006,-2.697989736585564,No
0.22689356362668314,0.22689356362668314,0.22689356362668314,0.8220547764342161,0.6783794901885108,0.46286656081995287,No
-1.5659721003856213,-1.7153775723866467,-1.7153775723866467,-1.5485874466199214,-1.8359380191113321,-2.05145094847989,No
1.5715428116359114,1.8703537556379621,1.8703537556379621,-0.399185156654279,-0.399185156654279,-0.4710227997771317,No
1.422137339634886,1.5715428116359114,1.7209482836369367,0.46286656081995287,0.24735363145139488,0.10367834520568957,No
0.22689356362668314,0.3762990356277085,0.5257045076287339,0.5347042039428055,0.5347042039428055,0.5347042039428055,No
1.2727318676338606,1.5715428116359114,2.0197592276389873,-0.4710227997771317,-1.1175615878828056,-1.6922627328656268,No
-0.07191738037536759,-0.07191738037536759,-0.07191738037536759,0.46286656081995287,0.3910289176971002,0.3191912745742475,No
0.22689356362668314,0.3762990356277085,0.6751099796297593,-0.18367222728572105,-0.399185156654279,-0.5428604428999844,No
-0.8189447403804944,-0.8189447403804944,-0.6695392683794691,0.10367834520568957,-0.03999694104001574,-0.18367222728572105,No
-0.8189447403804944,-0.9683502123815197,-1.1177556843825451,0.46286656081995287,0.3191912745742475,0.24735363145139488,No
-0.6695392683794691,-0.8189447403804944,-0.8189447403804944,0.5347042039428055,0.3191912745742475,0.17551598832854223,No
-0.9683502123815197,-0.8189447403804944,-0.8189447403804944,0.17551598832854223,0.24735363145139488,0.3191912745742475,No
-0.07191738037536759,0.07748809162565778,0.3762990356277085,0.10367834520568957,0.17551598832854223,0.24735363145139488,No
-0.5201337963784437,-0.5201337963784437,-0.5201337963784437,0.7502171333113634,0.7502171333113634,0.6783794901885108,No
2.4679756436420637,2.617381115643089,2.766786587644114,-2.1951262347255955,-2.1951262347255955,-2.266963877848448,No
1.422137339634886,1.2727318676338606,1.1233263956328354,0.46286656081995287,0.8220547764342161,0.8220547764342161,No
1.2727318676338606,1.2727318676338606,1.1233263956328354,0.3910289176971002,0.3910289176971002,0.10367834520568957,No
-0.3707283243774183,-0.3707283243774183,-0.3707283243774183,0.17551598832854223,0.17551598832854223,0.17551598832854223,No
-0.3707283243774183,-0.3707283243774183,-0.3707283243774183,0.7502171333113634,0.8220547764342161,0.8220547764342161,No
-0.07191738037536759,-0.07191738037536759,-0.07191738037536759,-0.9738863016371002,-0.9738863016371002,-0.9020486585142475,No
0.6751099796297593,0.9739209236318099,1.1233263956328354,-1.9796133053570375,-2.5543144503398585,-3.12901559532268,No
-0.5201337963784437,-0.5201337963784437,-0.6695392683794691,0.8220547764342161,0.8220547764342161,0.8220547764342161,No
-1.1177556843825451,-0.9683502123815197,-0.8189447403804944,-0.830211015391395,-1.045723944759953,-0.830211015391395,No
-1.2671611563835707,-1.2671611563835707,-1.1177556843825451,-1.4767498034970687,-1.5485874466199214,-1.620425089742774,No
-0.07191738037536759,-0.22132285237639296,-0.22132285237639296,0.24735363145139488,0.10367834520568957,-0.1118345841628684,No
0.22689356362668314,0.22689356362668314,0.5257045076287339,-1.261236874128511,-2.05145094847989,-2.7698273797084165,No
0.3762990356277085,0.3762990356277085,0.3762990356277085,-3.6318790971826487,-3.560041454059796,-3.4882038109369433,No
-0.07191738037536759,-0.07191738037536759,-0.07191738037536759,0.6065418470656582,0.6065418470656582,0.6065418470656582,No
2.9161920596451396,2.766786587644114,2.766786587644114,-1.1893992310056583,-0.6146980860228369,-0.5428604428999844,No
-0.07191738037536759,0.07748809162565778,0.22689356362668314,-2.7698273797084165,-2.7698273797084165,-2.7698273797084165,No
1.1233263956328354,1.1233263956328354,1.1233263956328354,0.17551598832854223,0.3191912745742475,0.46286656081995287,No
1.7209482836369367,1.7209482836369367,1.5715428116359114,-3.0571779521998272,-2.841665022831269,-2.05145094847989,No
1.422137339634886,1.422137339634886,1.422137339634886,-2.05145094847989,-1.8359380191113321,-1.5485874466199214,No
0.3762990356277085,0.3762990356277085,0.22689356362668314,0.8938924195570688,0.8938924195570688,0.8938924195570688,No
1.2727318676338606,1.422137339634886,1.2727318676338606,-3.2726908815683853,-3.4882038109369433,-3.344528524691238,No
-0.5201337963784437,-0.6695392683794691,-0.8189447403804944,-2.1951262347255955,-1.9077756622341848,-1.5485874466199214,No
-0.5201337963784437,-0.5201337963784437,-0.3707283243774183,-0.1118345841628684,-0.3273475135314264,-0.6146980860228369,No
2.0197592276389873,2.0197592276389873,1.8703537556379621,0.8220547764342161,0.8220547764342161,0.8220547764342161,No
-0.3707283243774183,-0.5201337963784437,-0.5201337963784437,-2.410639164094153,-2.338801520971301,-2.266963877848448,No
0.6751099796297593,1.1233263956328354,1.422137339634886,-1.8359380191113321,-2.338801520971301,-2.5543144503398585,No
-1.1177556843825451,-1.1177556843825451,-1.2671611563835707,0.3191912745742475,0.3191912745742475,0.24735363145139488,No
-1.416566628384596,-1.5659721003856213,-1.5659721003856213,0.3191912745742475,0.17551598832854223,0.10367834520568957,No
2.318570171641038,2.169164699640013,2.0197592276389873,-1.620425089742774,-1.045723944759953,-0.5428604428999844,No
1.422137339634886,1.2727318676338606,1.2727318676338606,-1.1175615878828056,-0.7583733722685423,-0.3273475135314264,No
1.422137339634886,1.5715428116359114,1.5715428116359114,-1.9796133053570375,-1.9077756622341848,-1.4767498034970687,No
-1.1177556843825451,-1.1177556843825451,-1.1177556843825451,-0.2555098704085737,-0.399185156654279,-0.5428604428999844,No
1.422137339634886,1.422137339634886,1.422137339634886,-0.18367222728572105,-0.1118345841628684,-0.03999694104001574,No
2.4679756436420637,2.4679756436420637,2.318570171641038,-1.9077756622341848,-1.261236874128511,-0.6146980860228369,No
-0.22132285237639296,-0.3707283243774183,-0.3707283243774183,0.6065418470656582,0.6783794901885108,0.7502171333113634,No
0.3762990356277085,0.22689356362668314,0.07748809162565778,-1.1893992310056583,-0.830211015391395,-0.399185156654279,No
1.5715428116359114,1.5715428116359114,1.422137339634886,0.24735363145139488,0.3910289176971002,0.3910289176971002,No
1.422137339634886,1.5715428116359114,1.8703537556379621,0.17551598832854223,0.031840702082836916,-0.6865357291456896,No
-0.22132285237639296,-0.3707283243774183,-0.6695392683794691,-1.045723944759953,-1.1893992310056583,-1.3330745172513636,No
0.07748809162565778,0.07748809162565778,0.22689356362668314,-4.350255528411175,-4.350255528411175,-4.134742599042617,No
1.1233263956328354,1.2727318676338606,1.422137339634886,-1.9796133053570375,-2.626152093462711,-2.5543144503398585,No
1.1233263956328354,1.1233263956328354,0.9739209236318099,0.6783794901885108,0.7502171333113634,0.7502171333113634,No
2.318570171641038,2.169164699640013,2.0197592276389873,-0.9020486585142475,-0.5428604428999844,-0.18367222728572105,No
-1.1177556843825451,-1.1177556843825451,-1.1177556843825451,0.031840702082836916,-0.03999694104001574,-0.03999694104001574,No
-0.5201337963784437,-0.5201337963784437,-0.3707283243774183,0.8938924195570688,0.8938924195570688,0.8220547764342161,No
1.5715428116359114,1.5715428116359114,1.5715428116359114,-1.1175615878828056,-1.1893992310056583,-0.6146980860228369,No
-1.1177556843825451,-1.1177556843825451,-1.1177556843825451,-0.2555098704085737,-0.6146980860228369,-0.9020486585142475,No
0.3762990356277085,0.5257045076287339,0.5257045076287339,-1.4767498034970687,-1.3330745172513636,-1.261236874128511,No
-0.6695392683794691,-0.5201337963784437,-0.5201337963784437,-0.9020486585142475,-1.1175615878828056,-0.9738863016371002,No
-0.5201337963784437,-0.5201337963784437,-0.5201337963784437,-2.697989736585564,-2.697989736585564,-2.626152093462711,No
0.6751099796297593,0.9739209236318099,0.9739209236318099,-2.410639164094153,-3.12901559532268,-3.0571779521998272,No
1.422137339634886,1.422137339634886,1.2727318676338606,0.3910289176971002,0.46286656081995287,0.46286656081995287,No
2.169164699640013,2.4679756436420637,2.617381115643089,-1.1893992310056583,-1.620425089742774,-1.5485874466199214,No
1.7209482836369367,1.5715428116359114,1.422137339634886,0.46286656081995287,0.5347042039428055,0.46286656081995287,No
-0.22132285237639296,-0.22132285237639296,-0.22132285237639296,-0.2555098704085737,-0.1118345841628684,0.031840702082836916,No
-0.22132285237639296,-0.22132285237639296,-0.22132285237639296,0.031840702082836916,0.031840702082836916,0.10367834520568957,No
1.1233263956328354,1.422137339634886,1.5715428116359114,-1.5485874466199214,-1.620425089742774,-1.7641003759884795,No
0.9739209236318099,0.9739209236318099,0.8245154516307847,0.7502171333113634,0.7502171333113634,0.6783794901885108,No
-0.3707283243774183,-0.3707283243774183,-0.5201337963784437,-3.919229669674059,-3.8473920265512063,-3.7755543834283536,No
-0.5201337963784437,-0.3707283243774183,-0.07191738037536759,-1.1893992310056583,-1.261236874128511,-1.404912160374216,No
2.766786587644114,2.766786587644114,2.766786587644114,-1.9796133053570375,-1.9796133053570375,-1.9077756622341848,No
1.8703537556379621,1.8703537556379621,1.8703537556379621,0.3191912745742475,0.10367834520568957,-0.1118345841628684,No
-0.5201337963784437,-0.6695392683794691,-0.6695392683794691,0.8938924195570688,0.8220547764342161,0.7502171333113634,No
0.5257045076287339,0.6751099796297593,0.6751099796297593,-1.1175615878828056,-1.1175615878828056,-1.1175615878828056,No
1.1233263956328354,1.1233263956328354,1.1233263956328354,-2.5543144503398585,-2.123288591602743,-1.6922627328656268,No
0.6751099796297593,0.8245154516307847,0.9739209236318099,-1.261236874128511,-1.3330745172513636,-1.1175615878828056,No
2.318570171641038,2.318570171641038,2.318570171641038,-2.697989736585564,-2.482476807217006,-1.5485874466199214,No
-0.5201337963784437,-0.5201337963784437,-0.3707283243774183,0.5347042039428055,0.6783794901885108,0.6783794901885108,No
1.7209482836369367,1.7209482836369367,1.7209482836369367,0.8938924195570688,0.8938924195570688,0.8938924195570688,No
2.169164699640013,2.318570171641038,2.318570171641038,-3.4882038109369433,-3.4163661678140906,-3.2726908815683853,No
0.8245154516307847,0.8245154516307847,0.6751099796297593,0.8938924195570688,0.8938924195570688,0.8938924195570688,No
1.2727318676338606,1.2727318676338606,1.422137339634886,0.6065418470656582,0.24735363145139488,-0.18367222728572105,No
0.3762990356277085,0.22689356362668314,0.22689356362668314,-0.2555098704085737,-0.2555098704085737,-0.2555098704085737,No
1.5715428116359114,1.5715428116359114,1.422137339634886,-1.045723944759953,-0.6146980860228369,-0.1118345841628684,No
-0.5201337963784437,-0.6695392683794691,-0.6695392683794691,-0.03999694104001574,0.17551598832854223,0.17551598832854223,No
1.8703537556379621,1.8703537556379621,2.0197592276389873,0.17551598832854223,-0.1118345841628684,-0.399185156654279,No
0.22689356362668314,0.22689356362668314,0.22689356362668314,-0.6865357291456896,-0.7583733722685423,-0.830211015391395,No
-0.22132285237639296,-0.07191738037536759,0.07748809162565778,-0.1118345841628684,-0.18367222728572105,-0.18367222728572105,No
0.8245154516307847,0.8245154516307847,0.8245154516307847,-0.9738863016371002,-0.830211015391395,-0.3273475135314264,No
1.8703537556379621,1.7209482836369367,1.5715428116359114,0.46286656081995287,0.6065418470656582,0.8220547764342161,No
2.9161920596451396,3.0655975316461648,3.0655975316461648,-2.841665022831269,-2.697989736585564,-2.482476807217006,No
1.2727318676338606,1.1233263956328354,0.9739209236318099,0.5347042039428055,0.6065418470656582,0.6065418470656582,No
-0.07191738037536759,-0.07191738037536759,-0.07191738037536759,0.3910289176971002,0.46286656081995287,0.5347042039428055,No
0.3762990356277085,0.5257045076287339,0.6751099796297593,-1.7641003759884795,-2.123288591602743,-2.338801520971301,No
-0.22132285237639296,-0.22132285237639296,-0.22132285237639296,0.10367834520568957,0.10367834520568957,0.3191912745742475,No
-0.3707283243774183,-0.3707283243774183,-0.5201337963784437,-0.03999694104001574,-0.1118345841628684,-0.1118345841628684,No
1.7209482836369367,1.7209482836369367,1.8703537556379621,-0.6146980860228369,-0.9738863016371002,-1.1175615878828056,No
1.2727318676338606,1.422137339634886,1.7209482836369367,-0.5428604428999844,-0.9020486585142475,-1.4767498034970687,No
-0.5201337963784437,-0.6695392683794691,-0.6695392683794691,-0.830211015391395,-0.9738863016371002,-1.1893992310056583,No
2.0197592276389873,2.0197592276389873,1.8703537556379621,0.6783794901885108,0.6065418470656582,0.6065418470656582,No
0.07748809162565778,0.22689356362668314,0.22689356362668314,-0.2555098704085737,-0.4710227997771317,-0.830211015391395,No
1.7209482836369367,1.5715428116359114,1.422137339634886,0.8938924195570688,0.8220547764342161,0.8220547764342161,No
0.07748809162565778,0.07748809162565778,0.07748809162565778,0.10367834520568957,0.17551598832854223,0.031840702082836916,No
0.5257045076287339,0.6751099796297593,0.6751099796297593,-2.1951262347255955,-2.1951262347255955,-2.266963877848448,No
-0.3707283243774183,-0.5201337963784437,-0.5201337963784437,-0.18367222728572105,-0.18367222728572105,-0.18367222728572105,No
-1.416566628384596,-1.5659721003856213,-1.5659721003856213,0.24735363145139488,0.17551598832854223,0.10367834520568957,No
0.07748809162565778,-0.07191738037536759,-0.22132285237639296,-0.7583733722685423,-0.5428604428999844,-0.3273475135314264,No
-0.07191738037536759,-0.22132285237639296,-0.22132285237639296,0.5347042039428055,0.5347042039428055,0.46286656081995287,No
2.169164699640013,2.169164699640013,2.318570171641038,-2.5543144503398585,-2.482476807217006,-2.410639164094153,No
3.0655975316461648,3.0655975316461648,2.9161920596451396,-3.2726908815683853,-2.841665022831269,-2.482476807217006,No
1.422137339634886,1.422137339634886,1.2727318676338606,-0.399185156654279,-0.2555098704085737,-0.1118345841628684,No
2.617381115643089,2.766786587644114,2.766786587644114,-2.697989736585564,-2.5543144503398585,-2.338801520971301,No
3.0655975316461648,3.0655975316461648,2.9161920596451396,-0.399185156654279,-0.18367222728572105,-0.03999694104001574,No
-0.3707283243774183,-0.3707283243774183,-0.07191738037536759,-0.7583733722685423,-1.1893992310056583,-1.6922627328656268,No
2.169164699640013,2.169164699640013,2.169164699640013,-0.4710227997771317,-0.4710227997771317,-0.399185156654279,No
1.422137339634886,1.2727318676338606,0.9739209236318099,-1.8359380191113321,-1.3330745172513636,-0.830211015391395,No
-0.6695392683794691,-0.8189447403804944,-0.9683502123815197,-0.1118345841628684,-0.1118345841628684,-0.1118345841628684,No
0.9739209236318099,0.8245154516307847,0.8245154516307847,0.46286656081995287,0.46286656081995287,0.46286656081995287,No
-0.3707283243774183,-0.22132285237639296,0.07748809162565778,-0.6146980860228369,-0.7583733722685423,-0.9020486585142475,No
1.5715428116359114,1.422137339634886,1.2727318676338606,0.3191912745742475,0.3910289176971002,0.3910289176971002,No
-0.3707283243774183,-0.3707283243774183,-0.3707283243774183,-0.830211015391395,-0.9020486585142475,-1.045723944759953,No
0.07748809162565778,-0.22132285237639296,-0.22132285237639296,0.5347042039428055,0.6065418470656582,0.6783794901885108,No
0.9739209236318099,0.9739209236318099,0.6751099796297593,0.5347042039428055,0.46286656081995287,0.46286656081995287,No
2.169164699640013,1.8703537556379621,1.5715428116359114,-2.410639164094153,-1.620425089742774,-0.7583733722685423,No
-0.07191738037536759,-0.22132285237639296,-0.22132285237639296,0.17551598832854223,0.17551598832854223,0.17551598832854223,No
3.2150030036471904,3.3644084756482155,3.513813947649241,-2.841665022831269,-2.697989736585564,-2.482476807217006,No
0.22689356362668314,0.07748809162565778,-0.07191738037536759,0.7502171333113634,0.7502171333113634,0.7502171333113634,No
0.07748809162565778,0.22689356362668314,0.07748809162565778,-1.1893992310056583,-1.1175615878828056,-0.9738863016371002,No
0.3762990356277085,0.3762990356277085,0.22689356362668314,0.8220547764342161,0.8220547764342161,0.8220547764342161,No
-0.3707283243774183,-0.3707283243774183,-0.3707283243774183,0.24735363145139488,0.17551598832854223,0.17551598832854223,No
2.4679756436420637,2.617381115643089,2.766786587644114,-2.482476807217006,-3.0571779521998272,-2.913502665954122,No
0.5257045076287339,0.3762990356277085,0.3762990356277085,0.46286656081995287,0.5347042039428055,0.5347042039428055,No
2.766786587644114,2.617381115643089,2.4679756436420637,-2.626152093462711,-1.620425089742774,-0.6146980860228369,No
2.0197592276389873,1.8703537556379621,1.8703537556379621,-0.5428604428999844,-0.3273475135314264,-0.1118345841628684,No
-0.6695392683794691,-0.6695392683794691,-0.6695392683794691,-0.9738863016371002,-1.1175615878828056,-1.261236874128511,No
1.2727318676338606,1.1233263956328354,1.2727318676338606,0.46286656081995287,0.3910289176971002,0.3910289176971002,No
1.2727318676338606,1.422137339634886,1.7209482836369367,-0.18367222728572105,-0.6146980860228369,-0.9738863016371002,No
0.3762990356277085,0.3762990356277085,0.3762990356277085,0.8220547764342161,0.8220547764342161,0.8938924195570688,No
1.7209482836369367,1.5715428116359114,1.5715428116359114,-1.7641003759884795,-0.7583733722685423,0.24735363145139488,No
1.422137339634886,1.7209482836369367,1.8703537556379621,-2.05145094847989,-2.410639164094153,-2.697989736585564,No
1.8703537556379621,1.7209482836369367,1.7209482836369367,0.3910289176971002,0.3910289176971002,0.3191912745742475,No
-0.5201337963784437,-0.3707283243774183,-0.5201337963784437,-1.8359380191113321,-1.7641003759884795,-1.6922627328656268,No
0.6751099796297593,0.9739209236318099,1.2727318676338606,-0.6146980860228369,-0.9020486585142475,-1.5485874466199214,No
0.22689356362668314,0.22689356362668314,0.22689356362668314,0.7502171333113634,0.7502171333113634,0.7502171333113634,No
2.4679756436420637,2.4679756436420637,2.4679756436420637,-1.9796133053570375,-2.05145094847989,-1.9077756622341848,No
-0.8189447403804944,-0.6695392683794691,-0.6695392683794691,0.031840702082836916,-0.03999694104001574,-0.18367222728572105,No
2.9161920596451396,2.9161920596451396,2.766786587644114,-1.7641003759884795,-1.261236874128511,-0.6865357291456896,No
0.6751099796297593,0.6751099796297593,0.9739209236318099,0.3910289176971002,-0.6865357291456896,-1.6922627328656268,No
-1.5659721003856213,-1.7153775723866467,-1.7153775723866467,-0.18367222728572105,-0.18367222728572105,-0.18367222728572105,No
1.2727318676338606,1.1233263956328354,0.9739209236318099,0.3191912745742475,0.3910289176971002,0.3910289176971002,No
2.617381115643089,2.318570171641038,2.318570171641038,-1.7641003759884795,-1.1175615878828056,-0.399185156654279,No
0.8245154516307847,0.9739209236318099,0.8245154516307847,-0.03999694104001574,0.3191912745742475,0.6065418470656582,No
-0.6695392683794691,-0.6695392683794691,-0.5201337963784437,0.8220547764342161,0.8220547764342161,0.8220547764342161,No
1.8703537556379621,1.8703537556379621,1.8703537556379621,-0.7583733722685423,-0.7583733722685423,-0.7583733722685423,No
2.169164699640013,2.318570171641038,2.4679756436420637,-2.9853403090769746,-3.12901559532268,-3.2008532384455326,No
-0.07191738037536759,-0.22132285237639296,-0.22132285237639296,0.9657300626799215,0.9657300626799215,0.9657300626799215,No
-0.6695392683794691,-0.6695392683794691,-0.6695392683794691,0.8220547764342161,0.8220547764342161,0.8938924195570688,No
-0.3707283243774183,-0.22132285237639296,-0.07191738037536759,-0.6146980860228369,-0.5428604428999844,-0.5428604428999844,No
1.8703537556379621,1.7209482836369367,1.8703537556379621,0.3191912745742475,0.031840702082836916,-0.2555098704085737,No
2.0197592276389873,1.8703537556379621,1.8703537556379621,0.8938924195570688,0.8938924195570688,0.8220547764342161,No
-0.3707283243774183,-0.3707283243774183,-0.3707283243774183,-1.7641003759884795,-1.9077756622341848,-1.9796133053570375,No
1.8703537556379621,1.8703537556379621,1.7209482836369367,0.10367834520568957,-0.1118345841628684,-0.399185156654279,No
1.8703537556379621,1.7209482836369367,1.7209482836369367,-0.03999694104001574,0.24735363145139488,0.3191912745742475,No
1.422137339634886,1.422137339634886,1.2727318676338606,-0.7583733722685423,-0.830211015391395,-0.830211015391395,No
-0.22132285237639296,-0.22132285237639296,-0.22132285237639296,0.17551598832854223,0.3191912745742475,0.3910289176971002,No
0.5257045076287339,0.5257045076287339,0.5257045076287339,0.6783794901885108,0.6065418470656582,0.5347042039428055,No
-0.22132285237639296,-0.07191738037536759,0.22689356362668314,0.10367834520568957,-0.18367222728572105,-0.4710227997771317,No
1.422137339634886,1.5715428116359114,1.5715428116359114,-2.266963877848448,-2.05145094847989,-1.7641003759884795,No
-0.6695392683794691,-0.6695392683794691,-0.6695392683794691,0.8220547764342161,0.7502171333113634,0.6065418470656582,No
2.169164699640013,2.169164699640013,2.0197592276389873,-1.7641003759884795,-1.1893992310056583,-0.6146980860228369,No
-1.1177556843825451,-1.1177556843825451,-1.1177556843825451,0.3910289176971002,0.6065418470656582,0.5347042039428055,No
1.422137339634886,1.5715428116359114,1.7209482836369367,0.46286656081995287,0.46286656081995287,0.10367834520568957,No
1.5715428116359114,1.422137339634886,1.422137339634886,-2.338801520971301,-1.9796133053570375,-1.6922627328656268,No
0.07748809162565778,0.07748809162565778,0.07748809162565778,-0.1118345841628684,-0.03999694104001574,0.031840702082836916,No
0.5257045076287339,0.3762990356277085,0.3762990356277085,-1.1175615878828056,-0.9738863016371002,-0.830211015391395,No
0.6751099796297593,0.6751099796297593,0.5257045076287339,0.46286656081995287,0.6065418470656582,0.6783794901885108,No
-0.8189447403804944,-0.6695392683794691,-0.6695392683794691,-0.4710227997771317,-0.5428604428999844,-0.6146980860228369,No
1.5715428116359114,1.5715428116359114,1.422137339634886,-1.3330745172513636,-1.261236874128511,-1.1893992310056583,No
1.2727318676338606,1.2727318676338606,1.1233263956328354,0.8220547764342161,0.8220547764342161,0.8220547764342161,No
-0.3707283243774183,-0.3707283243774183,-0.3707283243774183,0.3191912745742475,0.3191912745742475,0.3191912745742475,No
-0.6695392683794691,-0.6695392683794691,-0.8189447403804944,-0.3273475135314264,-0.3273475135314264,-0.3273475135314264,No
1.5715428116359114,1.422137339634886,1.422137339634886,0.5347042039428055,0.5347042039428055,0.5347042039428055,No
0.6751099796297593,0.5257045076287339,0.3762990356277085,-1.261236874128511,-0.9738863016371002,-0.7583733722685423,No
-0.3707283243774183,-0.6695392683794691,-0.8189447403804944,-1.1893992310056583,-1.3330745172513636,-1.4767498034970687,No
0.07748809162565778,0.07748809162565778,0.3762990356277085,-2.9853403090769746,-2.9853403090769746,-3.0571779521998272,No
-0.9683502123815197,-1.2671611563835707,-1.416566628384596,0.031840702082836916,-0.03999694104001574,-0.03999694104001574,No
0.6751099796297593,0.5257045076287339,0.5257045076287339,-0.03999694104001574,0.10367834520568957,0.3191912745742475,No
-0.6695392683794691,-0.8189447403804944,-0.8189447403804944,0.8938924195570688,0.8938924195570688,0.8220547764342161,No
0.6751099796297593,0.8245154516307847,1.1233263956328354,-0.830211015391395,-1.1893992310056583,-1.620425089742774,No
0.22689356362668314,0.07748809162565778,-0.07191738037536759,-0.3273475135314264,0.3910289176971002,0.46286656081995287,No
-0.9683502123815197,-0.8189447403804944,-0.8189447403804944,-2.7698273797084165,-2.7698273797084165,-2.7698273797084165,No
-0.6695392683794691,-0.8189447403804944,-0.8189447403804944,-0.18367222728572105,-0.2555098704085737,-0.399185156654279,No
-0.07191738037536759,-0.07191738037536759,-0.07191738037536759,0.8220547764342161,0.8220547764342161,0.8220547764342161,No
-0.22132285237639296,-0.22132285237639296,-0.22132285237639296,-0.7583733722685423,-0.7583733722685423,-0.6865357291456896,No
-0.5201337963784437,-0.5201337963784437,-0.6695392683794691,0.6783794901885108,0.6783794901885108,0.6783794901885108,No
-0.07191738037536759,-0.07191738037536759,-0.07191738037536759,0.46286656081995287,0.5347042039428055,0.5347042039428055,No
1.8703537556379621,1.7209482836369367,1.5715428116359114,-0.5428604428999844,-0.18367222728572105,0.10367834520568957,No
-0.5201337963784437,-0.6695392683794691,-0.5201337963784437,0.5347042039428055,0.6065418470656582,0.3191912745742475,No
-0.3707283243774183,-0.5201337963784437,-0.6695392683794691,-0.5428604428999844,-0.7583733722685423,-0.9738863016371002,No
-0.07191738037536759,-0.07191738037536759,0.22689356362668314,-1.3330745172513636,-1.404912160374216,-1.5485874466199214,No
-0.5201337963784437,-0.3707283243774183,-0.3707283243774183,-1.404912160374216,-1.5485874466199214,-1.1893992310056583,No
0.3762990356277085,0.22689356362668314,0.07748809162565778,0.3191912745742475,0.24735363145139488,0.17551598832854223,No
-0.22132285237639296,-0.22132285237639296,-0.22132285237639296,0.6065418470656582,0.6783794901885108,0.6783794901885108,No
-0.22132285237639296,-0.07191738037536759,0.07748809162565778,0.17551598832854223,0.031840702082836916,-0.6146980860228369,No
1.1233263956328354,1.1233263956328354,0.9739209236318099,0.24735363145139488,0.3910289176971002,0.5347042039428055,No
-0.8189447403804944,-0.8189447403804944,-0.8189447403804944,-0.399185156654279,-0.4710227997771317,-0.6146980860228369,No
1.7209482836369367,1.7209482836369367,1.7209482836369367,-0.6146980860228369,-0.6146980860228369,-0.6146980860228369,No
1.7209482836369367,2.0197592276389873,2.169164699640013,-0.9738863016371002,-1.4767498034970687,-1.9077756622341848,No
-0.22132285237639296,-0.3707283243774183,-0.5201337963784437,0.7502171333113634,0.7502171333113634,0.7502171333113634,No
2.617381115643089,2.4679756436420637,2.617381115643089,-3.0571779521998272,-2.841665022831269,-1.9796133053570375,No
1.2727318676338606,1.1233263956328354,0.9739209236318099,-0.03999694104001574,0.10367834520568957,0.24735363145139488,No
1.422137339634886,1.2727318676338606,1.2727318676338606,-0.18367222728572105,-0.18367222728572105,-0.1118345841628684,No
0.9739209236318099,1.1233263956328354,1.2727318676338606,0.5347042039428055,0.24735363145139488,-0.03999694104001574,No
0.5257045076287339,0.6751099796297593,0.9739209236318099,-0.6146980860228369,-0.7583733722685423,-0.9020486585142475,No
-0.5201337963784437,-0.5201337963784437,-0.3707283243774183,0.3910289176971002,0.46286656081995287,0.3910289176971002,No
2.617381115643089,2.766786587644114,2.766786587644114,-3.344528524691238,-3.4163661678140906,-3.2726908815683853,No
1.2727318676338606,1.1233263956328354,1.1233263956328354,0.24735363145139488,0.6065418470656582,0.5347042039428055,No
2.0197592276389873,2.169164699640013,2.169164699640013,-1.620425089742774,-1.7641003759884795,-1.4767498034970687,No
0.3762990356277085,0.22689356362668314,0.07748809162565778,0.24735363145139488,0.3910289176971002,0.5347042039428055,No
0.22689356362668314,0.07748809162565778,-0.07191738037536759,0.17551598832854223,0.24735363145139488,0.24735363145139488,No
-0.3707283243774183,-0.3707283243774183,-0.3707283243774183,0.8938924195570688,0.8220547764342161,0.8220547764342161,No
0.22689356362668314,0.22689356362668314,0.3762990356277085,0.46286656081995287,0.3191912745742475,0.10367834520568957,No
-0.07191738037536759,0.07748809162565778,0.22689356362668314,-0.18367222728572105,-0.9020486585142475,-1.6922627328656268,No
-1.1177556843825451,-0.9683502123815197,-0.6695392683794691,-0.399185156654279,-0.399185156654279,-0.3273475135314264,No
0.8245154516307847,0.9739209236318099,1.2727318676338606,-0.1118345841628684,-0.4710227997771317,-0.830211015391395,No
2.617381115643089,2.4679756436420637,2.4679756436420637,-0.830211015391395,-0.5428604428999844,-0.18367222728572105,No
1.7209482836369367,1.8703537556379621,1.8703537556379621,-1.045723944759953,-1.404912160374216,-1.7641003759884795,No
0.6751099796297593,0.8245154516307847,0.9739209236318099,0.3910289176971002,0.24735363145139488,-0.18367222728572105,No
0.3762990356277085,0.07748809162565778,-0.07191738037536759,0.6065418470656582,0.6065418470656582,0.5347042039428055,No
1.2727318676338606,1.1233263956328354,1.1233263956328354,0.6065418470656582,0.6065418470656582,0.6065418470656582,No
1.2727318676338606,1.2727318676338606,1.2727318676338606,-1.9077756622341848,-1.3330745172513636,-0.7583733722685423,No
2.169164699640013,2.0197592276389873,2.0197592276389873,-0.1118345841628684,-0.03999694104001574,0.031840702082836916,No
-0.8189447403804944,-0.8189447403804944,-0.9683502123815197,-0.1118345841628684,-0.03999694104001574,0.10367834520568957,No
0.5257045076287339,0.5257045076287339,0.6751099796297593,-0.1118345841628684,-0.2555098704085737,-0.3273475135314264,No
-0.8189447403804944,-0.6695392683794691,-0.5201337963784437,-0.18367222728572105,-0.3273475135314264,-0.4710227997771317,No
2.9161920596451396,2.9161920596451396,2.9161920596451396,-3.12901559532268,-3.12901559532268,-3.0571779521998272,No
0.8245154516307847,0.8245154516307847,0.6751099796297593,-0.5428604428999844,-0.6146980860228369,-0.6146980860228369,No
-0.6695392683794691,-0.6695392683794691,-0.6695392683794691,0.7502171333113634,0.7502171333113634,0.8220547764342161,No
0.9739209236318099,0.8245154516307847,0.6751099796297593,0.5347042039428055,0.5347042039428055,0.6065418470656582,No
-0.3707283243774183,-0.5201337963784437,-0.5201337963784437,0.031840702082836916,0.031840702082836916,0.031840702082836916,No
0.07748809162565778,0.07748809162565778,0.07748809162565778,-1.620425089742774,-1.7641003759884795,-1.9077756622341848,No
-0.8189447403804944,-0.8189447403804944,-0.8189447403804944,-0.9738863016371002,-0.7583733722685423,-0.5428604428999844,No
0.6751099796297593,0.6751099796297593,0.5257045076287339,-1.045723944759953,-0.9020486585142475,-0.7583733722685423,No
0.07748809162565778,0.07748809162565778,-0.07191738037536759,-0.7583733722685423,-0.6146980860228369,-0.6146980860228369,No
-0.22132285237639296,-0.3707283243774183,-0.3707283243774183,0.10367834520568957,0.10367834520568957,0.17551598832854223,No
1.1233263956328354,1.2727318676338606,1.5715428116359114,0.24735363145139488,0.10367834520568957,-0.4710227997771317,No
2.169164699640013,2.318570171641038,2.4679756436420637,-2.1951262347255955,-2.482476807217006,-2.697989736585564,No
0.8245154516307847,0.8245154516307847,1.1233263956328354,0.10367834520568957,-0.2555098704085737,-0.6146980860228369,No
2.318570171641038,2.169164699640013,2.0197592276389873,-2.266963877848448,-1.6922627328656268,-1.045723944759953,No
1.1233263956328354,1.1233263956328354,0.9739209236318099,0.3910289176971002,0.6065418470656582,0.6783794901885108,No
1.8703537556379621,1.7209482836369367,1.5715428116359114,-0.1118345841628684,-0.03999694104001574,-0.03999694104001574,No
-0.8189447403804944,-0.8189447403804944,-0.6695392683794691,-0.5428604428999844,-0.6865357291456896,-0.830211015391395,No
2.169164699640013,2.318570171641038,2.318570171641038,-1.9796133053570375,-1.7641003759884795,-1.5485874466199214,No
1.8703537556379621,1.7209482836369367,1.7209482836369367,0.7502171333113634,0.7502171333113634,0.7502171333113634,No
-0.9683502123815197,-1.2671611563835707,-1.416566628384596,-0.03999694104001574,0.031840702082836916,0.10367834520568957,No
-1.2671611563835707,-1.2671611563835707,-1.2671611563835707,0.24735363145139488,0.24735363145139488,0.17551598832854223,No
0.22689356362668314,0.3762990356277085,0.5257045076287339,-1.1893992310056583,-1.8359380191113321,-2.123288591602743,No
2.0197592276389873,1.8703537556379621,1.7209482836369367,0.8220547764342161,0.8220547764342161,0.7502171333113634,No
0.5257045076287339,0.3762990356277085,0.3762990356277085,0.6783794901885108,0.6065418470656582,0.6065418470656582,No
-0.3707283243774183,-0.3707283243774183,-0.22132285237639296,0.7502171333113634,0.7502171333113634,0.46286656081995287,No
-0.9683502123815197,-1.1177556843825451,-1.2671611563835707,-1.4767498034970687,-1.261236874128511,-1.1175615878828056,No
-0.6695392683794691,-0.6695392683794691,-0.6695392683794691,0.3191912745742475,0.10367834520568957,-0.03999694104001574,No
-1.2671611563835707,-1.1177556843825451,-0.9683502123815197,-0.830211015391395,-0.7583733722685423,-0.7583733722685423,No
1.422137339634886,1.5715428116359114,1.5715428116359114,-1.5485874466199214,-1.1893992310056583,-0.7583733722685423,No
0.3762990356277085,0.3762990356277085,0.5257045076287339,0.5347042039428055,0.24735363145139488,0.031840702082836916,No
1.2727318676338606,1.1233263956328354,0.9739209236318099,-0.2555098704085737,0.46286656081995287,0.5347042039428055,No
-0.07191738037536759,-0.07191738037536759,-0.07191738037536759,-1.4767498034970687,-0.9020486585142475,-0.399185156654279,No
-0.07191738037536759,0.07748809162565778,0.07748809162565778,0.3191912745742475,0.3191912745742475,0.3191912745742475,No
-0.22132285237639296,-0.3707283243774183,-0.3707283243774183,-0.4710227997771317,-0.4710227997771317,-0.5428604428999844,No
1.1233263956328354,1.1233263956328354,1.1233263956328354,0.8220547764342161,0.8220547764342161,0.8220547764342161,No
-1.7153775723866467,-1.5659721003856213,-1.416566628384596,-1.6922627328656268,-1.4767498034970687,-1.261236874128511,No
-0.9683502123815197,-0.9683502123815197,-0.8189447403804944,0.6065418470656582,0.6065418470656582,0.5347042039428055,No
1.2727318676338606,1.5715428116359114,1.8703537556379621,-0.03999694104001574,-0.399185156654279,-1.1175615878828056,No
-0.22132285237639296,-0.22132285237639296,-0.22132285237639296,0.17551598832854223,0.17551598832854223,0.17551598832854223,No
-1.7153775723866467,-1.7153775723866467,-1.864783044387672,0.46286656081995287,0.46286656081995287,0.46286656081995287,No
-0.3707283243774183,-0.3707283243774183,-0.5201337963784437,0.46286656081995287,0.5347042039428055,0.5347042039428055,No
-0.07191738037536759,-0.07191738037536759,-0.22132285237639296,-0.9020486585142475,-0.5428604428999844,-0.399185156654279,No
0.07748809162565778,0.07748809162565778,-0.07191738037536759,0.031840702082836916,0.10367834520568957,0.10367834520568957,No
2.617381115643089,2.4679756436420637,2.318570171641038,-1.8359380191113321,-1.045723944759953,-0.3273475135314264,No
-0.8189447403804944,-0.8189447403804944,-0.8189447403804944,-3.560041454059796,-3.6318790971826487,-3.6318790971826487,No
2.169164699640013,2.169164699640013,2.169164699640013,-3.703716740305501,-3.344528524691238,-2.9853403090769746,No
0.22689356362668314,0.22689356362668314,0.22689356362668314,0.8220547764342161,0.8220547764342161,0.7502171333113634,No
0.07748809162565778,0.07748809162565778,0.07748809162565778,-0.7583733722685423,-0.830211015391395,-0.3273475135314264,No
1.422137339634886,1.2727318676338606,1.2727318676338606,0.8220547764342161,0.8220547764342161,0.8220547764342161,No
-0.5201337963784437,-0.5201337963784437,-0.5201337963784437,-0.18367222728572105,-0.2555098704085737,-0.2555098704085737,No
0.3762990356277085,0.3762990356277085,0.3762990356277085,0.8220547764342161,0.8220547764342161,0.8220547764342161,No
1.7209482836369367,1.7209482836369367,1.8703537556379621,0.6783794901885108,0.6065418470656582,0.46286656081995287,No
1.422137339634886,1.422137339634886,1.7209482836369367,-0.2555098704085737,-0.399185156654279,-1.045723944759953,No
2.0197592276389873,2.169164699640013,2.318570171641038,-0.7583733722685423,-1.1175615878828056,-1.1175615878828056,No
0.5257045076287339,0.6751099796297593,0.9739209236318099,-0.3273475135314264,-0.5428604428999844,-1.045723944759953,No
0.9739209236318099,0.9739209236318099,0.9739209236318099,0.8220547764342161,0.8220547764342161,0.6065418470656582,No
-1.2671611563835707,-1.2671611563835707,-1.416566628384596,-0.1118345841628684,-0.18367222728572105,-0.18367222728572105,No
2.766786587644114,2.9161920596451396,3.0655975316461648,-1.6922627328656268,-1.8359380191113321,-1.9077756622341848,No
0.8245154516307847,0.8245154516307847,0.8245154516307847,0.8220547764342161,0.6783794901885108,0.46286656081995287,No
-0.07191738037536759,-0.07191738037536759,-0.07191738037536759,0.7502171333113634,0.7502171333113634,0.6783794901885108,No
-0.3707283243774183,-0.5201337963784437,-0.5201337963784437,-1.1175615878828056,-1.045723944759953,-0.9020486585142475,No
-0.3707283243774183,-0.22132285237639296,-0.07191738037536759,-0.5428604428999844,-0.830211015391395,-1.1893992310056583,No
-0.6695392683794691,-0.6695392683794691,-0.6695392683794691,0.10367834520568957,0.10367834520568957,0.10367834520568957,No
1.422137339634886,1.2727318676338606,1.1233263956328354,0.8938924195570688,0.8938924195570688,0.8938924195570688,No
2.0197592276389873,1.8703537556379621,1.8703537556379621,-1.3330745172513636,-1.261236874128511,-0.830211015391395,No
0.5257045076287339,0.22689356362668314,0.07748809162565778,-1.1175615878828056,-1.261236874128511,-1.404912160374216,No
1.8703537556379621,1.8703537556379621,1.7209482836369367,0.8938924195570688,0.8938924195570688,0.8938924195570688,No
-0.07191738037536759,0.22689356362668314,0.5257045076287339,-0.4710227997771317,-0.4710227997771317,-0.4710227997771317,No
-0.5201337963784437,-0.5201337963784437,-0.6695392683794691,0.6065418470656582,0.5347042039428055,0.5347042039428055,No
0.9739209236318099,0.9739209236318099,0.8245154516307847,0.5347042039428055,0.5347042039428055,0.5347042039428055,No
0.8245154516307847,0.8245154516307847,0.8245154516307847,0.8220547764342161,0.8220547764342161,0.7502171333113634,No
-0.5201337963784437,-0.6695392683794691,-0.6695392683794691,-0.5428604428999844,-0.399185156654279,-0.18367222728572105,No
1.422137339634886,1.422137339634886,1.5715428116359114,-2.5543144503398585,-2.697989736585564,-2.7698273797084165,No
-0.6695392683794691,-0.6695392683794691,-0.6695392683794691,0.17551598832854223,-0.03999694104001574,-0.2555098704085737,No
1.7209482836369367,1.7209482836369367,1.7209482836369367,0.6783794901885108,0.6065418470656582,0.5347042039428055,No
-1.2671611563835707,-1.2671611563835707,-1.416566628384596,0.10367834520568957,0.031840702082836916,0.031840702082836916,No
-0.5201337963784437,-0.5201337963784437,-0.5201337963784437,0.3191912745742475,0.3191912745742475,0.3191912745742475,No
-0.3707283243774183,-0.22132285237639296,-0.07191738037536759,-0.6146980860228369,-0.9020486585142475,-1.1175615878828056,No
0.9739209236318099,1.2727318676338606,1.422137339634886,-0.9738863016371002,-1.404912160374216,-1.8359380191113321,No
0.07748809162565778,0.22689356362668314,0.5257045076287339,0.031840702082836916,-0.399185156654279,-0.9020486585142475,No
2.318570171641038,2.4679756436420637,2.617381115643089,-0.9020486585142475,-1.4767498034970687,-1.8359380191113321,No
0.8245154516307847,0.8245154516307847,0.9739209236318099,0.5347042039428055,0.3910289176971002,0.24735363145139488,No
-0.22132285237639296,-0.07191738037536759,0.07748809162565778,0.24735363145139488,0.3191912745742475,0.46286656081995287,No
1.1233263956328354,1.1233263956328354,0.9739209236318099,-0.03999694104001574,0.031840702082836916,0.10367834520568957,No
0.22689356362668314,0.07748809162565778,-0.22132285237639296,-2.123288591602743,-1.9077756622341848,-1.6922627328656268,No
1.2727318676338606,0.9739209236318099,0.8245154516307847,-1.4767498034970687,-0.7583733722685423,-0.1118345841628684,No
-0.8189447403804944,-0.8189447403804944,-0.6695392683794691,-1.1175615878828056,-0.9020486585142475,-0.7583733722685423,No
-0.5201337963784437,-0.5201337963784437,-0.5201337963784437,-0.03999694104001574,-0.1118345841628684,-0.1118345841628684,No
-0.8189447403804944,-0.6695392683794691,-0.5201337963784437,-0.6865357291456896,-0.7583733722685423,-0.9738863016371002,No
1.1233263956328354,1.1233263956328354,1.2727318676338606,-0.9738863016371002,-0.9020486585142475,-0.6865357291456896,No
1.7209482836369367,1.7209482836369367,1.7209482836369367,-0.3273475135314264,-0.7583733722685423,-0.6865357291456896,No
-0.07191738037536759,-0.22132285237639296,-0.3707283243774183,0.46286656081995287,0.46286656081995287,0.46286656081995287,No
1.1233263956328354,1.422137339634886,1.5715428116359114,-1.9796133053570375,-2.841665022831269,-2.841665022831269,No
-0.8189447403804944,-0.6695392683794691,-0.6695392683794691,-0.03999694104001574,-0.18367222728572105,-0.18367222728572105,No
-1.1177556843825451,-1.2671611563835707,-1.2671611563835707,-1.6922627328656268,-2.266963877848448,-2.7698273797084165,No
2.0197592276389873,1.8703537556379621,1.8703537556379621,0.5347042039428055,0.7502171333113634,0.7502171333113634,No
-2.0141885163886974,-2.0141885163886974,-2.0141885163886974,-0.18367222728572105,-0.1118345841628684,-0.1118345841628684,No
0.5257045076287339,0.6751099796297593,0.9739209236318099,-0.399185156654279,-1.1175615878828056,-1.9077756622341848,No
0.3762990356277085,0.3762990356277085,0.3762990356277085,0.031840702082836916,0.10367834520568957,0.17551598832854223,No
1.8703537556379621,2.0197592276389873,2.0197592276389873,-1.5485874466199214,-1.620425089742774,-1.620425089742774,No
-0.22132285237639296,-0.22132285237639296,-0.22132285237639296,0.031840702082836916,-0.03999694104001574,-0.18367222728572105,No
0.5257045076287339,0.6751099796297593,0.8245154516307847,0.6783794901885108,0.6065418470656582,0.5347042039428055,No
2.4679756436420637,2.4679756436420637,2.4679756436420637,-2.841665022831269,-2.338801520971301,-1.9077756622341848,No
0.5257045076287339,0.6751099796297593,0.6751099796297593,0.3910289176971002,0.46286656081995287,0.46286656081995287,No
0.5257045076287339,0.5257045076287339,0.3762990356277085,0.3191912745742475,0.3191912745742475,0.24735363145139488,No
1.1233263956328354,0.9739209236318099,0.8245154516307847,0.7502171333113634,0.6783794901885108,0.6783794901885108,No
0.07748809162565778,0.07748809162565778,0.07748809162565778,-1.1175615878828056,-1.1893992310056583,-0.6146980860228369,No
1.5715428116359114,1.7209482836369367,2.0197592276389873,-1.1893992310056583,-1.9077756622341848,-1.9796133053570375,No
0.22689356362668314,0.22689356362668314,0.07748809162565778,-0.7583733722685423,-0.7583733722685423,-0.6865357291456896,No
2.318570171641038,2.169164699640013,2.0197592276389873,-0.03999694104001574,0.10367834520568957,0.24735363145139488,No
1.2727318676338606,1.422137339634886,1.5715428116359114,-3.2008532384455326,-3.0571779521998272,-2.9853403090769746,No
1.422137339634886,1.5715428116359114,1.7209482836369367,-0.830211015391395,-0.9738863016371002,-1.045723944759953,No
-0.07191738037536759,-0.22132285237639296,-0.3707283243774183,-1.5485874466199214,-1.1893992310056583,-0.9020486585142475,No
2.766786587644114,2.766786587644114,2.617381115643089,-1.3330745172513636,-0.399185156654279,0.46286656081995287,No
3.3644084756482155,3.3644084756482155,3.2150030036471904,-2.5543144503398585,-2.338801520971301,-2.05145094847989,No
-0.9683502123815197,-1.1177556843825451,-0.9683502123815197,-0.03999694104001574,0.10367834520568957,0.3191912745742475,No
-0.8189447403804944,-0.8189447403804944,-0.8189447403804944,-0.3273475135314264,-0.399185156654279,-0.5428604428999844,No
1.2727318676338606,1.1233263956328354,1.1233263956328354,-0.03999694104001574,0.10367834520568957,0.24735363145139488,No
-0.5201337963784437,-0.5201337963784437,-0.6695392683794691,-3.12901559532268,-3.2008532384455326,-3.2726908815683853,No
-0.07191738037536759,-0.07191738037536759,-0.07191738037536759,0.6783794901885108,0.6783794901885108,0.6783794901885108,No
-0.9683502123815197,-0.9683502123815197,-0.9683502123815197,0.3910289176971002,0.3910289176971002,0.3910289176971002,No
3.0655975316461648,3.2150030036471904,3.0655975316461648,-2.338801520971301,-2.482476807217006,-2.410639164094153,No
1.422137339634886,1.422137339634886,1.2727318676338606,-1.5485874466199214,-1.3330745172513636,-1.1175615878828056,No
2.169164699640013,2.169164699640013,2.0197592276389873,-3.344528524691238,-3.12901559532268,-2.841665022831269,No
-1.2671611563835707,-1.416566628384596,-1.416566628384596,0.031840702082836916,0.031840702082836916,-0.03999694104001574,No
0.9739209236318099,1.1233263956328354,1.2727318676338606,-1.261236874128511,-1.6922627328656268,-1.8359380191113321,No
0.5257045076287339,0.5257045076287339,0.5257045076287339,-0.2555098704085737,-0.2555098704085737,-0.5428604428999844,No
0.8245154516307847,0.8245154516307847,0.8245154516307847,0.8220547764342161,0.8220547764342161,0.8220547764342161,No
0.5257045076287339,0.5257045076287339,0.6751099796297593,-1.404912160374216,-1.1175615878828056,-0.7583733722685423,No
1.5715428116359114,1.8703537556379621,2.318570171641038,-1.261236874128511,-1.7641003759884795,-2.410639164094153,No
-0.3707283243774183,-0.6695392683794691,-0.8189447403804944,-0.6146980860228369,-0.4710227997771317,-0.399185156654279,No
-0.22132285237639296,-0.22132285237639296,-0.3707283243774183,-0.03999694104001574,0.24735363145139488,0.17551598832854223,No
0.07748809162565778,0.07748809162565778,0.07748809162565778,-0.3273475135314264,-0.3273475135314264,-0.3273475135314264,No
1.422137339634886,1.2727318676338606,1.2727318676338606,0.3910289176971002,0.3910289176971002,0.3191912745742475,No
2.169164699640013,2.169164699640013,2.0197592276389873,-1.261236874128511,-0.7583733722685423,-0.2555098704085737,No
1.8703537556379621,2.169164699640013,2.318570171641038,-1.9077756622341848,-2.7698273797084165,-2.7698273797084165,No
0.9739209236318099,1.1233263956328354,1.2727318676338606,-0.9020486585142475,-1.7641003759884795,-1.9796133053570375,No
-0.6695392683794691,-0.8189447403804944,-0.8189447403804944,0.46286656081995287,0.46286656081995287,0.5347042039428055,No
0.6751099796297593,0.8245154516307847,0.8245154516307847,0.6783794901885108,0.6783794901885108,0.6065418470656582,No
0.9739209236318099,0.9739209236318099,0.8245154516307847,0.5347042039428055,0.8220547764342161,0.8220547764342161,No
1.1233263956328354,1.1233263956328354,1.5715428116359114,-0.5428604428999844,-0.9020486585142475,-1.261236874128511,No
1.2727318676338606,1.422137339634886,1.5715428116359114,-0.7583733722685423,-1.261236874128511,-1.3330745172513636,No
-1.7153775723866467,-1.7153775723866467,-1.5659721003856213,-0.6865357291456896,-0.9020486585142475,-1.1893992310056583,No
0.8245154516307847,0.6751099796297593,0.6751099796297593,-0.1118345841628684,-0.03999694104001574,-0.03999694104001574,No
1.1233263956328354,1.422137339634886,1.7209482836369367,0.17551598832854223,-0.6146980860228369,-1.3330745172513636,No
-0.22132285237639296,-0.22132285237639296,-0.07191738037536759,-1.261236874128511,-1.8359380191113321,-1.6922627328656268,No
0.07748809162565778,-0.07191738037536759,-0.07191738037536759,-0.7583733722685423,-0.6146980860228369,-0.4710227997771317,No
-0.3707283243774183,-0.22132285237639296,0.07748809162565778,-0.7583733722685423,-1.404912160374216,-2.05145094847989,No
-0.5201337963784437,-0.5201337963784437,-0.5201337963784437,0.10367834520568957,0.17551598832854223,0.3191912745742475,No
0.22689356362668314,0.22689356362668314,0.22689356362668314,0.5347042039428055,0.5347042039428055,0.46286656081995287,No
0.22689356362668314,0.5257045076287339,0.6751099796297593,-1.7641003759884795,-2.482476807217006,-2.482476807217006,No
-0.3707283243774183,-0.3707283243774183,-0.3707283243774183,0.3910289176971002,0.3191912745742475,0.3191912745742475,No
-1.2671611563835707,-1.2671611563835707,-1.416566628384596,0.5347042039428055,0.46286656081995287,0.3910289176971002,No
0.9739209236318099,1.1233263956328354,1.2727318676338606,-0.6865357291456896,-1.404912160374216,-2.05145094847989,No
0.9739209236318099,0.9739209236318099,0.8245154516307847,-1.4767498034970687,-1.5485874466199214,-1.620425089742774,No
-0.8189447403804944,-0.8189447403804944,-0.8189447403804944,-0.4710227997771317,-0.4710227997771317,-0.399185156654279,No
-0.07191738037536759,-0.07191738037536759,-0.07191738037536759,0.8220547764342161,0.8220547764342161,0.8220547764342161,No
0.5257045076287339,0.3762990356277085,0.3762990356277085,-0.2555098704085737,-0.18367222728572105,-0.18367222728572105,No
0.5257045076287339,0.5257045076287339,0.3762990356277085,0.7502171333113634,0.7502171333113634,0.7502171333113634,No
-0.3707283243774183,-0.22132285237639296,-0.22132285237639296,-0.3273475135314264,-0.3273475135314264,-0.1118345841628684,No
0.5257045076287339,0.3762990356277085,0.22689356362668314,0.3910289176971002,0.3191912745742475,0.3191912745742475,No
0.22689356362668314,0.3762990356277085,0.3762990356277085,-2.410639164094153,-1.620425089742774,-0.7583733722685423,No
-0.3707283243774183,-0.3707283243774183,-0.5201337963784437,0.10367834520568957,0.17551598832854223,0.3191912745742475,No
0.22689356362668314,0.07748809162565778,0.07748809162565778,-1.9077756622341848,-1.7641003759884795,-1.6922627328656268,No
1.5715428116359114,1.5715428116359114,1.5715428116359114,0.3910289176971002,0.3191912745742475,0.24735363145139488,No
2.4679756436420637,2.4679756436420637,2.318570171641038,-1.6922627328656268,-1.5485874466199214,-1.4767498034970687,No
0.3762990356277085,0.22689356362668314,0.07748809162565778,-1.1175615878828056,-0.7583733722685423,-0.399185156654279,No
-1.1177556843825451,-1.1177556843825451,-1.1177556843825451,0.46286656081995287,0.5347042039428055,0.6065418470656582,No
-0.6695392683794691,-0.6695392683794691,-0.6695392683794691,-1.4767498034970687,-1.3330745172513636,-1.1893992310056583,No
1.2727318676338606,1.2727318676338606,1.2727318676338606,0.6783794901885108,0.6783794901885108,0.6783794901885108,No
2.169164699640013,2.0197592276389873,1.8703537556379621,-1.3330745172513636,-0.9020486585142475,-0.4710227997771317,No
-0.5201337963784437,-0.6695392683794691,-0.5201337963784437,0.10367834520568957,0.10367834520568957,0.10367834520568957,No
-0.22132285237639296,-0.22132285237639296,-0.07191738037536759,-0.18367222728572105,-0.3273475135314264,-0.5428604428999844,No
0.22689356362668314,0.22689356362668314,0.07748809162565778,0.24735363145139488,0.17551598832854223,0.3191912745742475,No
-0.5201337963784437,-0.5201337963784437,-0.5201337963784437,0.8938924195570688,0.8938924195570688,0.8938924195570688,No
0.8245154516307847,0.6751099796297593,0.6751099796297593,0.6783794901885108,0.6783794901885108,0.6783794901885108,No
-0.8189447403804944,-0.9683502123815197,-0.9683502123815197,-2.841665022831269,-2.697989736585564,-2.913502665954122,No
1.8703537556379621,1.7209482836369367,1.5715428116359114,-2.913502665954122,-2.123288591602743,-1.3330745172513636,No
-0.22132285237639296,-0.22132285237639296,-0.3707283243774183,-2.123288591602743,-1.8359380191113321,-1.7641003759884795,No
0.07748809162565778,0.07748809162565778,-0.07191738037536759,-0.1118345841628684,-0.1118345841628684,-0.18367222728572105,No
0.6751099796297593,0.6751099796297593,0.6751099796297593,-1.045723944759953,-1.1175615878828056,-1.045723944759953,No
1.7209482836369367,1.7209482836369367,1.5715428116359114,-1.1175615878828056,-1.045723944759953,-0.9020486585142475,No
1.7209482836369367,1.8703537556379621,2.0197592276389873,-2.338801520971301,-2.410639164094153,-2.482476807217006,No
1.422137339634886,1.422137339634886,1.2727318676338606,-2.266963877848448,-2.266963877848448,-1.8359380191113321,No
-1.1177556843825451,-1.1177556843825451,-1.2671611563835707,-0.2555098704085737,-0.3273475135314264,-0.3273475135314264,No
0.07748809162565778,0.07748809162565778,0.07748809162565778,-0.18367222728572105,-0.2555098704085737,-0.2555098704085737,No
0.6751099796297593,0.3762990356277085,0.3762990356277085,0.8220547764342161,0.8220547764342161,0.8938924195570688,No
0.22689356362668314,-0.07191738037536759,-0.22132285237639296,0.46286656081995287,0.46286656081995287,0.5347042039428055,No
1.5715428116359114,1.8703537556379621,2.169164699640013,-0.2555098704085737,-0.9020486585142475,-1.4767498034970687,No
-0.6695392683794691,-0.6695392683794691,-0.5201337963784437,-1.9077756622341848,-2.410639164094153,-2.9853403090769746,No
0.9739209236318099,1.2727318676338606,1.422137339634886,0.24735363145139488,-0.03999694104001574,-0.830211015391395,No
1.422137339634886,1.2727318676338606,1.1233263956328354,0.031840702082836916,0.031840702082836916,0.10367834520568957,No
0.6751099796297593,0.8245154516307847,0.8245154516307847,-3.344528524691238,-3.6318790971826487,-3.4882038109369433,No
-0.07191738037536759,-0.07191738037536759,-0.07191738037536759,0.6783794901885108,0.6783794901885108,0.6783794901885108,No
-1.416566628384596,-1.416566628384596,-1.416566628384596,0.8220547764342161,0.6783794901885108,0.6065418470656582,No
3.513813947649241,3.513813947649241,3.3644084756482155,-3.2008532384455326,-3.0571779521998272,-2.913502665954122,No
1.5715428116359114,1.5715428116359114,1.5715428116359114,-0.5428604428999844,-0.18367222728572105,0.17551598832854223,No
-0.6695392683794691,-0.8189447403804944,-0.8189447403804944,-1.6922627328656268,-1.8359380191113321,-1.9796133053570375,No
0.8245154516307847,0.8245154516307847,0.6751099796297593,0.8938924195570688,0.8938924195570688,0.8938924195570688,No
2.169164699640013,2.318570171641038,2.318570171641038,-2.5543144503398585,-2.410639164094153,-2.266963877848448,No
0.6751099796297593,0.6751099796297593,0.5257045076287339,-0.9738863016371002,-1.045723944759953,-1.1175615878828056,No
0.9739209236318099,0.9739209236318099,0.8245154516307847,0.10367834520568957,0.17551598832854223,0.24735363145139488,No
-0.6695392683794691,-0.8189447403804944,-0.8189447403804944,0.6783794901885108,0.6783794901885108,0.6783794901885108,No
-1.416566628384596,-1.5659721003856213,-1.5659721003856213,0.17551598832854223,0.17551598832854223,0.17551598832854223,No
1.7209482836369367,2.0197592276389873,2.169164699640013,-3.344528524691238,-3.919229669674059,-3.8473920265512063,No
2.318570171641038,2.4679756436420637,2.4679756436420637,-1.261236874128511,-1.404912160374216,-1.4767498034970687,No
0.6751099796297593,0.6751099796297593,0.5257045076287339,-0.4710227997771317,-0.3273475135314264,-0.2555098704085737,No
2.0197592276389873,1.8703537556379621,1.7209482836369367,-0.03999694104001574,0.24735363145139488,0.6065418470656582,No
0.07748809162565778,-0.07191738037536759,-0.22132285237639296,0.8220547764342161,0.8220547764342161,0.8220547764342161,No
3.513813947649241,3.6632194196502663,3.6632194196502663,-3.9910673127969116,-3.560041454059796,-3.2008532384455326,No
2.766786587644114,2.617381115643089,2.4679756436420637,-2.482476807217006,-1.4767498034970687,-0.399185156654279,No
1.422137339634886,1.422137339634886,1.422137339634886,0.6065418470656582,0.6065418470656582,0.6065418470656582,No
1.2727318676338606,1.5715428116359114,1.7209482836369367,-2.626152093462711,-2.697989736585564,-2.7698273797084165,No
0.9739209236318099,0.8245154516307847,0.6751099796297593,0.46286656081995287,0.5347042039428055,0.6065418470656582,No
1.8703537556379621,1.8703537556379621,1.7209482836369367,0.3191912745742475,0.24735363145139488,0.17551598832854223,No
1.5715428116359114,1.5715428116359114,1.5715428116359114,0.24735363145139488,0.17551598832854223,0.17551598832854223,No
-0.6695392683794691,-0.6695392683794691,-0.6695392683794691,-0.03999694104001574,-0.03999694104001574,0.10367834520568957,No
1.5715428116359114,1.422137339634886,1.2727318676338606,-1.9077756622341848,-1.404912160374216,-0.830211015391395,No
0.3762990356277085,0.22689356362668314,0.22689356362668314,0.7502171333113634,0.8220547764342161,0.8220547764342161,No
1.7209482836369367,1.8703537556379621,2.0197592276389873,-0.3273475135314264,-0.7583733722685423,-1.1893992310056583,No
-0.07191738037536759,-0.07191738037536759,-0.07191738037536759,0.3191912745742475,0.17551598832854223,0.10367834520568957,No
0.9739209236318099,0.8245154516307847,0.8245154516307847,-0.1118345841628684,-0.1118345841628684,-0.1118345841628684,No
-2.0141885163886974,-2.0141885163886974,-2.0141885163886974,0.17551598832854223,0.10367834520568957,0.031840702082836916,No
-1.1177556843825451,-1.2671611563835707,-1.2671611563835707,-0.3273475135314264,-0.3273475135314264,-0.4710227997771317,No
-1.2671611563835707,-1.416566628384596,-1.416566628384596,-0.4710227997771317,-0.4710227997771317,-0.4710227997771317,No
1.422137339634886,1.7209482836369367,1.8703537556379621,-0.1118345841628684,-0.5428604428999844,-1.045723944759953,No
0.8245154516307847,0.8245154516307847,0.6751099796297593,0.8938924195570688,0.8938924195570688,0.8938924195570688,No
2.617381115643089,2.617381115643089,2.4679756436420637,-1.7641003759884795,-1.620425089742774,-1.045723944759953,No
-2.9106213483948498,-2.4624049323917734,-2.0141885163886974,0.17551598832854223,-0.03999694104001574,-0.2555098704085737,No
-0.3707283243774183,-0.3707283243774183,-0.3707283243774183,-0.5428604428999844,-0.4710227997771317,-0.399185156654279,No
0.07748809162565778,0.22689356362668314,0.3762990356277085,-0.1118345841628684,-0.2555098704085737,-0.9020486585142475,No
-1.1177556843825451,-1.2671611563835707,-1.2671611563835707,-2.05145094847989,-2.123288591602743,-2.05145094847989,No
1.8703537556379621,1.7209482836369367,1.5715428116359114,-0.4710227997771317,-0.1118345841628684,0.3191912745742475,No
0.5257045076287339,0.3762990356277085,0.3762990356277085,0.5347042039428055,0.6065418470656582,0.6065418470656582,No
-0.5201337963784437,-0.5201337963784437,-0.5201337963784437,-0.4710227997771317,-0.399185156654279,-0.3273475135314264,No
0.8245154516307847,0.6751099796297593,0.5257045076287339,0.5347042039428055,0.5347042039428055,0.6065418470656582,No
0.5257045076287339,0.5257045076287339,0.5257045076287339,0.031840702082836916,0.10367834520568957,0.24735363145139488,No
1.7209482836369367,1.7209482836369367,1.5715428116359114,-1.3330745172513636,-0.6865357291456896,-0.03999694104001574,No
1.5715428116359114,1.5715428116359114,1.5715428116359114,0.6783794901885108,0.6783794901885108,0.6783794901885108,No
0.8245154516307847,0.8245154516307847,0.8245154516307847,0.6065418470656582,0.6065418470656582,0.6065418470656582,No
2.766786587644114,2.766786587644114,2.766786587644114,-3.12901559532268,-2.913502665954122,-2.697989736585564,No
-1.1177556843825451,-0.9683502123815197,-0.9683502123815197,-0.3273475135314264,-0.4710227997771317,-0.9020486585142475,No
1.8703537556379621,1.8703537556379621,2.0197592276389873,-0.4710227997771317,-0.7583733722685423,-0.9738863016371002,No
-0.9683502123815197,-0.9683502123815197,-0.9683502123815197,-0.6865357291456896,-0.9020486585142475,-1.045723944759953,No
0.22689356362668314,0.22689356362668314,0.5257045076287339,0.5347042039428055,0.10367834520568957,-0.2555098704085737,No
1.5715428116359114,1.5715428116359114,1.422137339634886,0.3910289176971002,0.3910289176971002,0.3191912745742475,No
-1.7153775723866467,-1.7153775723866467,-1.5659721003856213,0.24735363145139488,0.10367834520568957,0.031840702082836916,No
1.5715428116359114,1.422137339634886,1.2727318676338606,-0.18367222728572105,-0.1118345841628684,-0.03999694104001574,No
-1.7153775723866467,-1.5659721003856213,-1.5659721003856213,-1.620425089742774,-1.3330745172513636,-1.1175615878828056,No
0.8245154516307847,0.8245154516307847,0.8245154516307847,0.5347042039428055,0.6783794901885108,0.6783794901885108,No
2.4679756436420637,2.318570171641038,2.169164699640013,0.24735363145139488,0.5347042039428055,0.5347042039428055,No
-0.07191738037536759,-0.22132285237639296,-0.22132285237639296,-0.9738863016371002,-0.830211015391395,-0.6865357291456896,No
1.422137339634886,1.2727318676338606,1.2727318676338606,0.24735363145139488,0.3191912745742475,0.3191912745742475,No
-0.07191738037536759,-0.22132285237639296,-0.22132285237639296,0.3910289176971002,0.3910289176971002,0.3191912745742475,No
2.318570171641038,2.169164699640013,2.0197592276389873,-1.3330745172513636,-0.6865357291456896,-0.03999694104001574,No
1.8703537556379621,1.7209482836369367,1.5715428116359114,-0.3273475135314264,0.031840702082836916,0.17551598832854223,No
1.2727318676338606,1.1233263956328354,1.1233263956328354,0.3910289176971002,0.3910289176971002,0.17551598832854223,No
1.422137339634886,1.2727318676338606,1.2727318676338606,0.8220547764342161,0.8220547764342161,0.8220547764342161,No
2.318570171641038,2.4679756436420637,2.4679756436420637,-1.620425089742774,-1.4767498034970687,-1.3330745172513636,No
-0.3707283243774183,-0.5201337963784437,-0.5201337963784437,0.24735363145139488,0.17551598832854223,0.10367834520568957,No
2.617381115643089,2.4679756436420637,2.318570171641038,-2.841665022831269,-1.9796133053570375,-1.1175615878828056,No
-0.07191738037536759,-0.22132285237639296,-0.22132285237639296,0.6065418470656582,0.5347042039428055,0.46286656081995287,No
-1.5659721003856213,-1.416566628384596,-1.1177556843825451,-0.7583733722685423,-0.7583733722685423,-0.6865357291456896,No
-0.6695392683794691,-0.6695392683794691,-0.6695392683794691,0.24735363145139488,0.031840702082836916,-0.2555098704085737,No
0.3762990356277085,0.5257045076287339,0.5257045076287339,-2.482476807217006,-1.9796133053570375,-1.5485874466199214,No
0.07748809162565778,0.3762990356277085,0.6751099796297593,-0.5428604428999844,-1.404912160374216,-2.1951262347255955,No
-0.9683502123815197,-0.8189447403804944,-0.8189447403804944,-0.6865357291456896,-0.6865357291456896,-0.6865357291456896,No
-0.07191738037536759,-0.07191738037536759,-0.22132285237639296,-0.03999694104001574,0.031840702082836916,0.10367834520568957,No
-1.2671611563835707,-1.2671611563835707,-1.416566628384596,-0.18367222728572105,-0.399185156654279,-0.5428604428999844,No
-0.5201337963784437,-0.5201337963784437,-0.6695392683794691,-0.6146980860228369,-0.399185156654279,-0.399185156654279,No
1.7209482836369367,2.0197592276389873,2.0197592276389873,-3.344528524691238,-3.6318790971826487,-3.6318790971826487,No
0.3762990356277085,0.22689356362668314,0.22689356362668314,0.3910289176971002,0.5347042039428055,0.6065418470656582,No
-0.8189447403804944,-0.9683502123815197,-0.9683502123815197,0.3910289176971002,0.3910289176971002,0.3910289176971002,No
2.0197592276389873,1.8703537556379621,1.7209482836369367,0.46286656081995287,0.6065418470656582,0.6783794901885108,No
0.5257045076287339,0.5257045076287339,0.3762990356277085,-0.2555098704085737,0.17551598832854223,0.6065418470656582,No
0.5257045076287339,0.6751099796297593,0.8245154516307847,-0.2555098704085737,-0.3273475135314264,-0.399185156654279,No
0.22689356362668314,0.22689356362668314,0.07748809162565778,0.8938924195570688,0.8938924195570688,0.8938924195570688,No
2.9161920596451396,3.0655975316461648,3.0655975316461648,-2.123288591602743,-2.266963877848448,-2.482476807217006,No
2.766786587644114,2.617381115643089,2.4679756436420637,-0.6146980860228369,-0.399185156654279,-0.1118345841628684,No
-1.2671611563835707,-1.2671611563835707,-1.2671611563835707,-0.1118345841628684,-0.1118345841628684,-0.18367222728572105,No
1.1233263956328354,1.2727318676338606,1.2727318676338606,-0.1118345841628684,-0.5428604428999844,-0.6865357291456896,No
-0.5201337963784437,-0.22132285237639296,0.07748809162565778,-0.5428604428999844,-1.1175615878828056,-1.7641003759884795,No
0.3762990356277085,0.3762990356277085,0.5257045076287339,0.3191912745742475,0.10367834520568957,-0.03999694104001574,No
-0.07191738037536759,0.07748809162565778,0.07748809162565778,-0.4710227997771317,-0.3273475135314264,-0.18367222728572105,No
0.6751099796297593,0.5257045076287339,0.5257045076287339,0.3191912745742475,0.46286656081995287,0.6783794901885108,No
2.318570171641038,2.4679756436420637,2.4679756436420637,-2.482476807217006,-2.482476807217006,-2.482476807217006,No
0.3762990356277085,0.22689356362668314,0.22689356362668314,0.8220547764342161,0.8220547764342161,0.8220547764342161,No
1.422137339634886,1.422137339634886,1.2727318676338606,0.10367834520568957,0.10367834520568957,0.031840702082836916,No
1.2727318676338606,1.1233263956328354,1.1233263956328354,0.5347042039428055,0.5347042039428055,0.5347042039428055,No
1.7209482836369367,1.7209482836369367,1.5715428116359114,0.24735363145139488,0.3910289176971002,0.6065418470656582,No
0.8245154516307847,0.6751099796297593,0.5257045076287339,0.031840702082836916,0.17551598832854223,0.3191912745742475,No
1.422137339634886,1.2727318676338606,1.1233263956328354,0.5347042039428055,0.5347042039428055,0.5347042039428055,No
1.1233263956328354,1.1233263956328354,1.1233263956328354,0.6065418470656582,0.5347042039428055,0.5347042039428055,No
2.4679756436420637,2.617381115643089,2.766786587644114,-2.05145094847989,-2.1951262347255955,-2.266963877848448,No
0.6751099796297593,0.6751099796297593,0.6751099796297593,0.5347042039428055,0.46286656081995287,0.3910289176971002,No
0.6751099796297593,0.5257045076287339,0.6751099796297593,0.6065418470656582,0.6065418470656582,0.6783794901885108,No
0.07748809162565778,0.3762990356277085,0.6751099796297593,-0.5428604428999844,-0.9020486585142475,-1.1893992310056583,No
2.0197592276389873,2.0197592276389873,1.8703537556379621,-1.045723944759953,-0.6146980860228369,-0.18367222728572105,No
-0.3707283243774183,-0.22132285237639296,-0.07191738037536759,0.24735363145139488,0.031840702082836916,-0.2555098704085737,No
-0.6695392683794691,-0.8189447403804944,-0.9683502123815197,0.6783794901885108,0.6783794901885108,0.6065418470656582,No
-0.22132285237639296,-0.22132285237639296,-0.22132285237639296,0.8938924195570688,0.8938924195570688,0.7502171333113634,No
0.5257045076287339,0.5257045076287339,0.6751099796297593,0.10367834520568957,-0.03999694104001574,-0.6865357291456896,No
-0.22132285237639296,0.22689356362668314,0.3762990356277085,-1.261236874128511,-1.620425089742774,-1.9077756622341848,No
1.422137339634886,1.422137339634886,1.5715428116359114,0.6783794901885108,0.6783794901885108,0.6783794901885108,No
1.8703537556379621,1.7209482836369367,1.5715428116359114,0.031840702082836916,0.17551598832854223,0.3191912745742475,No
-1.1177556843825451,-1.2671611563835707,-1.2671611563835707,-0.6146980860228369,-0.9020486585142475,-1.045723944759953,No
-1.864783044387672,-2.0141885163886974,-2.0141885163886974,0.10367834520568957,0.10367834520568957,0.031840702082836916,No
1.1233263956328354,1.1233263956328354,1.1233263956328354,-1.3330745172513636,-1.261236874128511,-1.1893992310056583,No
0.07748809162565778,0.07748809162565778,0.07748809162565778,0.3191912745742475,0.5347042039428055,0.6783794901885108,No
1.7209482836369367,1.7209482836369367,1.5715428116359114,-0.1118345841628684,-0.18367222728572105,-0.6146980860228369,No
2.318570171641038,2.318570171641038,2.169164699640013,-0.18367222728572105,0.10367834520568957,0.17551598832854223,No
2.0197592276389873,1.7209482836369367,1.5715428116359114,0.5347042039428055,0.5347042039428055,0.5347042039428055,No
0.07748809162565778,0.07748809162565778,-0.07191738037536759,-2.266963877848448,-1.9077756622341848,-1.404912160374216,No
0.07748809162565778,0.3762990356277085,0.6751099796297593,-2.5543144503398585,-2.913502665954122,-3.2726908815683853,No
1.1233263956328354,1.2727318676338606,1.422137339634886,-0.4710227997771317,-0.9020486585142475,-1.3330745172513636,No
0.5257045076287339,0.3762990356277085,0.3762990356277085,0.8220547764342161,0.8220547764342161,0.8938924195570688,No
0.07748809162565778,-0.07191738037536759,-0.22132285237639296,-0.3273475135314264,-0.1118345841628684,0.031840702082836916,No
0.9739209236318099,0.8245154516307847,0.6751099796297593,0.5347042039428055,0.46286656081995287,0.46286656081995287,No
0.3762990356277085,0.5257045076287339,0.6751099796297593,-3.703716740305501,-3.7755543834283536,-3.560041454059796,No
1.422137339634886,1.5715428116359114,1.8703537556379621,-0.18367222728572105,-0.3273475135314264,-0.9738863016371002,No
-1.5659721003856213,-1.5659721003856213,-1.5659721003856213,0.3910289176971002,0.3910289176971002,0.3910289176971002,No
0.07748809162565778,0.07748809162565778,0.07748809162565778,-0.18367222728572105,-0.3273475135314264,-0.5428604428999844,No
-1.416566628384596,-1.2671611563835707,-1.2671611563835707,0.031840702082836916,-0.1118345841628684,-0.18367222728572105,No
0.8245154516307847,0.6751099796297593,0.8245154516307847,-0.03999694104001574,-0.03999694104001574,-0.03999694104001574,No
0.22689356362668314,0.3762990356277085,0.3762990356277085,0.46286656081995287,0.3191912745742475,-0.03999694104001574,No
1.1233263956328354,1.2727318676338606,1.422137339634886,-1.8359380191113321,-2.123288591602743,-2.410639164094153,No
1.7209482836369367,1.8703537556379621,1.8703537556379621,-3.7755543834283536,-3.2008532384455326,-2.626152093462711,No
2.169164699640013,2.0197592276389873,1.8703537556379621,-3.703716740305501,-2.9853403090769746,-2.266963877848448,No
2.318570171641038,2.4679756436420637,2.617381115643089,-1.9796133053570375,-2.1951262347255955,-2.410639164094153,No
0.3762990356277085,0.5257045076287339,0.3762990356277085,-3.0571779521998272,-2.697989736585564,-2.410639164094153,No
-0.5201337963784437,-0.5201337963784437,-0.6695392683794691,0.6783794901885108,0.6783794901885108,0.6783794901885108,No
0.5257045076287339,0.5257045076287339,0.5257045076287339,0.46286656081995287,0.46286656081995287,0.46286656081995287,No
1.8703537556379621,1.8703537556379621,1.8703537556379621,0.5347042039428055,0.5347042039428055,0.5347042039428055,No
-0.07191738037536759,0.07748809162565778,0.07748809162565778,-0.18367222728572105,-0.2555098704085737,-0.3273475135314264,No
1.7209482836369367,1.5715428116359114,1.5715428116359114,0.5347042039428055,0.5347042039428055,0.5347042039428055,No
0.3762990356277085,0.3762990356277085,0.22689356362668314,-0.9020486585142475,-0.830211015391395,-0.6865357291456896,No
0.6751099796297593,0.6751099796297593,0.8245154516307847,0.10367834520568957,-0.3273475135314264,-0.830211015391395,No
1.5715428116359114,1.7209482836369367,1.8703537556379621,-1.5485874466199214,-1.4767498034970687,-1.620425089742774,No
0.8245154516307847,0.9739209236318099,1.1233263956328354,-0.03999694104001574,-0.5428604428999844,-1.045723944759953,No
1.2727318676338606,1.422137339634886,1.5715428116359114,0.6065418470656582,0.3191912745742475,0.031840702082836916,No
1.2727318676338606,1.5715428116359114,1.5715428116359114,-1.3330745172513636,-1.9796133053570375,-1.9796133053570375,No
2.0197592276389873,2.169164699640013,2.169164699640013,-2.1951262347255955,-2.1951262347255955,-2.266963877848448,No
0.9739209236318099,0.8245154516307847,0.5257045076287339,-0.4710227997771317,-0.2555098704085737,-0.03999694104001574,No
1.5715428116359114,1.8703537556379621,2.0197592276389873,-0.399185156654279,-0.830211015391395,-1.1893992310056583,No
1.8703537556379621,1.8703537556379621,1.8703537556379621,-2.482476807217006,-2.626152093462711,-2.1951262347255955,No
-0.6695392683794691,-0.3707283243774183,-0.22132285237639296,-0.18367222728572105,-0.2555098704085737,-0.3273475135314264,No
0.6751099796297593,0.5257045076287339,0.5257045076287339,0.46286656081995287,0.5347042039428055,0.6065418470656582,No
-0.5201337963784437,-0.6695392683794691,-0.8189447403804944,0.031840702082836916,0.10367834520568957,0.10367834520568957,No
3.513813947649241,3.513813947649241,3.3644084756482155,-3.8473920265512063,-3.7755543834283536,-3.703716740305501,No
1.7209482836369367,1.5715428116359114,1.422137339634886,-0.399185156654279,-0.03999694104001574,0.3191912745742475,No
1.422137339634886,1.422137339634886,1.2727318676338606,0.10367834520568957,0.17551598832854223,0.24735363145139488,No
0.5257045076287339,0.6751099796297593,0.8245154516307847,-0.1118345841628684,-0.18367222728572105,-0.2555098704085737,No
0.6751099796297593,0.6751099796297593,0.6751099796297593,-0.9020486585142475,-0.830211015391395,-0.399185156654279,No
1.2727318676338606,1.5715428116359114,1.7209482836369367,-0.18367222728572105,-0.7583733722685423,-1.404912160374216,No
0.8245154516307847,0.8245154516307847,0.8245154516307847,0.17551598832854223,0.17551598832854223,-0.3273475135314264,No
2.0197592276389873,2.0197592276389873,2.169164699640013,-3.2726908815683853,-3.2726908815683853,-3.0571779521998272,No
0.22689356362668314,0.07748809162565778,0.07748809162565778,-0.03999694104001574,0.031840702082836916,0.17551598832854223,No
0.5257045076287339,0.5257045076287339,0.3762990356277085,0.46286656081995287,0.46286656081995287,0.46286656081995287,No
-1.2671611563835707,-1.416566628384596,-1.416566628384596,0.24735363145139488,0.3191912745742475,0.3910289176971002,No
1.1233263956328354,0.9739209236318099,0.9739209236318099,0.5347042039428055,0.5347042039428055,0.46286656081995287,No
1.7209482836369367,1.7209482836369367,1.7209482836369367,-1.261236874128511,-1.045723944759953,-0.9020486585142475,No
-0.07191738037536759,-0.07191738037536759,-0.07191738037536759,0.9657300626799215,0.9657300626799215,0.9657300626799215,No
0.8245154516307847,0.9739209236318099,1.1233263956328354,0.7502171333113634,0.24735363145139488,-0.3273475135314264,No
2.0197592276389873,1.8703537556379621,1.5715428116359114,-1.620425089742774,-0.9020486585142475,-0.6146980860228369,No
0.9739209236318099,0.9739209236318099,0.9739209236318099,-3.344528524691238,-3.4882038109369433,-3.2726908815683853,No
1.5715428116359114,1.5715428116359114,1.5715428116359114,-2.5543144503398585,-2.266963877848448,-1.9077756622341848,No
0.3762990356277085,0.3762990356277085,0.3762990356277085,0.10367834520568957,0.3191912745742475,0.5347042039428055,No
2.617381115643089,2.617381115643089,2.617381115643089,-2.05145094847989,-2.05145094847989,-1.7641003759884795,No
0.6751099796297593,0.6751099796297593,0.5257045076287339,0.24735363145139488,0.5347042039428055,0.6065418470656582,No
1.2727318676338606,1.2727318676338606,1.1233263956328354,-0.2555098704085737,0.24735363145139488,0.24735363145139488,No
1.2727318676338606,1.422137339634886,1.5715428116359114,-0.6146980860228369,-1.045723944759953,-1.4767498034970687,No
0.9739209236318099,0.6751099796297593,0.6751099796297593,-2.05145094847989,-1.404912160374216,-1.404912160374216,No
1.8703537556379621,1.8703537556379621,1.8703537556379621,-2.626152093462711,-2.1951262347255955,-1.7641003759884795,No
0.8245154516307847,0.8245154516307847,0.9739209236318099,-0.6865357291456896,-1.1175615878828056,-1.5485874466199214,No
1.2727318676338606,1.1233263956328354,1.1233263956328354,0.8220547764342161,0.8220547764342161,0.8220547764342161,No
1.422137339634886,1.5715428116359114,1.8703537556379621,-0.18367222728572105,-0.3273475135314264,-0.9020486585142475,No
-0.22132285237639296,-0.22132285237639296,-0.22132285237639296,0.6783794901885108,0.6783794901885108,0.7502171333113634,No
2.169164699640013,2.318570171641038,2.4679756436420637,-1.8359380191113321,-2.697989736585564,-2.7698273797084165,No
-2.1635939883897226,-2.1635939883897226,-2.312999460390748,0.5347042039428055,0.5347042039428055,0.5347042039428055,No
0.22689356362668314,0.22689356362668314,0.22689356362668314,0.7502171333113634,0.7502171333113634,0.8220547764342161,No
1.5715428116359114,1.422137339634886,1.2727318676338606,-0.4710227997771317,-0.1118345841628684,0.24735363145139488,No
-0.6695392683794691,-0.5201337963784437,-0.22132285237639296,-1.7641003759884795,-2.123288591602743,-2.482476807217006,No
1.2727318676338606,1.2727318676338606,1.1233263956328354,0.46286656081995287,0.24735363145139488,0.031840702082836916,No
2.0197592276389873,2.169164699640013,2.169164699640013,-3.4882038109369433,-3.560041454059796,-3.6318790971826487,No
-0.5201337963784437,-0.5201337963784437,-0.5201337963784437,-0.6146980860228369,-0.6146980860228369,-0.7583733722685423,No
-0.22132285237639296,-0.3707283243774183,-0.5201337963784437,-0.6865357291456896,-0.4710227997771317,-0.2555098704085737,No
2.318570171641038,2.169164699640013,1.8703537556379621,-0.5428604428999844,-0.03999694104001574,0.031840702082836916,No
2.169164699640013,2.169164699640013,2.318570171641038,-1.6922627328656268,-1.5485874466199214,-1.3330745172513636,No
-0.5201337963784437,-0.3707283243774183,-0.3707283243774183,-2.05145094847989,-2.123288591602743,-2.123288591602743,No
1.1233263956328354,0.9739209236318099,0.9739209236318099,-1.620425089742774,-1.1175615878828056,-0.830211015391395,No
-0.22132285237639296,-0.22132285237639296,-0.22132285237639296,0.8220547764342161,0.8938924195570688,0.7502171333113634,No
0.3762990356277085,0.5257045076287339,0.8245154516307847,-1.045723944759953,-1.7641003759884795,-2.482476807217006,No
1.7209482836369367,2.0197592276389873,2.169164699640013,-0.03999694104001574,-0.4710227997771317,-0.9738863016371002,No
-0.8189447403804944,-0.5201337963784437,-0.22132285237639296,-1.045723944759953,-0.9020486585142475,-0.7583733722685423,No
1.5715428116359114,1.5715428116359114,1.2727318676338606,-1.1893992310056583,-0.9020486585142475,-0.5428604428999844,No
-1.1177556843825451,-1.1177556843825451,-1.1177556843825451,-0.5428604428999844,-0.6146980860228369,-0.6146980860228369,No
0.5257045076287339,0.5257045076287339,0.5257045076287339,0.7502171333113634,0.6783794901885108,0.6783794901885108,No
-0.3707283243774183,-0.3707283243774183,-0.3707283243774183,0.8938924195570688,0.8938924195570688,0.8938924195570688,No
-0.07191738037536759,-0.07191738037536759,-0.22132285237639296,-1.1893992310056583,-1.5485874466199214,-1.6922627328656268,No
0.5257045076287339,0.6751099796297593,0.8245154516307847,-1.1893992310056583,-1.261236874128511,-1.1175615878828056,No
0.5257045076287339,0.5257045076287339,0.3762990356277085,0.6783794901885108,0.6783794901885108,0.6783794901885108,No
-0.3707283243774183,-0.3707283243774183,-0.3707283243774183,0.17551598832854223,0.17551598832854223,0.24735363145139488,No
0.8245154516307847,0.6751099796297593,0.6751099796297593,0.8220547764342161,0.8938924195570688,0.8938924195570688,No
-0.5201337963784437,-0.5201337963784437,-0.5201337963784437,0.10367834520568957,0.10367834520568957,0.10367834520568957,No
0.8245154516307847,0.8245154516307847,1.1233263956328354,0.24735363145139488,-0.18367222728572105,-0.6146980860228369,No
1.1233263956328354,1.2727318676338606,1.2727318676338606,0.6065418470656582,0.6065418470656582,0.6065418470656582,No
-0.8189447403804944,-0.9683502123815197,-1.1177556843825451,-1.8359380191113321,-1.404912160374216,-1.1893992310056583,No
-0.3707283243774183,-0.5201337963784437,-0.5201337963784437,-0.6146980860228369,-0.5428604428999844,-0.399185156654279,No
2.169164699640013,2.0197592276389873,1.7209482836369367,-0.5428604428999844,-0.4710227997771317,-0.2555098704085737,No
-0.6695392683794691,-0.8189447403804944,-0.9683502123815197,-0.7583733722685423,-0.4710227997771317,-0.3273475135314264,No
1.422137339634886,1.422137339634886,1.422137339634886,0.46286656081995287,0.3191912745742475,0.24735363145139488,No
0.5257045076287339,0.5257045076287339,0.5257045076287339,-0.18367222728572105,-0.18367222728572105,-0.1118345841628684,No
0.22689356362668314,0.22689356362668314,0.07748809162565778,-0.6865357291456896,-0.399185156654279,-0.1118345841628684,No
0.8245154516307847,0.8245154516307847,0.6751099796297593,0.8938924195570688,0.8938924195570688,0.8938924195570688,No
1.5715428116359114,1.5715428116359114,1.422137339634886,0.6783794901885108,0.6783794901885108,0.6065418470656582,No
-1.2671611563835707,-1.2671611563835707,-1.416566628384596,0.6783794901885108,0.6065418470656582,0.6065418470656582,No
1.5715428116359114,1.422137339634886,1.422137339634886,0.6065418470656582,0.6783794901885108,0.6783794901885108,No
0.5257045076287339,0.6751099796297593,0.6751099796297593,-3.9910673127969116,-4.062904955919764,-4.134742599042617,No
1.8703537556379621,1.7209482836369367,1.422137339634886,0.3191912745742475,0.3191912745742475,0.3191912745742475,No
0.8245154516307847,0.5257045076287339,0.3762990356277085,-0.03999694104001574,0.24735363145139488,0.5347042039428055,No
0.8245154516307847,0.8245154516307847,0.8245154516307847,0.6065418470656582,0.6065418470656582,0.5347042039428055,No
-1.416566628384596,-1.416566628384596,-1.2671611563835707,0.6065418470656582,0.6065418470656582,0.6065418470656582,No
2.169164699640013,2.169164699640013,2.0197592276389873,-0.18367222728572105,-0.03999694104001574,0.17551598832854223,No
0.22689356362668314,-0.07191738037536759,-0.07191738037536759,0.17551598832854223,0.46286656081995287,0.7502171333113634,No
-1.2671611563835707,-1.2671611563835707,-1.2671611563835707,-0.1118345841628684,-0.18367222728572105,-0.03999694104001574,No
0.6751099796297593,0.6751099796297593,0.6751099796297593,0.5347042039428055,0.5347042039428055,0.5347042039428055,No
0.22689356362668314,0.22689356362668314,0.22689356362668314,-0.1118345841628684,-0.03999694104001574,-0.3273475135314264,No
2.169164699640013,2.169164699640013,2.0197592276389873,-0.18367222728572105,0.5347042039428055,0.5347042039428055,No
-1.416566628384596,-1.5659721003856213,-1.5659721003856213,-0.18367222728572105,-0.18367222728572105,-0.18367222728572105,No
0.22689356362668314,0.07748809162565778,0.07748809162565778,0.10367834520568957,0.5347042039428055,0.6065418470656582,No
-0.9683502123815197,-1.1177556843825451,-1.1177556843825451,0.46286656081995287,0.46286656081995287,0.5347042039428055,No
-2.312999460390748,-2.4624049323917734,-2.611810404392799,0.24735363145139488,0.17551598832854223,0.17551598832854223,No
-0.8189447403804944,-0.8189447403804944,-0.8189447403804944,0.3191912745742475,0.24735363145139488,0.17551598832854223,No
-0.3707283243774183,-0.3707283243774183,-0.5201337963784437,-0.18367222728572105,0.031840702082836916,0.3191912745742475,No
1.422137339634886,1.5715428116359114,1.5715428116359114,0.3910289176971002,0.10367834520568957,-0.399185156654279,No
2.0197592276389873,2.0197592276389873,2.169164699640013,-1.1175615878828056,-1.3330745172513636,-1.1893992310056583,No
-0.22132285237639296,0.07748809162565778,0.22689356362668314,-2.1951262347255955,-1.8359380191113321,-1.5485874466199214,No
-0.3707283243774183,-0.5201337963784437,-0.5201337963784437,0.8938924195570688,0.8938924195570688,0.8938924195570688,No
-0.8189447403804944,-0.8189447403804944,-0.8189447403804944,0.3910289176971002,0.3191912745742475,0.24735363145139488,No
0.07748809162565778,-0.07191738037536759,-0.22132285237639296,0.10367834520568957,0.17551598832854223,-0.03999694104001574,No
0.5257045076287339,0.6751099796297593,0.9739209236318099,-0.4710227997771317,-0.9738863016371002,-1.404912160374216,No
2.318570171641038,2.318570171641038,2.318570171641038,-3.560041454059796,-3.2008532384455326,-2.913502665954122,No
1.2727318676338606,1.2727318676338606,1.2727318676338606,0.6783794901885108,0.24735363145139488,-0.18367222728572105,No
1.5715428116359114,1.422137339634886,1.422137339634886,-2.626152093462711,-1.5485874466199214,-0.4710227997771317,No
1.2727318676338606,1.1233263956328354,0.9739209236318099,-0.399185156654279,0.031840702082836916,0.24735363145139488,No
-0.8189447403804944,-0.8189447403804944,-0.9683502123815197,0.3910289176971002,0.3191912745742475,0.24735363145139488,No
1.2727318676338606,1.5715428116359114,1.7209482836369367,-1.1893992310056583,-1.8359380191113321,-2.482476807217006,No
1.8703537556379621,1.7209482836369367,1.5715428116359114,-3.4163661678140906,-2.913502665954122,-2.410639164094153,No
0.3762990356277085,0.22689356362668314,0.07748809162565778,0.17551598832854223,0.46286656081995287,0.5347042039428055,No
-0.5201337963784437,-0.3707283243774183,-0.3707283243774183,-0.830211015391395,-0.830211015391395,-0.9020486585142475,No
-0.5201337963784437,-0.8189447403804944,-0.8189447403804944,-4.9249566733939965,-4.853119030271143,-4.781281387148291,No
-0.07191738037536759,-0.22132285237639296,-0.3707283243774183,0.46286656081995287,0.46286656081995287,0.46286656081995287,No
1.7209482836369367,1.7209482836369367,1.5715428116359114,-1.404912160374216,-1.261236874128511,-1.1175615878828056,No
-0.6695392683794691,-0.8189447403804944,-0.8189447403804944,-0.4710227997771317,-0.6865357291456896,-0.9738863016371002,No
1.7209482836369367,1.5715428116359114,1.5715428116359114,0.3910289176971002,0.5347042039428055,0.7502171333113634,No
0.8245154516307847,0.6751099796297593,0.5257045076287339,0.5347042039428055,0.6783794901885108,0.8938924195570688,No
1.1233263956328354,1.422137339634886,1.422137339634886,-0.3273475135314264,-0.830211015391395,-1.3330745172513636,No
-0.07191738037536759,-0.07191738037536759,-0.07191738037536759,0.8220547764342161,0.8220547764342161,0.8220547764342161,No
-0.22132285237639296,-0.22132285237639296,-0.3707283243774183,0.031840702082836916,0.031840702082836916,-0.2555098704085737,No
-2.1635939883897226,-2.1635939883897226,-2.0141885163886974,-0.1118345841628684,-0.2555098704085737,-0.4710227997771317,No
0.3762990356277085,0.22689356362668314,0.07748809162565778,-2.1951262347255955,-1.7641003759884795,-1.620425089742774,No
1.422137339634886,1.1233263956328354,0.9739209236318099,-1.3330745172513636,-0.9020486585142475,-0.399185156654279,No
2.9161920596451396,2.9161920596451396,2.766786587644114,-3.703716740305501,-3.0571779521998272,-2.410639164094153,No
-0.8189447403804944,-0.8189447403804944,-0.5201337963784437,-0.2555098704085737,-0.399185156654279,-0.6146980860228369,No
0.3762990356277085,0.3762990356277085,0.22689356362668314,0.8938924195570688,0.8938924195570688,0.8220547764342161,No
-1.7153775723866467,-1.864783044387672,-1.7153775723866467,-1.620425089742774,-1.8359380191113321,-2.05145094847989,No
2.766786587644114,2.617381115643089,2.617381115643089,-2.1951262347255955,-2.123288591602743,-1.4767498034970687,No
-0.22132285237639296,-0.22132285237639296,-0.5201337963784437,-3.344528524691238,-3.2008532384455326,-2.9853403090769746,No
2.0197592276389873,2.0197592276389873,2.0197592276389873,-1.3330745172513636,-1.1893992310056583,-1.1175615878828056,No
1.1233263956328354,0.9739209236318099,0.9739209236318099,0.8220547764342161,0.8220547764342161,0.8220547764342161,No
-0.3707283243774183,-0.3707283243774183,-0.22132285237639296,-1.3330745172513636,-1.4767498034970687,-1.620425089742774,No
-0.5201337963784437,-0.5201337963784437,-0.5201337963784437,0.17551598832854223,0.17551598832854223,0.10367834520568957,No
0.22689356362668314,0.22689356362668314,0.22689356362668314,0.46286656081995287,0.46286656081995287,0.3910289176971002,No
-0.22132285237639296,-0.22132285237639296,-0.22132285237639296,-0.9738863016371002,-0.9738863016371002,-0.9738863016371002,No
-0.22132285237639296,0.07748809162565778,0.07748809162565778,-2.266963877848448,-2.410639164094153,-2.482476807217006,No
-0.07191738037536759,-0.07191738037536759,-0.07191738037536759,-2.626152093462711,-2.7698273797084165,-2.841665022831269,No
0.6751099796297593,0.8245154516307847,0.8245154516307847,-0.399185156654279,-0.18367222728572105,-0.03999694104001574,No
1.422137339634886,1.5715428116359114,1.7209482836369367,-0.9020486585142475,-0.830211015391395,-0.830211015391395,No
2.766786587644114,2.9161920596451396,2.9161920596451396,-1.7641003759884795,-2.410639164094153,-2.482476807217006,No
0.22689356362668314,0.22689356362668314,0.22689356362668314,0.46286656081995287,0.6065418470656582,0.6783794901885108,No
1.8703537556379621,1.7209482836369367,1.5715428116359114,-0.1118345841628684,-0.03999694104001574,0.031840702082836916,No
0.5257045076287339,0.6751099796297593,0.6751099796297593,-0.6865357291456896,-0.6865357291456896,-0.6146980860228369,No
0.3762990356277085,0.5257045076287339,0.5257045076287339,0.17551598832854223,-0.03999694104001574,-0.18367222728572105,No
2.318570171641038,2.318570171641038,2.169164699640013,0.031840702082836916,-0.18367222728572105,-0.3273475135314264,No
0.3762990356277085,0.22689356362668314,0.22689356362668314,0.8938924195570688,0.8938924195570688,0.8938924195570688,No
-1.1177556843825451,-1.1177556843825451,-1.2671611563835707,-1.045723944759953,-0.830211015391395,-0.6865357291456896,No
-0.22132285237639296,-0.22132285237639296,-0.07191738037536759,0.6065418470656582,0.3191912745742475,0.10367834520568957,No
1.8703537556379621,1.7209482836369367,1.5715428116359114,0.10367834520568957,0.17551598832854223,0.24735363145139488,No
0.9739209236318099,0.9739209236318099,0.8245154516307847,-0.2555098704085737,-0.03999694104001574,0.24735363145139488,No
0.6751099796297593,0.6751099796297593,0.9739209236318099,-0.6146980860228369,-0.9738863016371002,-1.404912160374216,No
-1.1177556843825451,-1.1177556843825451,-1.1177556843825451,-0.03999694104001574,-0.03999694104001574,-0.03999694104001574,No
-1.2671611563835707,-1.1177556843825451,-0.9683502123815197,0.3191912745742475,0.3191912745742475,0.3191912745742475,No
-0.22132285237639296,-0.22132285237639296,-0.07191738037536759,0.10367834520568957,-0.03999694104001574,-0.18367222728572105,No
0.9739209236318099,0.8245154516307847,0.8245154516307847,0.8220547764342161,0.8220547764342161,0.8220547764342161,No
1.1233263956328354,0.9739209236318099,0.9739209236318099,0.6783794901885108,0.6783794901885108,0.6783794901885108,No
-0.3707283243774183,-0.07191738037536759,0.22689356362668314,-0.5428604428999844,-0.6146980860228369,-0.6146980860228369,No
-0.07191738037536759,-0.22132285237639296,-0.22132285237639296,0.17551598832854223,0.46286656081995287,0.3910289176971002,No
-0.22132285237639296,-0.22132285237639296,-0.22132285237639296,0.7502171333113634,0.7502171333113634,0.6783794901885108,No
0.9739209236318099,0.9739209236318099,0.9739209236318099,-2.123288591602743,-2.05145094847989,-2.05145094847989,No
0.5257045076287339,0.5257045076287339,0.5257045076287339,0.8938924195570688,0.8938924195570688,0.8938924195570688,No
2.169164699640013,2.0197592276389873,2.0197592276389873,-0.6865357291456896,-0.03999694104001574,0.10367834520568957,No
2.169164699640013,2.0197592276389873,1.8703537556379621,-0.9738863016371002,-0.5428604428999844,-0.3273475135314264,No
0.07748809162565778,0.07748809162565778,0.07748809162565778,0.8220547764342161,0.8220547764342161,0.8220547764342161,No
0.6751099796297593,0.5257045076287339,0.3762990356277085,0.3191912745742475,0.3191912745742475,0.3191912745742475,No
-0.22132285237639296,-0.3707283243774183,-0.5201337963784437,0.6783794901885108,0.6783794901885108,0.6783794901885108,No
1.1233263956328354,0.9739209236318099,0.9739209236318099,-1.1175615878828056,-0.830211015391395,-0.4710227997771317,No
0.5257045076287339,0.6751099796297593,0.6751099796297593,-0.7583733722685423,-0.830211015391395,-0.9738863016371002,No
1.422137339634886,1.2727318676338606,1.2727318676338606,-0.6865357291456896,-0.6865357291456896,-0.6146980860228369,No
0.6751099796297593,0.6751099796297593,0.5257045076287339,0.8938924195570688,0.8938924195570688,0.8938924195570688,No
-0.9683502123815197,-1.1177556843825451,-1.2671611563835707,-1.404912160374216,-1.6922627328656268,-1.9077756622341848,No
0.5257045076287339,0.8245154516307847,1.1233263956328354,-1.404912160374216,-2.1951262347255955,-2.482476807217006,No
0.6751099796297593,0.6751099796297593,0.6751099796297593,-1.045723944759953,-0.9020486585142475,-0.9020486585142475,No
1.8703537556379621,1.7209482836369367,1.7209482836369367,-2.266963877848448,-2.05145094847989,-1.7641003759884795,No
1.2727318676338606,1.422137339634886,1.5715428116359114,0.17551598832854223,0.10367834520568957,-0.03999694104001574,No
-0.9683502123815197,-0.9683502123815197,-0.9683502123815197,0.24735363145139488,0.17551598832854223,0.10367834520568957,No
1.1233263956328354,0.9739209236318099,0.8245154516307847,0.031840702082836916,0.10367834520568957,0.17551598832854223,No
0.8245154516307847,0.8245154516307847,0.6751099796297593,0.6783794901885108,0.6065418470656582,0.5347042039428055,No
0.9739209236318099,0.9739209236318099,0.8245154516307847,0.8938924195570688,0.8938924195570688,0.8938924195570688,No
2.4679756436420637,2.766786587644114,2.9161920596451396,-0.1118345841628684,-0.5428604428999844,-0.9738863016371002,No
2.0197592276389873,2.4679756436420637,2.617381115643089,-1.404912160374216,-2.410639164094153,-3.4163661678140906,No
0.3762990356277085,0.3762990356277085,0.3762990356277085,-0.399185156654279,-0.5428604428999844,-0.18367222728572105,No
0.22689356362668314,0.07748809162565778,0.07748809162565778,0.031840702082836916,0.24735363145139488,0.46286656081995287,No
1.1233263956328354,0.9739209236318099,0.9739209236318099,-1.3330745172513636,-1.045723944759953,-0.7583733722685423,No
2.0197592276389873,2.0197592276389873,2.0197592276389873,-1.8359380191113321,-1.6922627328656268,-1.4767498034970687,No
0.9739209236318099,0.8245154516307847,0.6751099796297593,0.6783794901885108,0.6783794901885108,0.6783794901885108,No
2.4679756436420637,2.4679756436420637,2.4679756436420637,-2.913502665954122,-2.7698273797084165,-1.9077756622341848,No
-1.1177556843825451,-1.1177556843825451,-0.8189447403804944,-2.338801520971301,-2.7698273797084165,-3.2726908815683853,No
-2.0141885163886974,-1.864783044387672,-1.864783044387672,-0.9020486585142475,-0.9020486585142475,-0.830211015391395,No
-0.22132285237639296,-0.22132285237639296,-0.22132285237639296,0.031840702082836916,0.10367834520568957,0.17551598832854223,No
-0.6695392683794691,-0.6695392683794691,-0.3707283243774183,0.031840702082836916,-0.03999694104001574,-0.2555098704085737,No
0.8245154516307847,0.9739209236318099,1.1233263956328354,-1.620425089742774,-1.9796133053570375,-2.338801520971301,No
1.7209482836369367,1.7209482836369367,1.8703537556379621,-1.404912160374216,-1.404912160374216,-1.3330745172513636,No
0.3762990356277085,0.22689356362668314,0.22689356362668314,-1.620425089742774,-1.5485874466199214,-1.5485874466199214,No
1.7209482836369367,1.5715428116359114,1.5715428116359114,0.46286656081995287,0.46286656081995287,0.46286656081995287,No
-1.1177556843825451,-1.1177556843825451,-1.2671611563835707,-0.3273475135314264,-0.3273475135314264,-0.3273475135314264,No
2.0197592276389873,1.8703537556379621,1.7209482836369367,-0.9738863016371002,-0.2555098704085737,0.46286656081995287,No
1.8703537556379621,2.169164699640013,2.318570171641038,-3.0571779521998272,-3.344528524691238,-3.6318790971826487,No
0.9739209236318099,0.8245154516307847,0.8245154516307847,0.6783794901885108,0.6065418470656582,0.5347042039428055,No
1.422137339634886,1.7209482836369367,1.7209482836369367,-1.1893992310056583,-1.261236874128511,-1.3330745172513636,No
0.22689356362668314,0.07748809162565778,0.07748809162565778,0.3910289176971002,0.5347042039428055,0.6783794901885108,No
2.617381115643089,2.617381115643089,2.766786587644114,-2.1951262347255955,-2.1951262347255955,-2.123288591602743,No
-0.6695392683794691,-0.6695392683794691,-0.6695392683794691,0.7502171333113634,0.6783794901885108,0.6783794901885108,Yes
-0.6695392683794691,-0.6695392683794691,-0.6695392683794691,0.6783794901885108,0.6783794901885108,0.6065418470656582,Yes
-0.6695392683794691,-0.6695392683794691,-0.6695392683794691,0.6783794901885108,0.6065418470656582,0.5347042039428055,Yes
-0.6695392683794691,-0.6695392683794691,-0.6695392683794691,0.6065418470656582,0.5347042039428055,0.46286656081995287,Yes
-0.6695392683794691,-0.6695392683794691,-0.5201337963784437,0.5347042039428055,0.46286656081995287,0.46286656081995287,Yes
-0.6695392683794691,-0.5201337963784437,-0.6695392683794691,0.46286656081995287,0.46286656081995287,0.3910289176971002,Yes
-0.5201337963784437,-0.6695392683794691,-0.6695392683794691,0.46286656081995287,0.3910289176971002,0.3191912745742475,Yes
-0.6695392683794691,-0.6695392683794691,-0.6695392683794691,0.3910289176971002,0.3191912745742475,0.3910289176971002,Yes
-0.6695392683794691,-0.6695392683794691,-0.5201337963784437,0.3191912745742475,0.3910289176971002,0.3910289176971002,Yes
-0.6695392683794691,-0.5201337963784437,-0.5201337963784437,0.3910289176971002,0.3910289176971002,0.3910289176971002,Yes
-0.5201337963784437,-0.5201337963784437,-0.5201337963784437,0.3910289176971002,0.3910289176971002,0.3910289176971002,Yes
-0.5201337963784437,-0.5201337963784437,-0.3707283243774183,0.3910289176971002,0.3910289176971002,0.3910289176971002,Yes
-0.5201337963784437,-0.3707283243774183,-0.3707283243774183,0.3910289176971002,0.3910289176971002,0.3191912745742475,Yes
-0.3707283243774183,-0.3707283243774183,-0.3707283243774183,0.3910289176971002,0.3191912745742475,0.3910289176971002,Yes
-0.3707283243774183,-0.3707283243774183,-0.3707283243774183,0.3191912745742475,0.3910289176971002,0.46286656081995287,Yes
-0.3707283243774183,-0.3707283243774183,-0.5201337963784437,0.3910289176971002,0.46286656081995287,0.5347042039428055,Yes
-0.3707283243774183,-0.5201337963784437,-0.5201337963784437,0.46286656081995287,0.5347042039428055,0.5347042039428055,Yes
-0.5201337963784437,-0.5201337963784437,-0.5201337963784437,0.5347042039428055,0.5347042039428055,0.6065418470656582,Yes
-0.5201337963784437,-0.5201337963784437,-0.5201337963784437,0.5347042039428055,0.6065418470656582,0.6065418470656582,Yes
-0.5201337963784437,-0.5201337963784437,-0.5201337963784437,0.6065418470656582,0.6065418470656582,0.6065418470656582,Yes
-0.5201337963784437,-0.5201337963784437,-0.5201337963784437,0.6065418470656582,0.6065418470656582,0.5347042039428055,Yes
-0.5201337963784437,-0.5201337963784437,-0.5201337963784437,0.6065418470656582,0.5347042039428055,0.5347042039428055,Yes
-0.5201337963784437,-0.5201337963784437,-0.5201337963784437,0.5347042039428055,0.5347042039428055,0.5347042039428055,Yes
-0.5201337963784437,-0.5201337963784437,-0.5201337963784437,0.5347042039428055,0.5347042039428055,0.5347042039428055,Yes
-0.8189447403804944,-0.8189447403804944,-0.8189447403804944,0.10367834520568957,0.17551598832854223,0.24735363145139488,Yes
-0.8189447403804944,-0.8189447403804944,-0.8189447403804944,0.17551598832854223,0.24735363145139488,0.24735363145139488,Yes
-0.8189447403804944,-0.8189447403804944,-0.9683502123815197,0.24735363145139488,0.24735363145139488,0.3191912745742475,Yes
-0.8189447403804944,-0.9683502123815197,-0.9683502123815197,0.24735363145139488,0.3191912745742475,0.3910289176971002,Yes
-0.9683502123815197,-0.9683502123815197,-0.9683502123815197,0.3191912745742475,0.3910289176971002,0.3910289176971002,Yes
-0.9683502123815197,-0.9683502123815197,-1.1177556843825451,0.3910289176971002,0.3910289176971002,0.3191912745742475,Yes
-0.9683502123815197,-1.1177556843825451,-1.1177556843825451,0.3910289176971002,0.3191912745742475,0.3191912745742475,Yes
-1.1177556843825451,-1.1177556843825451,-0.9683502123815197,0.3191912745742475,0.3191912745742475,0.17551598832854223,Yes
-1.1177556843825451,-0.9683502123815197,-0.8189447403804944,0.3191912745742475,0.17551598832854223,0.10367834520568957,Yes
-0.9683502123815197,-0.8189447403804944,-0.6695392683794691,0.17551598832854223,0.10367834520568957,-0.03999694104001574,Yes
-0.8189447403804944,-0.6695392683794691,-0.5201337963784437,0.10367834520568957,-0.03999694104001574,-0.03999694104001574,Yes
-0.6695392683794691,-0.5201337963784437,-0.3707283243774183,-0.03999694104001574,-0.03999694104001574,-0.1118345841628684,Yes
-0.5201337963784437,-0.3707283243774183,-0.3707283243774183,-0.03999694104001574,-0.1118345841628684,-0.1118345841628684,Yes
-0.3707283243774183,-0.3707283243774183,-0.3707283243774183,-0.1118345841628684,-0.1118345841628684,-0.1118345841628684,Yes
-0.3707283243774183,-0.3707283243774183,-0.3707283243774183,-0.1118345841628684,-0.1118345841628684,-0.1118345841628684,Yes
-0.3707283243774183,-0.3707283243774183,-0.5201337963784437,-0.1118345841628684,-0.1118345841628684,-0.1118345841628684,Yes
-0.3707283243774183,-0.5201337963784437,-0.5201337963784437,-0.1118345841628684,-0.1118345841628684,0.10367834520568957,Yes
-0.5201337963784437,-0.5201337963784437,-0.6695392683794691,-0.1118345841628684,0.10367834520568957,0.24735363145139488,Yes
-0.5201337963784437,-0.6695392683794691,-0.6695392683794691,0.10367834520568957,0.24735363145139488,0.46286656081995287,Yes
-0.6695392683794691,-0.6695392683794691,-0.6695392683794691,0.24735363145139488,0.46286656081995287,0.46286656081995287,Yes
-0.6695392683794691,-0.6695392683794691,-0.6695392683794691,0.46286656081995287,0.46286656081995287,0.46286656081995287,Yes
-0.6695392683794691,-0.6695392683794691,-0.8189447403804944,0.46286656081995287,0.46286656081995287,0.46286656081995287,Yes
-0.6695392683794691,-0.8189447403804944,-0.8189447403804944,0.46286656081995287,0.46286656081995287,0.5347042039428055,Yes
-0.8189447403804944,-0.8189447403804944,-0.8189447403804944,0.46286656081995287,0.5347042039428055,0.5347042039428055,Yes
-0.8189447403804944,-0.8189447403804944,-0.8189447403804944,0.5347042039428055,0.5347042039428055,0.6065418470656582,Yes
-0.8189447403804944,-0.8189447403804944,-0.8189447403804944,0.5347042039428055,0.6065418470656582,0.5347042039428055,Yes
-0.8189447403804944,-0.8189447403804944,-0.8189447403804944,0.6065418470656582,0.5347042039428055,0.5347042039428055,Yes
-0.8189447403804944,-0.8189447403804944,-0.8189447403804944,0.5347042039428055,0.5347042039428055,0.5347042039428055,Yes
-0.8189447403804944,-0.8189447403804944,-0.9683502123815197,0.5347042039428055,0.5347042039428055,0.5347042039428055,Yes
-0.8189447403804944,-0.9683502123815197,-0.9683502123815197,0.5347042039428055,0.5347042039428055,0.46286656081995287,Yes
-0.9683502123815197,-0.9683502123815197,-0.9683502123815197,0.5347042039428055,0.46286656081995287,0.46286656081995287,Yes
-0.9683502123815197,-0.9683502123815197,-0.8189447403804944,0.46286656081995287,0.46286656081995287,0.3910289176971002,Yes
-0.9683502123815197,-0.8189447403804944,-0.8189447403804944,0.46286656081995287,0.3910289176971002,0.3191912745742475,Yes
-0.8189447403804944,-0.8189447403804944,-0.6695392683794691,0.3910289176971002,0.3191912745742475,0.24735363145139488,Yes
-0.8189447403804944,-0.6695392683794691,-0.6695392683794691,0.3191912745742475,0.24735363145139488,0.17551598832854223,Yes
-0.6695392683794691,-0.6695392683794691,-0.5201337963784437,0.24735363145139488,0.17551598832854223,0.031840702082836916,Yes
-0.6695392683794691,-0.5201337963784437,-0.3707283243774183,0.17551598832854223,0.031840702082836916,-0.1118345841628684,Yes
-0.5201337963784437,-0.3707283243774183,-0.3707283243774183,0.031840702082836916,-0.1118345841628684,-0.03999694104001574,Yes
-0.3707283243774183,-0.3707283243774183,-0.5201337963784437,-0.1118345841628684,-0.03999694104001574,0.031840702082836916,Yes
-0.3707283243774183,-0.5201337963784437,-0.5201337963784437,-0.03999694104001574,0.031840702082836916,0.10367834520568957,Yes
-0.5201337963784437,-0.5201337963784437,-0.5201337963784437,0.031840702082836916,0.10367834520568957,0.3191912745742475,Yes
-0.5201337963784437,-0.5201337963784437,-0.5201337963784437,0.10367834520568957,0.3191912745742475,0.5347042039428055,Yes
-0.5201337963784437,-0.5201337963784437,-0.5201337963784437,0.3191912745742475,0.5347042039428055,0.7502171333113634,Yes
-0.5201337963784437,-0.5201337963784437,-0.5201337963784437,0.5347042039428055,0.7502171333113634,0.6065418470656582,Yes
-0.5201337963784437,-0.5201337963784437,-0.5201337963784437,0.7502171333113634,0.6065418470656582,0.5347042039428055,Yes
-0.5201337963784437,-0.5201337963784437,-0.5201337963784437,0.6065418470656582,0.5347042039428055,0.46286656081995287,Yes
-0.5201337963784437,-0.5201337963784437,-0.5201337963784437,0.5347042039428055,0.46286656081995287,0.3910289176971002,Yes
-0.5201337963784437,-0.5201337963784437,-0.5201337963784437,0.46286656081995287,0.3910289176971002,0.3191912745742475,Yes
-0.07191738037536759,-0.22132285237639296,-0.22132285237639296,0.9657300626799215,0.9657300626799215,0.9657300626799215,Yes
-0.22132285237639296,-0.22132285237639296,-0.22132285237639296,0.9657300626799215,0.9657300626799215,0.8938924195570688,Yes
-0.22132285237639296,-0.22132285237639296,-0.22132285237639296,0.9657300626799215,0.8938924195570688,0.8938924195570688,Yes
-0.22132285237639296,-0.22132285237639296,-0.3707283243774183,0.8938924195570688,0.8938924195570688,0.8938924195570688,Yes
-0.22132285237639296,-0.3707283243774183,-0.3707283243774183,0.8938924195570688,0.8938924195570688,0.8938924195570688,Yes
-0.3707283243774183,-0.3707283243774183,-0.3707283243774183,0.8938924195570688,0.8938924195570688,0.8938924195570688,Yes
-0.3707283243774183,-0.3707283243774183,-0.3707283243774183,0.8938924195570688,0.8938924195570688,0.8938924195570688,Yes
-0.3707283243774183,-0.3707283243774183,-0.3707283243774183,0.8938924195570688,0.8938924195570688,0.8938924195570688,Yes
-0.3707283243774183,-0.3707283243774183,-0.3707283243774183,0.8938924195570688,0.8938924195570688,0.9657300626799215,Yes
-0.3707283243774183,-0.3707283243774183,-0.22132285237639296,0.8938924195570688,0.9657300626799215,0.9657300626799215,Yes
-0.3707283243774183,-0.22132285237639296,-0.22132285237639296,0.9657300626799215,0.9657300626799215,0.8938924195570688,Yes
-0.22132285237639296,-0.22132285237639296,-0.22132285237639296,0.9657300626799215,0.8938924195570688,0.8938924195570688,Yes
-0.22132285237639296,-0.22132285237639296,-0.22132285237639296,0.8938924195570688,0.8938924195570688,0.8938924195570688,Yes
-0.22132285237639296,-0.22132285237639296,-0.22132285237639296,0.8938924195570688,0.8938924195570688,0.8938924195570688,Yes
-0.22132285237639296,-0.22132285237639296,-0.22132285237639296,0.8938924195570688,0.8938924195570688,0.9657300626799215,Yes
-0.22132285237639296,-0.22132285237639296,-0.07191738037536759,0.8938924195570688,0.9657300626799215,0.9657300626799215,Yes
-0.22132285237639296,-0.07191738037536759,-0.07191738037536759,0.9657300626799215,0.9657300626799215,0.9657300626799215,Yes
-0.07191738037536759,-0.07191738037536759,-0.07191738037536759,0.9657300626799215,0.9657300626799215,0.9657300626799215,Yes
-0.07191738037536759,-0.07191738037536759,-0.07191738037536759,0.9657300626799215,0.9657300626799215,0.9657300626799215,Yes
-0.07191738037536759,-0.07191738037536759,-0.22132285237639296,0.9657300626799215,0.9657300626799215,0.9657300626799215,Yes
-0.07191738037536759,-0.22132285237639296,-0.3707283243774183,0.9657300626799215,0.9657300626799215,0.9657300626799215,Yes
-0.22132285237639296,-0.3707283243774183,-0.3707283243774183,0.9657300626799215,0.9657300626799215,0.9657300626799215,Yes
-0.3707283243774183,-0.3707283243774183,-0.3707283243774183,0.9657300626799215,0.9657300626799215,0.9657300626799215,Yes
-0.3707283243774183,-0.3707283243774183,-0.3707283243774183,0.9657300626799215,0.9657300626799215,0.9657300626799215,Yes
0.22689356362668314,0.07748809162565778,0.07748809162565778,0.6783794901885108,0.6065418470656582,0.5347042039428055,Yes
0.07748809162565778,0.07748809162565778,-0.07191738037536759,0.6065418470656582,0.5347042039428055,0.46286656081995287,Yes
0.07748809162565778,-0.07191738037536759,-0.22132285237639296,0.5347042039428055,0.46286656081995287,0.3910289176971002,Yes
-0.07191738037536759,-0.22132285237639296,-0.22132285237639296,0.46286656081995287,0.3910289176971002,0.24735363145139488,Yes
-0.22132285237639296,-0.22132285237639296,-0.3707283243774183,0.3910289176971002,0.24735363145139488,0.24735363145139488,Yes
-0.22132285237639296,-0.3707283243774183,-0.3707283243774183,0.24735363145139488,0.24735363145139488,0.24735363145139488,Yes
-0.3707283243774183,-0.3707283243774183,-0.5201337963784437,0.24735363145139488,0.24735363145139488,0.17551598832854223,Yes
-0.3707283243774183,-0.5201337963784437,-0.5201337963784437,0.24735363145139488,0.17551598832854223,0.10367834520568957,Yes
-0.5201337963784437,-0.5201337963784437,-0.5201337963784437,0.17551598832854223,0.10367834520568957,-0.03999694104001574,Yes
-0.5201337963784437,-0.5201337963784437,-0.3707283243774183,0.10367834520568957,-0.03999694104001574,-0.1118345841628684,Yes
-0.5201337963784437,-0.3707283243774183,-0.3707283243774183,-0.03999694104001574,-0.1118345841628684,-0.399185156654279,Yes
-0.3707283243774183,-0.3707283243774183,-0.3707283243774183,-0.1118345841628684,-0.399185156654279,-0.7583733722685423,Yes
-0.3707283243774183,-0.3707283243774183,-0.22132285237639296,-0.399185156654279,-0.7583733722685423,-1.045723944759953,Yes
-0.3707283243774183,-0.22132285237639296,-0.07191738037536759,-0.7583733722685423,-1.045723944759953,-1.045723944759953,Yes
-0.22132285237639296,-0.07191738037536759,-0.07191738037536759,-1.045723944759953,-1.045723944759953,-1.045723944759953,Yes
-0.07191738037536759,-0.07191738037536759,-0.22132285237639296,-1.045723944759953,-1.045723944759953,-1.045723944759953,Yes
-0.07191738037536759,-0.22132285237639296,-0.22132285237639296,-1.045723944759953,-1.045723944759953,-0.7583733722685423,Yes
-0.22132285237639296,-0.22132285237639296,-0.3707283243774183,-1.045723944759953,-0.7583733722685423,-0.4710227997771317,Yes
-0.22132285237639296,-0.3707283243774183,-0.3707283243774183,-0.7583733722685423,-0.4710227997771317,-0.1118345841628684,Yes
-0.3707283243774183,-0.3707283243774183,-0.3707283243774183,-0.4710227997771317,-0.1118345841628684,-0.1118345841628684,Yes
-0.3707283243774183,-0.3707283243774183,-0.5201337963784437,-0.1118345841628684,-0.1118345841628684,-0.1118345841628684,Yes
-0.3707283243774183,-0.5201337963784437,-0.5201337963784437,-0.1118345841628684,-0.1118345841628684,-0.03999694104001574,Yes
-0.5201337963784437,-0.5201337963784437,-0.5201337963784437,-0.1118345841628684,-0.03999694104001574,-0.03999694104001574,Yes
-0.5201337963784437,-0.5201337963784437,-0.6695392683794691,-0.03999694104001574,-0.03999694104001574,-0.03999694104001574,Yes
-0.3707283243774183,-0.5201337963784437,-0.5201337963784437,0.7502171333113634,0.7502171333113634,0.8220547764342161,Yes
-0.5201337963784437,-0.5201337963784437,-0.5201337963784437,0.7502171333113634,0.8220547764342161,0.8220547764342161,Yes
-0.5201337963784437,-0.5201337963784437,-0.6695392683794691,0.8220547764342161,0.8220547764342161,0.8220547764342161,Yes
-0.5201337963784437,-0.6695392683794691,-0.6695392683794691,0.8220547764342161,0.8220547764342161,0.8220547764342161,Yes
-0.6695392683794691,-0.6695392683794691,-0.6695392683794691,0.8220547764342161,0.8220547764342161,0.8220547764342161,Yes
-0.6695392683794691,-0.6695392683794691,-0.6695392683794691,0.8220547764342161,0.8220547764342161,0.8220547764342161,Yes
-0.6695392683794691,-0.6695392683794691,-0.6695392683794691,0.8220547764342161,0.8220547764342161,0.8220547764342161,Yes
-0.6695392683794691,-0.6695392683794691,-0.6695392683794691,0.8220547764342161,0.8220547764342161,0.6783794901885108,Yes
-0.6695392683794691,-0.6695392683794691,-0.6695392683794691,0.8220547764342161,0.6783794901885108,0.6065418470656582,Yes
-0.6695392683794691,-0.6695392683794691,-0.5201337963784437,0.6783794901885108,0.6065418470656582,0.5347042039428055,Yes
-0.6695392683794691,-0.5201337963784437,-0.5201337963784437,0.6065418470656582,0.5347042039428055,0.3910289176971002,Yes
-0.5201337963784437,-0.5201337963784437,-0.3707283243774183,0.5347042039428055,0.3910289176971002,0.24735363145139488,Yes
-0.5201337963784437,-0.3707283243774183,-0.22132285237639296,0.3910289176971002,0.24735363145139488,0.17551598832854223,Yes
-0.3707283243774183,-0.22132285237639296,-0.22132285237639296,0.24735363145139488,0.17551598832854223,0.24735363145139488,Yes
-0.22132285237639296,-0.22132285237639296,-0.22132285237639296,0.17551598832854223,0.24735363145139488,0.3910289176971002,Yes
-0.22132285237639296,-0.22132285237639296,-0.3707283243774183,0.24735363145139488,0.3910289176971002,0.5347042039428055,Yes
-0.22132285237639296,-0.3707283243774183,-0.3707283243774183,0.3910289176971002,0.5347042039428055,0.5347042039428055,Yes
-0.3707283243774183,-0.3707283243774183,-0.3707283243774183,0.5347042039428055,0.5347042039428055,0.46286656081995287,Yes
-0.3707283243774183,-0.3707283243774183,-0.5201337963784437,0.5347042039428055,0.46286656081995287,0.46286656081995287,Yes
-0.3707283243774183,-0.5201337963784437,-0.5201337963784437,0.46286656081995287,0.46286656081995287,0.3191912745742475,Yes
-0.5201337963784437,-0.5201337963784437,-0.6695392683794691,0.46286656081995287,0.3191912745742475,0.24735363145139488,Yes
-0.5201337963784437,-0.6695392683794691,-0.5201337963784437,0.3191912745742475,0.24735363145139488,0.17551598832854223,Yes
-0.6695392683794691,-0.5201337963784437,-0.5201337963784437,0.24735363145139488,0.17551598832854223,0.031840702082836916,Yes
-0.5201337963784437,-0.5201337963784437,-0.3707283243774183,0.17551598832854223,0.031840702082836916,-0.03999694104001574,Yes
-0.8189447403804944,-0.8189447403804944,-0.9683502123815197,-0.9020486585142475,-1.1175615878828056,-1.3330745172513636,Yes
-0.8189447403804944,-0.9683502123815197,-0.9683502123815197,-1.1175615878828056,-1.3330745172513636,-1.5485874466199214,Yes
-0.9683502123815197,-0.9683502123815197,-0.9683502123815197,-1.3330745172513636,-1.5485874466199214,-1.7641003759884795,Yes
-0.9683502123815197,-0.9683502123815197,-0.9683502123815197,-1.5485874466199214,-1.7641003759884795,-1.9796133053570375,Yes
-0.9683502123815197,-0.9683502123815197,-0.9683502123815197,-1.7641003759884795,-1.9796133053570375,-1.9796133053570375,Yes
-0.9683502123815197,-0.9683502123815197,-0.9683502123815197,-1.9796133053570375,-1.9796133053570375,-1.9077756622341848,Yes
-0.9683502123815197,-0.9683502123815197,-1.1177556843825451,-1.9796133053570375,-1.9077756622341848,-1.9077756622341848,Yes
-0.9683502123815197,-1.1177556843825451,-1.1177556843825451,-1.9077756622341848,-1.9077756622341848,-1.404912160374216,Yes
-1.1177556843825451,-1.1177556843825451,-0.9683502123815197,-1.9077756622341848,-1.404912160374216,-0.9738863016371002,Yes
-1.1177556843825451,-0.9683502123815197,-0.9683502123815197,-1.404912160374216,-0.9738863016371002,-0.4710227997771317,Yes
-0.9683502123815197,-0.9683502123815197,-0.9683502123815197,-0.9738863016371002,-0.4710227997771317,-0.3273475135314264,Yes
-0.9683502123815197,-0.9683502123815197,-0.8189447403804944,-0.4710227997771317,-0.3273475135314264,-0.1118345841628684,Yes
-0.9683502123815197,-0.8189447403804944,-0.8189447403804944,-0.3273475135314264,-0.1118345841628684,0.10367834520568957,Yes
-0.8189447403804944,-0.8189447403804944,-0.8189447403804944,-0.1118345841628684,0.10367834520568957,0.24735363145139488,Yes
-0.8189447403804944,-0.8189447403804944,-0.8189447403804944,0.10367834520568957,0.24735363145139488,0.3191912745742475,Yes
-0.8189447403804944,-0.8189447403804944,-0.8189447403804944,0.24735363145139488,0.3191912745742475,0.46286656081995287,Yes
-0.8189447403804944,-0.8189447403804944,-0.8189447403804944,0.3191912745742475,0.46286656081995287,0.5347042039428055,Yes
-0.8189447403804944,-0.8189447403804944,-0.8189447403804944,0.46286656081995287,0.5347042039428055,0.5347042039428055,Yes
-0.8189447403804944,-0.8189447403804944,-0.8189447403804944,0.5347042039428055,0.5347042039428055,0.6065418470656582,Yes
-0.8189447403804944,-0.8189447403804944,-0.6695392683794691,0.5347042039428055,0.6065418470656582,0.5347042039428055,Yes
-0.8189447403804944,-0.6695392683794691,-0.6695392683794691,0.6065418470656582,0.5347042039428055,0.5347042039428055,Yes
-0.6695392683794691,-0.6695392683794691,-0.6695392683794691,0.5347042039428055,0.5347042039428055,0.5347042039428055,Yes
-0.6695392683794691,-0.6695392683794691,-0.6695392683794691,0.5347042039428055,0.5347042039428055,0.17551598832854223,Yes
-0.6695392683794691,-0.6695392683794691,-0.8189447403804944,0.5347042039428055,0.17551598832854223,-0.18367222728572105,Yes
-0.3707283243774183,-0.3707283243774183,-0.5201337963784437,0.6783794901885108,0.6783794901885108,0.6065418470656582,Yes
-0.3707283243774183,-0.5201337963784437,-0.5201337963784437,0.6783794901885108,0.6065418470656582,0.6065418470656582,Yes
-0.5201337963784437,-0.5201337963784437,-0.6695392683794691,0.6065418470656582,0.6065418470656582,0.6065418470656582,Yes
-0.5201337963784437,-0.6695392683794691,-0.6695392683794691,0.6065418470656582,0.6065418470656582,0.5347042039428055,Yes
-0.6695392683794691,-0.6695392683794691,-0.8189447403804944,0.6065418470656582,0.5347042039428055,0.5347042039428055,Yes
-0.6695392683794691,-0.8189447403804944,-0.8189447403804944,0.5347042039428055,0.5347042039428055,0.5347042039428055,Yes
-0.8189447403804944,-0.8189447403804944,-0.8189447403804944,0.5347042039428055,0.5347042039428055,0.5347042039428055,Yes
-0.8189447403804944,-0.8189447403804944,-0.8189447403804944,0.5347042039428055,0.5347042039428055,0.46286656081995287,Yes
-0.8189447403804944,-0.8189447403804944,-0.8189447403804944,0.5347042039428055,0.46286656081995287,0.3910289176971002,Yes
-0.8189447403804944,-0.8189447403804944,-0.8189447403804944,0.46286656081995287,0.3910289176971002,0.3191912745742475,Yes
-0.8189447403804944,-0.8189447403804944,-0.6695392683794691,0.3910289176971002,0.3191912745742475,0.3191912745742475,Yes
-0.8189447403804944,-0.6695392683794691,-0.5201337963784437,0.3191912745742475,0.3191912745742475,0.3191912745742475,Yes
-0.6695392683794691,-0.5201337963784437,-0.5201337963784437,0.3191912745742475,0.3191912745742475,0.3191912745742475,Yes
-0.5201337963784437,-0.5201337963784437,-0.5201337963784437,0.3191912745742475,0.3191912745742475,0.3910289176971002,Yes
-0.5201337963784437,-0.5201337963784437,-0.3707283243774183,0.3191912745742475,0.3910289176971002,0.5347042039428055,Yes
-0.5201337963784437,-0.3707283243774183,-0.5201337963784437,0.3910289176971002,0.5347042039428055,0.6065418470656582,Yes
-0.3707283243774183,-0.5201337963784437,-0.5201337963784437,0.5347042039428055,0.6065418470656582,0.5347042039428055,Yes
-0.5201337963784437,-0.5201337963784437,-0.5201337963784437,0.6065418470656582,0.5347042039428055,0.5347042039428055,Yes
-0.5201337963784437,-0.5201337963784437,-0.5201337963784437,0.5347042039428055,0.5347042039428055,0.46286656081995287,Yes
-0.5201337963784437,-0.5201337963784437,-0.5201337963784437,0.5347042039428055,0.46286656081995287,0.5347042039428055,Yes
-0.5201337963784437,-0.5201337963784437,-0.5201337963784437,0.46286656081995287,0.5347042039428055,0.5347042039428055,Yes
-0.5201337963784437,-0.5201337963784437,-0.5201337963784437,0.5347042039428055,0.5347042039428055,0.6065418470656582,Yes
-0.5201337963784437,-0.5201337963784437,-0.5201337963784437,0.5347042039428055,0.6065418470656582,0.5347042039428055,Yes
-0.5201337963784437,-0.5201337963784437,-0.5201337963784437,0.6065418470656582,0.5347042039428055,0.46286656081995287,Yes
-0.3707283243774183,-0.3707283243774183,-0.3707283243774183,0.7502171333113634,0.7502171333113634,0.7502171333113634,Yes
-0.3707283243774183,-0.3707283243774183,-0.3707283243774183,0.7502171333113634,0.7502171333113634,0.7502171333113634,Yes
-0.3707283243774183,-0.3707283243774183,-0.3707283243774183,0.7502171333113634,0.7502171333113634,0.7502171333113634,Yes
-0.3707283243774183,-0.3707283243774183,-0.3707283243774183,0.7502171333113634,0.7502171333113634,0.8220547764342161,Yes
-0.3707283243774183,-0.3707283243774183,-0.3707283243774183,0.7502171333113634,0.8220547764342161,0.7502171333113634,Yes
-0.3707283243774183,-0.3707283243774183,-0.3707283243774183,0.8220547764342161,0.7502171333113634,0.7502171333113634,Yes
-0.3707283243774183,-0.3707283243774183,-0.5201337963784437,0.7502171333113634,0.7502171333113634,0.7502171333113634,Yes
-0.3707283243774183,-0.5201337963784437,-0.3707283243774183,0.7502171333113634,0.7502171333113634,0.46286656081995287,Yes
-0.5201337963784437,-0.3707283243774183,-0.3707283243774183,0.7502171333113634,0.46286656081995287,0.17551598832854223,Yes
-0.3707283243774183,-0.3707283243774183,-0.22132285237639296,0.46286656081995287,0.17551598832854223,-0.03999694104001574,Yes
-0.3707283243774183,-0.22132285237639296,-0.22132285237639296,0.17551598832854223,-0.03999694104001574,-0.1118345841628684,Yes
-0.22132285237639296,-0.22132285237639296,-0.22132285237639296,-0.03999694104001574,-0.1118345841628684,-0.1118345841628684,Yes
-0.22132285237639296,-0.22132285237639296,-0.22132285237639296,-0.1118345841628684,-0.1118345841628684,-0.1118345841628684,Yes
-0.22132285237639296,-0.22132285237639296,-0.22132285237639296,-0.1118345841628684,-0.1118345841628684,-0.1118345841628684,Yes
-0.22132285237639296,-0.22132285237639296,-0.3707283243774183,-0.1118345841628684,-0.1118345841628684,-0.03999694104001574,Yes
-0.22132285237639296,-0.3707283243774183,-0.3707283243774183,-0.1118345841628684,-0.03999694104001574,0.031840702082836916,Yes
-0.3707283243774183,-0.3707283243774183,-0.3707283243774183,-0.03999694104001574,0.031840702082836916,0.17551598832854223,Yes
-0.3707283243774183,-0.3707283243774183,-0.5201337963784437,0.031840702082836916,0.17551598832854223,0.24735363145139488,Yes
-0.3707283243774183,-0.5201337963784437,-0.5201337963784437,0.17551598832854223,0.24735363145139488,0.3191912745742475,Yes
-0.5201337963784437,-0.5201337963784437,-0.6695392683794691,0.24735363145139488,0.3191912745742475,0.3910289176971002,Yes
-0.5201337963784437,-0.6695392683794691,-0.8189447403804944,0.3191912745742475,0.3910289176971002,0.3910289176971002,Yes
-0.6695392683794691,-0.8189447403804944,-0.8189447403804944,0.3910289176971002,0.3910289176971002,0.46286656081995287,Yes
-0.8189447403804944,-0.8189447403804944,-0.8189447403804944,0.3910289176971002,0.46286656081995287,0.3910289176971002,Yes
-0.8189447403804944,-0.8189447403804944,-0.8189447403804944,0.46286656081995287,0.3910289176971002,0.3910289176971002,Yes
-0.3707283243774183,-0.3707283243774183,-0.5201337963784437,0.6783794901885108,0.6783794901885108,0.6783794901885108,Yes
-0.3707283243774183,-0.5201337963784437,-0.5201337963784437,0.6783794901885108,0.6783794901885108,0.6783794901885108,Yes
-0.5201337963784437,-0.5201337963784437,-0.5201337963784437,0.6783794901885108,0.6783794901885108,0.6783794901885108,Yes
-0.5201337963784437,-0.5201337963784437,-0.5201337963784437,0.6783794901885108,0.6783794901885108,0.6783794901885108,Yes
-0.5201337963784437,-0.5201337963784437,-0.5201337963784437,0.6783794901885108,0.6783794901885108,0.6065418470656582,Yes
-0.5201337963784437,-0.5201337963784437,-0.5201337963784437,0.6783794901885108,0.6065418470656582,0.46286656081995287,Yes
-0.5201337963784437,-0.5201337963784437,-0.3707283243774183,0.6065418470656582,0.46286656081995287,0.3191912745742475,Yes
-0.5201337963784437,-0.3707283243774183,-0.3707283243774183,0.46286656081995287,0.3191912745742475,0.24735363145139488,Yes
-0.3707283243774183,-0.3707283243774183,-0.3707283243774183,0.3191912745742475,0.24735363145139488,0.17551598832854223,Yes
-0.3707283243774183,-0.3707283243774183,-0.22132285237639296,0.24735363145139488,0.17551598832854223,0.031840702082836916,Yes
-0.3707283243774183,-0.22132285237639296,-0.07191738037536759,0.17551598832854223,0.031840702082836916,-0.03999694104001574,Yes
-0.22132285237639296,-0.07191738037536759,-0.07191738037536759,0.031840702082836916,-0.03999694104001574,-0.03999694104001574,Yes
-0.07191738037536759,-0.07191738037536759,-0.07191738037536759,-0.03999694104001574,-0.03999694104001574,-0.1118345841628684,Yes
-0.07191738037536759,-0.07191738037536759,-0.07191738037536759,-0.03999694104001574,-0.1118345841628684,0.031840702082836916,Yes
-0.07191738037536759,-0.07191738037536759,-0.22132285237639296,-0.1118345841628684,0.031840702082836916,0.24735363145139488,Yes
-0.07191738037536759,-0.22132285237639296,-0.22132285237639296,0.031840702082836916,0.24735363145139488,0.46286656081995287,Yes
-0.22132285237639296,-0.22132285237639296,-0.22132285237639296,0.24735363145139488,0.46286656081995287,0.46286656081995287,Yes
-0.22132285237639296,-0.22132285237639296,-0.3707283243774183,0.46286656081995287,0.46286656081995287,0.46286656081995287,Yes
-0.22132285237639296,-0.3707283243774183,-0.3707283243774183,0.46286656081995287,0.46286656081995287,0.46286656081995287,Yes
-0.3707283243774183,-0.3707283243774183,-0.3707283243774183,0.46286656081995287,0.46286656081995287,0.46286656081995287,Yes
-0.3707283243774183,-0.3707283243774183,-0.5201337963784437,0.46286656081995287,0.46286656081995287,0.46286656081995287,Yes
-0.3707283243774183,-0.5201337963784437,-0.5201337963784437,0.46286656081995287,0.46286656081995287,0.46286656081995287,Yes
-0.5201337963784437,-0.5201337963784437,-0.3707283243774183,0.46286656081995287,0.46286656081995287,0.46286656081995287,Yes
-0.5201337963784437,-0.3707283243774183,-0.3707283243774183,0.46286656081995287,0.46286656081995287,0.3910289176971002,Yes
-0.3707283243774183,-0.5201337963784437,-0.5201337963784437,0.8220547764342161,0.8220547764342161,0.8220547764342161,Yes
-0.5201337963784437,-0.5201337963784437,-0.5201337963784437,0.8220547764342161,0.8220547764342161,0.8220547764342161,Yes
-0.5201337963784437,-0.5201337963784437,-0.5201337963784437,0.8220547764342161,0.8220547764342161,0.8938924195570688,Yes
-0.5201337963784437,-0.5201337963784437,-0.5201337963784437,0.8220547764342161,0.8938924195570688,0.8938924195570688,Yes
-0.5201337963784437,-0.5201337963784437,-0.5201337963784437,0.8938924195570688,0.8938924195570688,0.8220547764342161,Yes
-0.5201337963784437,-0.5201337963784437,-0.3707283243774183,0.8938924195570688,0.8220547764342161,0.7502171333113634,Yes
-0.5201337963784437,-0.3707283243774183,-0.3707283243774183,0.8220547764342161,0.7502171333113634,0.6783794901885108,Yes
-0.3707283243774183,-0.3707283243774183,-0.3707283243774183,0.7502171333113634,0.6783794901885108,0.6783794901885108,Yes
-0.3707283243774183,-0.3707283243774183,-0.3707283243774183,0.6783794901885108,0.6783794901885108,0.6065418470656582,Yes
-0.3707283243774183,-0.3707283243774183,-0.3707283243774183,0.6783794901885108,0.6065418470656582,0.5347042039428055,Yes
-0.3707283243774183,-0.3707283243774183,-0.3707283243774183,0.6065418470656582,0.5347042039428055,0.5347042039428055,Yes
-0.3707283243774183,-0.3707283243774183,-0.22132285237639296,0.5347042039428055,0.5347042039428055,0.5347042039428055,Yes
-0.3707283243774183,-0.22132285237639296,-0.22132285237639296,0.5347042039428055,0.5347042039428055,0.5347042039428055,Yes
-0.22132285237639296,-0.22132285237639296,-0.22132285237639296,0.5347042039428055,0.5347042039428055,0.3910289176971002,Yes
-0.22132285237639296,-0.22132285237639296,-0.22132285237639296,0.5347042039428055,0.3910289176971002,0.24735363145139488,Yes
-0.22132285237639296,-0.22132285237639296,-0.22132285237639296,0.3910289176971002,0.24735363145139488,0.10367834520568957,Yes
-0.22132285237639296,-0.22132285237639296,-0.22132285237639296,0.24735363145139488,0.10367834520568957,0.3191912745742475,Yes
-0.22132285237639296,-0.22132285237639296,-0.22132285237639296,0.10367834520568957,0.3191912745742475,0.46286656081995287,Yes
-0.22132285237639296,-0.22132285237639296,-0.22132285237639296,0.3191912745742475,0.46286656081995287,0.6783794901885108,Yes
-0.22132285237639296,-0.22132285237639296,-0.3707283243774183,0.46286656081995287,0.6783794901885108,0.6783794901885108,Yes
-0.22132285237639296,-0.3707283243774183,-0.5201337963784437,0.6783794901885108,0.6783794901885108,0.6783794901885108,Yes
-0.3707283243774183,-0.5201337963784437,-0.6695392683794691,0.6783794901885108,0.6783794901885108,0.6783794901885108,Yes
-0.5201337963784437,-0.6695392683794691,-0.6695392683794691,0.6783794901885108,0.6783794901885108,0.3910289176971002,Yes
-0.6695392683794691,-0.6695392683794691,-0.5201337963784437,0.6783794901885108,0.3910289176971002,0.17551598832854223,Yes
0.22689356362668314,0.22689356362668314,0.22689356362668314,0.8220547764342161,0.8220547764342161,0.8938924195570688,Yes
0.22689356362668314,0.22689356362668314,0.22689356362668314,0.8220547764342161,0.8938924195570688,0.8938924195570688,Yes
0.22689356362668314,0.22689356362668314,0.22689356362668314,0.8938924195570688,0.8938924195570688,0.8938924195570688,Yes
0.22689356362668314,0.22689356362668314,0.22689356362668314,0.8938924195570688,0.8938924195570688,0.8938924195570688,Yes
0.22689356362668314,0.22689356362668314,0.3762990356277085,0.8938924195570688,0.8938924195570688,0.8220547764342161,Yes
0.22689356362668314,0.3762990356277085,0.3762990356277085,0.8938924195570688,0.8220547764342161,0.8220547764342161,Yes
0.3762990356277085,0.3762990356277085,0.3762990356277085,0.8220547764342161,0.8220547764342161,0.7502171333113634,Yes
0.3762990356277085,0.3762990356277085,0.3762990356277085,0.8220547764342161,0.7502171333113634,0.7502171333113634,Yes
0.3762990356277085,0.3762990356277085,0.3762990356277085,0.7502171333113634,0.7502171333113634,0.6783794901885108,Yes
0.3762990356277085,0.3762990356277085,0.3762990356277085,0.7502171333113634,0.6783794901885108,0.6065418470656582,Yes
0.3762990356277085,0.3762990356277085,0.3762990356277085,0.6783794901885108,0.6065418470656582,0.6783794901885108,Yes
0.3762990356277085,0.3762990356277085,0.3762990356277085,0.6065418470656582,0.6783794901885108,0.6783794901885108,Yes
0.3762990356277085,0.3762990356277085,0.3762990356277085,0.6783794901885108,0.6783794901885108,0.6783794901885108,Yes
0.3762990356277085,0.3762990356277085,0.22689356362668314,0.6783794901885108,0.6783794901885108,0.6783794901885108,Yes
0.3762990356277085,0.22689356362668314,0.22689356362668314,0.6783794901885108,0.6783794901885108,0.6783794901885108,Yes
0.22689356362668314,0.22689356362668314,0.07748809162565778,0.6783794901885108,0.6783794901885108,0.6783794901885108,Yes
0.22689356362668314,0.07748809162565778,0.07748809162565778,0.6783794901885108,0.6783794901885108,0.6065418470656582,Yes
0.07748809162565778,0.07748809162565778,-0.07191738037536759,0.6783794901885108,0.6065418470656582,0.5347042039428055,Yes
0.07748809162565778,-0.07191738037536759,-0.22132285237639296,0.6065418470656582,0.5347042039428055,0.46286656081995287,Yes
-0.07191738037536759,-0.22132285237639296,-0.22132285237639296,0.5347042039428055,0.46286656081995287,0.3910289176971002,Yes
-0.22132285237639296,-0.22132285237639296,-0.22132285237639296,0.46286656081995287,0.3910289176971002,0.3191912745742475,Yes
-0.22132285237639296,-0.22132285237639296,-0.22132285237639296,0.3910289176971002,0.3191912745742475,0.24735363145139488,Yes
-0.22132285237639296,-0.22132285237639296,-0.22132285237639296,0.3191912745742475,0.24735363145139488,0.3191912745742475,Yes
-0.22132285237639296,-0.22132285237639296,-0.3707283243774183,0.24735363145139488,0.3191912745742475,0.3910289176971002,Yes
-0.6695392683794691,-0.8189447403804944,-0.8189447403804944,0.10367834520568957,0.10367834520568957,0.10367834520568957,Yes
-0.8189447403804944,-0.8189447403804944,-0.8189447403804944,0.10367834520568957,0.10367834520568957,0.10367834520568957,Yes
-0.8189447403804944,-0.8189447403804944,-0.9683502123815197,0.10367834520568957,0.10367834520568957,0.10367834520568957,Yes
-0.8189447403804944,-0.9683502123815197,-0.9683502123815197,0.10367834520568957,0.10367834520568957,0.10367834520568957,Yes
-0.9683502123815197,-0.9683502123815197,-1.1177556843825451,0.10367834520568957,0.10367834520568957,0.17551598832854223,Yes
-0.9683502123815197,-1.1177556843825451,-1.1177556843825451,0.10367834520568957,0.17551598832854223,0.24735363145139488,Yes
-1.1177556843825451,-1.1177556843825451,-1.1177556843825451,0.17551598832854223,0.24735363145139488,0.3191912745742475,Yes
-1.1177556843825451,-1.1177556843825451,-1.1177556843825451,0.24735363145139488,0.3191912745742475,0.24735363145139488,Yes
-1.1177556843825451,-1.1177556843825451,-1.1177556843825451,0.3191912745742475,0.24735363145139488,0.24735363145139488,Yes
-1.1177556843825451,-1.1177556843825451,-1.1177556843825451,0.24735363145139488,0.24735363145139488,0.17551598832854223,Yes
-1.1177556843825451,-1.1177556843825451,-1.1177556843825451,0.24735363145139488,0.17551598832854223,0.24735363145139488,Yes
-1.1177556843825451,-1.1177556843825451,-1.1177556843825451,0.17551598832854223,0.24735363145139488,0.24735363145139488,Yes
-1.1177556843825451,-1.1177556843825451,-0.9683502123815197,0.24735363145139488,0.24735363145139488,0.3191912745742475,Yes
-1.1177556843825451,-0.9683502123815197,-0.9683502123815197,0.24735363145139488,0.3191912745742475,0.3910289176971002,Yes
-0.9683502123815197,-0.9683502123815197,-0.9683502123815197,0.3191912745742475,0.3910289176971002,0.46286656081995287,Yes
-0.9683502123815197,-0.9683502123815197,-0.9683502123815197,0.3910289176971002,0.46286656081995287,0.5347042039428055,Yes
-0.9683502123815197,-0.9683502123815197,-0.9683502123815197,0.46286656081995287,0.5347042039428055,0.5347042039428055,Yes
-0.9683502123815197,-0.9683502123815197,-1.1177556843825451,0.5347042039428055,0.5347042039428055,0.6065418470656582,Yes
-0.9683502123815197,-1.1177556843825451,-1.1177556843825451,0.5347042039428055,0.6065418470656582,0.6065418470656582,Yes
-1.1177556843825451,-1.1177556843825451,-1.2671611563835707,0.6065418470656582,0.6065418470656582,0.6065418470656582,Yes
-1.1177556843825451,-1.2671611563835707,-1.2671611563835707,0.6065418470656582,0.6065418470656582,0.6065418470656582,Yes
-1.2671611563835707,-1.2671611563835707,-1.2671611563835707,0.6065418470656582,0.6065418470656582,0.6065418470656582,Yes
-1.2671611563835707,-1.2671611563835707,-1.2671611563835707,0.6065418470656582,0.6065418470656582,0.6065418470656582,Yes
-1.2671611563835707,-1.2671611563835707,-1.1177556843825451,0.6065418470656582,0.6065418470656582,0.6065418470656582,Yes
-0.8189447403804944,-0.8189447403804944,-0.8189447403804944,0.7502171333113634,0.7502171333113634,0.7502171333113634,Yes
-0.8189447403804944,-0.8189447403804944,-0.8189447403804944,0.7502171333113634,0.7502171333113634,0.6783794901885108,Yes
-0.8189447403804944,-0.8189447403804944,-0.8189447403804944,0.7502171333113634,0.6783794901885108,0.6065418470656582,Yes
-0.8189447403804944,-0.8189447403804944,-0.9683502123815197,0.6783794901885108,0.6065418470656582,0.5347042039428055,Yes
-0.8189447403804944,-0.9683502123815197,-0.9683502123815197,0.6065418470656582,0.5347042039428055,0.5347042039428055,Yes
-0.9683502123815197,-0.9683502123815197,-0.9683502123815197,0.5347042039428055,0.5347042039428055,0.46286656081995287,Yes
-0.9683502123815197,-0.9683502123815197,-0.8189447403804944,0.5347042039428055,0.46286656081995287,0.46286656081995287,Yes
-0.9683502123815197,-0.8189447403804944,-0.8189447403804944,0.46286656081995287,0.46286656081995287,0.24735363145139488,Yes
-0.8189447403804944,-0.8189447403804944,-0.5201337963784437,0.46286656081995287,0.24735363145139488,0.031840702082836916,Yes
-0.8189447403804944,-0.5201337963784437,-0.5201337963784437,0.24735363145139488,0.031840702082836916,-0.18367222728572105,Yes
-0.5201337963784437,-0.5201337963784437,-0.3707283243774183,0.031840702082836916,-0.18367222728572105,-0.1118345841628684,Yes
-0.5201337963784437,-0.3707283243774183,-0.22132285237639296,-0.18367222728572105,-0.1118345841628684,-0.1118345841628684,Yes
-0.3707283243774183,-0.22132285237639296,-0.22132285237639296,-0.1118345841628684,-0.1118345841628684,-0.03999694104001574,Yes
-0.22132285237639296,-0.22132285237639296,-0.07191738037536759,-0.1118345841628684,-0.03999694104001574,0.10367834520568957,Yes
-0.22132285237639296,-0.07191738037536759,-0.07191738037536759,-0.03999694104001574,0.10367834520568957,0.3191912745742475,Yes
-0.07191738037536759,-0.07191738037536759,-0.07191738037536759,0.10367834520568957,0.3191912745742475,0.46286656081995287,Yes
-0.07191738037536759,-0.07191738037536759,-0.07191738037536759,0.3191912745742475,0.46286656081995287,0.5347042039428055,Yes
-0.07191738037536759,-0.07191738037536759,-0.22132285237639296,0.46286656081995287,0.5347042039428055,0.6065418470656582,Yes
-0.07191738037536759,-0.22132285237639296,-0.22132285237639296,0.5347042039428055,0.6065418470656582,0.6783794901885108,Yes
-0.22132285237639296,-0.22132285237639296,-0.22132285237639296,0.6065418470656582,0.6783794901885108,0.7502171333113634,Yes
-0.22132285237639296,-0.22132285237639296,-0.22132285237639296,0.6783794901885108,0.7502171333113634,0.7502171333113634,Yes
-0.22132285237639296,-0.22132285237639296,-0.22132285237639296,0.7502171333113634,0.7502171333113634,0.8220547764342161,Yes
-0.22132285237639296,-0.22132285237639296,-0.22132285237639296,0.7502171333113634,0.8220547764342161,0.8220547764342161,Yes
-0.22132285237639296,-0.22132285237639296,-0.22132285237639296,0.8220547764342161,0.8220547764342161,0.8220547764342161,Yes
-0.22132285237639296,-0.22132285237639296,-0.3707283243774183,0.8220547764342161,0.8220547764342161,0.8220547764342161,Yes
-0.22132285237639296,-0.3707283243774183,-0.22132285237639296,0.8220547764342161,0.8220547764342161,0.8220547764342161,Yes
-0.3707283243774183,-0.22132285237639296,-0.22132285237639296,0.8220547764342161,0.8220547764342161,0.8220547764342161,Yes
-0.22132285237639296,-0.22132285237639296,-0.07191738037536759,0.8220547764342161,0.8220547764342161,0.8220547764342161,Yes
-0.22132285237639296,-0.07191738037536759,-0.07191738037536759,0.8220547764342161,0.8220547764342161,0.8220547764342161,Yes
-0.07191738037536759,-0.07191738037536759,-0.07191738037536759,0.8220547764342161,0.8220547764342161,0.8220547764342161,Yes
-0.07191738037536759,-0.07191738037536759,-0.07191738037536759,0.8220547764342161,0.8220547764342161,0.8220547764342161,Yes
-0.07191738037536759,-0.07191738037536759,-0.07191738037536759,0.8220547764342161,0.8220547764342161,0.7502171333113634,Yes
-0.07191738037536759,-0.07191738037536759,-0.07191738037536759,0.8220547764342161,0.7502171333113634,0.6783794901885108,Yes
-0.07191738037536759,-0.07191738037536759,-0.07191738037536759,0.7502171333113634,0.6783794901885108,0.6065418470656582,Yes
-0.07191738037536759,-0.07191738037536759,-0.07191738037536759,0.6783794901885108,0.6065418470656582,0.6065418470656582,Yes
-0.07191738037536759,-0.07191738037536759,0.07748809162565778,0.6065418470656582,0.6065418470656582,0.6065418470656582,Yes
-0.07191738037536759,0.07748809162565778,-0.07191738037536759,0.6065418470656582,0.6065418470656582,0.6065418470656582,Yes
0.07748809162565778,-0.07191738037536759,-0.07191738037536759,0.6065418470656582,0.6065418470656582,0.6783794901885108,Yes
-0.07191738037536759,-0.07191738037536759,0.07748809162565778,0.6065418470656582,0.6783794901885108,0.7502171333113634,Yes
-0.07191738037536759,0.07748809162565778,0.07748809162565778,0.6783794901885108,0.7502171333113634,0.8220547764342161,Yes
0.07748809162565778,0.07748809162565778,0.07748809162565778,0.7502171333113634,0.8220547764342161,0.8220547764342161,Yes
0.07748809162565778,0.07748809162565778,-0.07191738037536759,0.8220547764342161,0.8220547764342161,0.8938924195570688,Yes
0.07748809162565778,-0.07191738037536759,-0.07191738037536759,0.8220547764342161,0.8938924195570688,0.8938924195570688,Yes
-0.07191738037536759,-0.07191738037536759,-0.07191738037536759,0.8938924195570688,0.8938924195570688,0.8938924195570688,Yes
-0.07191738037536759,-0.07191738037536759,-0.07191738037536759,0.8938924195570688,0.8938924195570688,0.8938924195570688,Yes
-0.07191738037536759,-0.07191738037536759,-0.22132285237639296,0.8938924195570688,0.8938924195570688,0.8938924195570688,Yes
-0.07191738037536759,-0.22132285237639296,-0.22132285237639296,0.8938924195570688,0.8938924195570688,0.8938924195570688,Yes
-0.22132285237639296,-0.22132285237639296,-0.22132285237639296,0.8938924195570688,0.8938924195570688,0.8938924195570688,Yes
-0.07191738037536759,-0.07191738037536759,-0.07191738037536759,0.8938924195570688,0.8938924195570688,0.8938924195570688,Yes
-0.07191738037536759,-0.07191738037536759,-0.07191738037536759,0.8938924195570688,0.8938924195570688,0.8938924195570688,Yes
-0.07191738037536759,-0.07191738037536759,-0.07191738037536759,0.8938924195570688,0.8938924195570688,0.8938924195570688,Yes
-0.07191738037536759,-0.07191738037536759,-0.22132285237639296,0.8938924195570688,0.8938924195570688,0.8938924195570688,Yes
-0.07191738037536759,-0.22132285237639296,-0.22132285237639296,0.8938924195570688,0.8938924195570688,0.8938924195570688,Yes
-0.22132285237639296,-0.22132285237639296,-0.3707283243774183,0.8938924195570688,0.8938924195570688,0.8938924195570688,Yes
-0.22132285237639296,-0.3707283243774183,-0.22132285237639296,0.8938924195570688,0.8938924195570688,0.8938924195570688,Yes
-0.3707283243774183,-0.22132285237639296,-0.22132285237639296,0.8938924195570688,0.8938924195570688,0.8220547764342161,Yes
-0.22132285237639296,-0.22132285237639296,-0.22132285237639296,0.8938924195570688,0.8220547764342161,0.7502171333113634,Yes
-0.22132285237639296,-0.22132285237639296,-0.07191738037536759,0.8220547764342161,0.7502171333113634,0.7502171333113634,Yes
-0.22132285237639296,-0.07191738037536759,0.07748809162565778,0.7502171333113634,0.7502171333113634,0.6783794901885108,Yes
-0.07191738037536759,0.07748809162565778,0.07748809162565778,0.7502171333113634,0.6783794901885108,0.6065418470656582,Yes
0.07748809162565778,0.07748809162565778,0.07748809162565778,0.6783794901885108,0.6065418470656582,0.6065418470656582,Yes
0.07748809162565778,0.07748809162565778,0.07748809162565778,0.6065418470656582,0.6065418470656582,0.6783794901885108,Yes
0.07748809162565778,0.07748809162565778,0.07748809162565778,0.6065418470656582,0.6783794901885108,0.7502171333113634,Yes
0.07748809162565778,0.07748809162565778,0.07748809162565778,0.6783794901885108,0.7502171333113634,0.8220547764342161,Yes
0.07748809162565778,0.07748809162565778,0.07748809162565778,0.7502171333113634,0.8220547764342161,0.8220547764342161,Yes
0.07748809162565778,0.07748809162565778,0.07748809162565778,0.8220547764342161,0.8220547764342161,0.8220547764342161,Yes
0.07748809162565778,0.07748809162565778,-0.07191738037536759,0.8220547764342161,0.8220547764342161,0.8220547764342161,Yes
0.07748809162565778,-0.07191738037536759,-0.07191738037536759,0.8220547764342161,0.8220547764342161,0.8220547764342161,Yes
-0.07191738037536759,-0.07191738037536759,-0.22132285237639296,0.8220547764342161,0.8220547764342161,0.8938924195570688,Yes
-0.07191738037536759,-0.22132285237639296,-0.22132285237639296,0.8220547764342161,0.8938924195570688,0.8938924195570688,Yes
-0.22132285237639296,-0.22132285237639296,-0.22132285237639296,0.8938924195570688,0.8938924195570688,0.8938924195570688,Yes
-0.22132285237639296,-0.22132285237639296,-0.3707283243774183,0.8938924195570688,0.8938924195570688,0.8938924195570688,Yes
-0.22132285237639296,-0.3707283243774183,-0.3707283243774183,0.8938924195570688,0.8938924195570688,0.8938924195570688,Yes
-0.3707283243774183,-0.3707283243774183,-0.3707283243774183,0.8938924195570688,0.8938924195570688,0.8938924195570688,Yes
-0.3707283243774183,-0.3707283243774183,-0.3707283243774183,0.8938924195570688,0.8938924195570688,0.8938924195570688,Yes
-0.3707283243774183,-0.3707283243774183,-0.3707283243774183,0.8938924195570688,0.8938924195570688,0.8938924195570688,Yes
-0.3707283243774183,-0.3707283243774183,-0.22132285237639296,0.8938924195570688,0.8938924195570688,0.8220547764342161,Yes
-0.3707283243774183,-0.22132285237639296,-0.22132285237639296,0.8938924195570688,0.8220547764342161,0.7502171333113634,Yes
-0.22132285237639296,-0.22132285237639296,-0.22132285237639296,0.8220547764342161,0.7502171333113634,0.7502171333113634,Yes
-0.22132285237639296,-0.22132285237639296,-0.22132285237639296,0.7502171333113634,0.7502171333113634,0.6783794901885108,Yes
-0.22132285237639296,-0.22132285237639296,-0.07191738037536759,0.7502171333113634,0.6783794901885108,0.5347042039428055,Yes
-0.22132285237639296,-0.07191738037536759,-0.07191738037536759,0.6783794901885108,0.5347042039428055,0.46286656081995287,Yes
-0.07191738037536759,-0.07191738037536759,-0.07191738037536759,0.5347042039428055,0.46286656081995287,0.5347042039428055,Yes
-0.07191738037536759,-0.07191738037536759,-0.07191738037536759,0.46286656081995287,0.5347042039428055,0.6065418470656582,Yes
-0.07191738037536759,-0.07191738037536759,-0.07191738037536759,0.5347042039428055,0.6065418470656582,0.6783794901885108,Yes
-0.07191738037536759,-0.07191738037536759,-0.07191738037536759,0.6065418470656582,0.6783794901885108,0.6783794901885108,Yes
-0.07191738037536759,-0.07191738037536759,-0.07191738037536759,0.6783794901885108,0.6783794901885108,0.6783794901885108,Yes
-0.07191738037536759,-0.07191738037536759,-0.07191738037536759,0.6783794901885108,0.6783794901885108,0.6783794901885108,Yes
-0.07191738037536759,-0.07191738037536759,-0.07191738037536759,0.6783794901885108,0.6783794901885108,0.6783794901885108,Yes
-0.07191738037536759,-0.07191738037536759,-0.07191738037536759,0.6783794901885108,0.6783794901885108,0.7502171333113634,Yes
-0.07191738037536759,-0.07191738037536759,-0.07191738037536759,0.6783794901885108,0.7502171333113634,0.7502171333113634,Yes
-0.07191738037536759,-0.07191738037536759,-0.07191738037536759,0.7502171333113634,0.7502171333113634,0.7502171333113634,Yes
-0.07191738037536759,-0.07191738037536759,-0.07191738037536759,0.7502171333113634,0.7502171333113634,0.7502171333113634,Yes
-0.07191738037536759,-0.07191738037536759,-0.07191738037536759,0.7502171333113634,0.7502171333113634,0.7502171333113634,Yes
-0.07191738037536759,-0.07191738037536759,-0.22132285237639296,0.7502171333113634,0.7502171333113634,0.7502171333113634,Yes
-0.07191738037536759,-0.22132285237639296,-0.22132285237639296,0.7502171333113634,0.7502171333113634,0.8220547764342161,Yes
-0.8189447403804944,-0.8189447403804944,-0.8189447403804944,0.7502171333113634,0.7502171333113634,0.7502171333113634,Yes
-0.8189447403804944,-0.8189447403804944,-0.8189447403804944,0.7502171333113634,0.7502171333113634,0.7502171333113634,Yes
-0.8189447403804944,-0.8189447403804944,-0.8189447403804944,0.7502171333113634,0.7502171333113634,0.8220547764342161,Yes
-0.8189447403804944,-0.8189447403804944,-0.8189447403804944,0.7502171333113634,0.8220547764342161,0.8220547764342161,Yes
-0.8189447403804944,-0.8189447403804944,-0.8189447403804944,0.8220547764342161,0.8220547764342161,0.8220547764342161,Yes
-0.8189447403804944,-0.8189447403804944,-0.6695392683794691,0.8220547764342161,0.8220547764342161,0.7502171333113634,Yes
-0.8189447403804944,-0.6695392683794691,-0.6695392683794691,0.8220547764342161,0.7502171333113634,0.7502171333113634,Yes
-0.6695392683794691,-0.6695392683794691,-0.6695392683794691,0.7502171333113634,0.7502171333113634,0.7502171333113634,Yes
-0.6695392683794691,-0.6695392683794691,-0.6695392683794691,0.7502171333113634,0.7502171333113634,0.7502171333113634,Yes
-0.6695392683794691,-0.6695392683794691,-0.6695392683794691,0.7502171333113634,0.7502171333113634,0.8220547764342161,Yes
-0.6695392683794691,-0.6695392683794691,-0.6695392683794691,0.7502171333113634,0.8220547764342161,0.8220547764342161,Yes
-0.6695392683794691,-0.6695392683794691,-0.5201337963784437,0.8220547764342161,0.8220547764342161,0.8938924195570688,Yes
-0.6695392683794691,-0.5201337963784437,-0.5201337963784437,0.8220547764342161,0.8938924195570688,0.9657300626799215,Yes
-0.5201337963784437,-0.5201337963784437,-0.5201337963784437,0.8938924195570688,0.9657300626799215,0.8938924195570688,Yes
-0.5201337963784437,-0.5201337963784437,-0.3707283243774183,0.9657300626799215,0.8938924195570688,0.8938924195570688,Yes
-0.5201337963784437,-0.3707283243774183,-0.3707283243774183,0.8938924195570688,0.8938924195570688,0.8220547764342161,Yes
-0.3707283243774183,-0.3707283243774183,-0.3707283243774183,0.8938924195570688,0.8220547764342161,0.6783794901885108,Yes
-0.3707283243774183,-0.3707283243774183,-0.3707283243774183,0.8220547764342161,0.6783794901885108,0.5347042039428055,Yes
-0.3707283243774183,-0.3707283243774183,-0.3707283243774183,0.6783794901885108,0.5347042039428055,0.3910289176971002,Yes
-0.3707283243774183,-0.3707283243774183,-0.5201337963784437,0.5347042039428055,0.3910289176971002,0.3910289176971002,Yes
-0.3707283243774183,-0.5201337963784437,-0.6695392683794691,0.3910289176971002,0.3910289176971002,0.3910289176971002,Yes
-0.5201337963784437,-0.6695392683794691,-0.8189447403804944,0.3910289176971002,0.3910289176971002,0.3910289176971002,Yes
-0.6695392683794691,-0.8189447403804944,-0.8189447403804944,0.3910289176971002,0.3910289176971002,0.46286656081995287,Yes
-0.8189447403804944,-0.8189447403804944,-0.8189447403804944,0.3910289176971002,0.46286656081995287,0.5347042039428055,Yes
-1.2671611563835707,-1.2671611563835707,-1.2671611563835707,0.6783794901885108,0.6783794901885108,0.6783794901885108,Yes
-1.2671611563835707,-1.2671611563835707,-1.2671611563835707,0.6783794901885108,0.6783794901885108,0.6783794901885108,Yes
-1.2671611563835707,-1.2671611563835707,-1.2671611563835707,0.6783794901885108,0.6783794901885108,0.6783794901885108,Yes
-1.2671611563835707,-1.2671611563835707,-1.1177556843825451,0.6783794901885108,0.6783794901885108,0.6783794901885108,Yes
-1.2671611563835707,-1.1177556843825451,-0.9683502123815197,0.6783794901885108,0.6783794901885108,0.6783794901885108,Yes
-1.1177556843825451,-0.9683502123815197,-0.9683502123815197,0.6783794901885108,0.6783794901885108,0.6783794901885108,Yes
-0.9683502123815197,-0.9683502123815197,-0.8189447403804944,0.6783794901885108,0.6783794901885108,0.6783794901885108,Yes
-0.9683502123815197,-0.8189447403804944,-0.8189447403804944,0.6783794901885108,0.6783794901885108,0.6065418470656582,Yes
-0.8189447403804944,-0.8189447403804944,-0.8189447403804944,0.6783794901885108,0.6065418470656582,0.5347042039428055,Yes
-0.8189447403804944,-0.8189447403804944,-0.6695392683794691,0.6065418470656582,0.5347042039428055,0.46286656081995287,Yes
-0.8189447403804944,-0.6695392683794691,-0.6695392683794691,0.5347042039428055,0.46286656081995287,0.5347042039428055,Yes
-0.6695392683794691,-0.6695392683794691,-0.6695392683794691,0.46286656081995287,0.5347042039428055,0.6065418470656582,Yes
-0.6695392683794691,-0.6695392683794691,-0.6695392683794691,0.5347042039428055,0.6065418470656582,0.6783794901885108,Yes
-0.6695392683794691,-0.6695392683794691,-0.5201337963784437,0.6065418470656582,0.6783794901885108,0.7502171333113634,Yes
-0.6695392683794691,-0.5201337963784437,-0.5201337963784437,0.6783794901885108,0.7502171333113634,0.7502171333113634,Yes
-0.5201337963784437,-0.5201337963784437,-0.5201337963784437,0.7502171333113634,0.7502171333113634,0.8220547764342161,Yes
-0.5201337963784437,-0.5201337963784437,-0.5201337963784437,0.7502171333113634,0.8220547764342161,0.8220547764342161,Yes
-0.5201337963784437,-0.5201337963784437,-0.5201337963784437,0.8220547764342161,0.8220547764342161,0.8220547764342161,Yes
-0.5201337963784437,-0.5201337963784437,-0.5201337963784437,0.8220547764342161,0.8220547764342161,0.8220547764342161,Yes
-0.5201337963784437,-0.5201337963784437,-0.5201337963784437,0.8220547764342161,0.8220547764342161,0.8220547764342161,Yes
-0.5201337963784437,-0.5201337963784437,-0.5201337963784437,0.8220547764342161,0.8220547764342161,0.8220547764342161,Yes
-0.5201337963784437,-0.5201337963784437,-0.5201337963784437,0.8220547764342161,0.8220547764342161,0.8220547764342161,Yes
-0.5201337963784437,-0.5201337963784437,-0.6695392683794691,0.8220547764342161,0.8220547764342161,0.8220547764342161,Yes
-0.5201337963784437,-0.6695392683794691,-0.6695392683794691,0.8220547764342161,0.8220547764342161,0.8220547764342161,Yes
-0.6695392683794691,-0.8189447403804944,-0.8189447403804944,0.5347042039428055,0.5347042039428055,0.5347042039428055,Yes
-0.8189447403804944,-0.8189447403804944,-0.8189447403804944,0.5347042039428055,0.5347042039428055,0.5347042039428055,Yes
-0.8189447403804944,-0.8189447403804944,-0.9683502123815197,0.5347042039428055,0.5347042039428055,0.5347042039428055,Yes
-0.8189447403804944,-0.9683502123815197,-0.9683502123815197,0.5347042039428055,0.5347042039428055,0.5347042039428055,Yes
-0.9683502123815197,-0.9683502123815197,-0.9683502123815197,0.5347042039428055,0.5347042039428055,0.5347042039428055,Yes
-0.9683502123815197,-0.9683502123815197,-1.1177556843825451,0.5347042039428055,0.5347042039428055,0.46286656081995287,Yes
-0.9683502123815197,-1.1177556843825451,-1.1177556843825451,0.5347042039428055,0.46286656081995287,0.46286656081995287,Yes
-1.1177556843825451,-1.1177556843825451,-1.1177556843825451,0.46286656081995287,0.46286656081995287,0.3910289176971002,Yes
-1.1177556843825451,-1.1177556843825451,-1.1177556843825451,0.46286656081995287,0.3910289176971002,0.3910289176971002,Yes
-1.1177556843825451,-1.1177556843825451,-1.1177556843825451,0.3910289176971002,0.3910289176971002,0.3191912745742475,Yes
-1.1177556843825451,-1.1177556843825451,-1.1177556843825451,0.3910289176971002,0.3191912745742475,0.24735363145139488,Yes
-1.1177556843825451,-1.1177556843825451,-0.9683502123815197,0.3191912745742475,0.24735363145139488,0.17551598832854223,Yes
-1.1177556843825451,-0.9683502123815197,-0.9683502123815197,0.24735363145139488,0.17551598832854223,0.10367834520568957,Yes
-0.9683502123815197,-0.9683502123815197,-0.8189447403804944,0.17551598832854223,0.10367834520568957,0.17551598832854223,Yes
-0.9683502123815197,-0.8189447403804944,-0.8189447403804944,0.10367834520568957,0.17551598832854223,0.17551598832854223,Yes
-0.8189447403804944,-0.8189447403804944,-0.8189447403804944,0.17551598832854223,0.17551598832854223,0.24735363145139488,Yes
-0.8189447403804944,-0.8189447403804944,-0.8189447403804944,0.17551598832854223,0.24735363145139488,0.24735363145139488,Yes
-0.8189447403804944,-0.8189447403804944,-0.8189447403804944,0.24735363145139488,0.24735363145139488,0.3191912745742475,Yes
-0.8189447403804944,-0.8189447403804944,-0.9683502123815197,0.24735363145139488,0.3191912745742475,0.3191912745742475,Yes
-0.8189447403804944,-0.9683502123815197,-0.9683502123815197,0.3191912745742475,0.3191912745742475,0.46286656081995287,Yes
-0.9683502123815197,-0.9683502123815197,-1.1177556843825451,0.3191912745742475,0.46286656081995287,0.6065418470656582,Yes
-0.9683502123815197,-1.1177556843825451,-1.2671611563835707,0.46286656081995287,0.6065418470656582,0.7502171333113634,Yes
-1.1177556843825451,-1.2671611563835707,-1.2671611563835707,0.6065418470656582,0.7502171333113634,0.7502171333113634,Yes
-1.2671611563835707,-1.2671611563835707,-1.416566628384596,0.7502171333113634,0.7502171333113634,0.7502171333113634,Yes
-2.4624049323917734,-2.4624049323917734,-2.4624049323917734,0.6065418470656582,0.6065418470656582,0.6065418470656582,Yes
-2.4624049323917734,-2.4624049323917734,-2.4624049323917734,0.6065418470656582,0.6065418470656582,0.6065418470656582,Yes
-2.4624049323917734,-2.4624049323917734,-2.4624049323917734,0.6065418470656582,0.6065418470656582,0.6065418470656582,Yes
-2.4624049323917734,-2.4624049323917734,-2.4624049323917734,0.6065418470656582,0.6065418470656582,0.6783794901885108,Yes
-2.4624049323917734,-2.4624049323917734,-2.312999460390748,0.6065418470656582,0.6783794901885108,0.6065418470656582,Yes
-2.4624049323917734,-2.312999460390748,-2.312999460390748,0.6783794901885108,0.6065418470656582,0.6065418470656582,Yes
-2.312999460390748,-2.312999460390748,-2.1635939883897226,0.6065418470656582,0.6065418470656582,0.6065418470656582,Yes
-2.312999460390748,-2.1635939883897226,-2.1635939883897226,0.6065418470656582,0.6065418470656582,0.24735363145139488,Yes
-2.1635939883897226,-2.1635939883897226,-2.0141885163886974,0.6065418470656582,0.24735363145139488,-0.03999694104001574,Yes
-2.1635939883897226,-2.0141885163886974,-1.864783044387672,0.24735363145139488,-0.03999694104001574,-0.399185156654279,Yes
-2.0141885163886974,-1.864783044387672,-1.7153775723866467,-0.03999694104001574,-0.399185156654279,-0.18367222728572105,Yes
-1.864783044387672,-1.7153775723866467,-1.7153775723866467,-0.399185156654279,-0.18367222728572105,0.031840702082836916,Yes
-1.7153775723866467,-1.7153775723866467,-1.5659721003856213,-0.18367222728572105,0.031840702082836916,0.17551598832854223,Yes
-1.7153775723866467,-1.5659721003856213,-1.5659721003856213,0.031840702082836916,0.17551598832854223,0.3191912745742475,Yes
-1.5659721003856213,-1.5659721003856213,-1.416566628384596,0.17551598832854223,0.3191912745742475,0.3910289176971002,Yes
-1.5659721003856213,-1.416566628384596,-1.416566628384596,0.3191912745742475,0.3910289176971002,0.5347042039428055,Yes
-1.416566628384596,-1.416566628384596,-1.416566628384596,0.3910289176971002,0.5347042039428055,0.5347042039428055,Yes
-1.416566628384596,-1.416566628384596,-1.416566628384596,0.5347042039428055,0.5347042039428055,0.6065418470656582,Yes
-1.416566628384596,-1.416566628384596,-1.416566628384596,0.5347042039428055,0.6065418470656582,0.6065418470656582,Yes
-1.416566628384596,-1.416566628384596,-1.416566628384596,0.6065418470656582,0.6065418470656582,0.6065418470656582,Yes
-1.416566628384596,-1.416566628384596,-1.2671611563835707,0.6065418470656582,0.6065418470656582,0.6065418470656582,Yes
-1.416566628384596,-1.2671611563835707,-1.1177556843825451,0.6065418470656582,0.6065418470656582,0.6065418470656582,Yes
-1.2671611563835707,-1.1177556843825451,-1.2671611563835707,0.6065418470656582,0.6065418470656582,0.6065418470656582,Yes
-1.1177556843825451,-1.2671611563835707,-1.2671611563835707,0.6065418470656582,0.6065418470656582,0.6065418470656582,Yes
-1.2671611563835707,-1.2671611563835707,-1.1177556843825451,0.6065418470656582,0.6065418470656582,0.6783794901885108,Yes
-1.2671611563835707,-1.1177556843825451,-1.1177556843825451,0.6065418470656582,0.6783794901885108,0.6065418470656582,Yes
-1.1177556843825451,-1.1177556843825451,-1.2671611563835707,0.6783794901885108,0.6065418470656582,0.6065418470656582,Yes
-1.1177556843825451,-1.2671611563835707,-1.2671611563835707,0.6065418470656582,0.6065418470656582,0.6065418470656582,Yes
-1.2671611563835707,-1.2671611563835707,-1.2671611563835707,0.6065418470656582,0.6065418470656582,0.6065418470656582,Yes
-1.2671611563835707,-1.2671611563835707,-1.2671611563835707,0.6065418470656582,0.6065418470656582,0.5347042039428055,Yes
-1.2671611563835707,-1.2671611563835707,-1.2671611563835707,0.6065418470656582,0.5347042039428055,0.5347042039428055,Yes
-1.2671611563835707,-1.2671611563835707,-1.2671611563835707,0.5347042039428055,0.5347042039428055,0.46286656081995287,Yes
-1.2671611563835707,-1.2671611563835707,-1.1177556843825451,0.5347042039428055,0.46286656081995287,0.3910289176971002,Yes
-1.2671611563835707,-1.1177556843825451,-1.1177556843825451,0.46286656081995287,0.3910289176971002,0.3191912745742475,Yes
-1.1177556843825451,-1.1177556843825451,-0.9683502123815197,0.3910289176971002,0.3191912745742475,0.3910289176971002,Yes
-1.1177556843825451,-0.9683502123815197,-0.9683502123815197,0.3191912745742475,0.3910289176971002,0.46286656081995287,Yes
-0.9683502123815197,-0.9683502123815197,-0.8189447403804944,0.3910289176971002,0.46286656081995287,0.46286656081995287,Yes
-0.9683502123815197,-0.8189447403804944,-0.8189447403804944,0.46286656081995287,0.46286656081995287,0.3910289176971002,Yes
-0.8189447403804944,-0.8189447403804944,-0.8189447403804944,0.46286656081995287,0.3910289176971002,0.3191912745742475,Yes
-0.8189447403804944,-0.8189447403804944,-0.6695392683794691,0.3910289176971002,0.3191912745742475,0.24735363145139488,Yes
-0.8189447403804944,-0.6695392683794691,-0.8189447403804944,0.3191912745742475,0.24735363145139488,0.46286656081995287,Yes
-0.6695392683794691,-0.8189447403804944,-0.9683502123815197,0.24735363145139488,0.46286656081995287,0.6783794901885108,Yes
-0.8189447403804944,-0.9683502123815197,-0.9683502123815197,0.46286656081995287,0.6783794901885108,0.9657300626799215,Yes
-0.9683502123815197,-0.9683502123815197,-1.1177556843825451,0.6783794901885108,0.9657300626799215,0.7502171333113634,Yes
-0.9683502123815197,-1.1177556843825451,-1.2671611563835707,0.9657300626799215,0.7502171333113634,0.5347042039428055,Yes
-1.1177556843825451,-1.2671611563835707,-1.416566628384596,0.7502171333113634,0.5347042039428055,0.3191912745742475,Yes
-1.2671611563835707,-1.416566628384596,-1.416566628384596,0.5347042039428055,0.3191912745742475,0.24735363145139488,Yes
-1.416566628384596,-1.416566628384596,-1.5659721003856213,0.3191912745742475,0.24735363145139488,0.17551598832854223,Yes
-1.416566628384596,-1.416566628384596,-1.416566628384596,0.5347042039428055,0.5347042039428055,0.5347042039428055,Yes
-1.416566628384596,-1.416566628384596,-1.5659721003856213,0.5347042039428055,0.5347042039428055,0.5347042039428055,Yes
-1.416566628384596,-1.5659721003856213,-1.5659721003856213,0.5347042039428055,0.5347042039428055,0.5347042039428055,Yes
-1.5659721003856213,-1.5659721003856213,-1.5659721003856213,0.5347042039428055,0.5347042039428055,0.6065418470656582,Yes
-1.5659721003856213,-1.5659721003856213,-1.416566628384596,0.5347042039428055,0.6065418470656582,0.5347042039428055,Yes
-1.5659721003856213,-1.416566628384596,-1.416566628384596,0.6065418470656582,0.5347042039428055,0.5347042039428055,Yes
-1.416566628384596,-1.416566628384596,-1.416566628384596,0.5347042039428055,0.5347042039428055,0.5347042039428055,Yes
-1.416566628384596,-1.416566628384596,-1.2671611563835707,0.5347042039428055,0.5347042039428055,0.5347042039428055,Yes
-1.416566628384596,-1.2671611563835707,-1.2671611563835707,0.5347042039428055,0.5347042039428055,0.6065418470656582,Yes
-1.2671611563835707,-1.2671611563835707,-1.1177556843825451,0.5347042039428055,0.6065418470656582,0.6065418470656582,Yes
-1.2671611563835707,-1.1177556843825451,-0.9683502123815197,0.6065418470656582,0.6065418470656582,0.6783794901885108,Yes
-1.1177556843825451,-0.9683502123815197,-0.8189447403804944,0.6065418470656582,0.6783794901885108,0.7502171333113634,Yes
-0.9683502123815197,-0.8189447403804944,-0.8189447403804944,0.6783794901885108,0.7502171333113634,0.8220547764342161,Yes
-0.8189447403804944,-0.8189447403804944,-0.8189447403804944,0.7502171333113634,0.8220547764342161,0.7502171333113634,Yes
-0.8189447403804944,-0.8189447403804944,-0.6695392683794691,0.8220547764342161,0.7502171333113634,0.6065418470656582,Yes
-0.8189447403804944,-0.6695392683794691,-0.8189447403804944,0.7502171333113634,0.6065418470656582,0.5347042039428055,Yes
-0.6695392683794691,-0.8189447403804944,-0.8189447403804944,0.6065418470656582,0.5347042039428055,0.5347042039428055,Yes
-0.8189447403804944,-0.8189447403804944,-0.8189447403804944,0.5347042039428055,0.5347042039428055,0.6065418470656582,Yes
-0.8189447403804944,-0.8189447403804944,-0.9683502123815197,0.5347042039428055,0.6065418470656582,0.6783794901885108,Yes
-0.8189447403804944,-0.9683502123815197,-1.1177556843825451,0.6065418470656582,0.6783794901885108,0.7502171333113634,Yes
-0.9683502123815197,-1.1177556843825451,-1.1177556843825451,0.6783794901885108,0.7502171333113634,0.8220547764342161,Yes
-1.1177556843825451,-1.1177556843825451,-1.1177556843825451,0.7502171333113634,0.8220547764342161,0.8220547764342161,Yes
-1.1177556843825451,-1.1177556843825451,-1.1177556843825451,0.8220547764342161,0.8220547764342161,0.8220547764342161,Yes
-1.1177556843825451,-1.1177556843825451,-1.2671611563835707,0.8220547764342161,0.8220547764342161,0.8938924195570688,Yes
-1.1177556843825451,-1.1177556843825451,-1.1177556843825451,0.7502171333113634,0.7502171333113634,0.8220547764342161,Yes
-1.1177556843825451,-1.1177556843825451,-1.1177556843825451,0.7502171333113634,0.8220547764342161,0.8220547764342161,Yes
-1.1177556843825451,-1.1177556843825451,-1.1177556843825451,0.8220547764342161,0.8220547764342161,0.8220547764342161,Yes
-1.1177556843825451,-1.1177556843825451,-1.1177556843825451,0.8220547764342161,0.8220547764342161,0.8220547764342161,Yes
-1.1177556843825451,-1.1177556843825451,-1.1177556843825451,0.8220547764342161,0.8220547764342161,0.7502171333113634,Yes
-1.1177556843825451,-1.1177556843825451,-1.1177556843825451,0.8220547764342161,0.7502171333113634,0.7502171333113634,Yes
-1.1177556843825451,-1.1177556843825451,-1.1177556843825451,0.7502171333113634,0.7502171333113634,0.7502171333113634,Yes
-1.1177556843825451,-1.1177556843825451,-0.9683502123815197,0.7502171333113634,0.7502171333113634,0.7502171333113634,Yes
-1.1177556843825451,-0.9683502123815197,-0.9683502123815197,0.7502171333113634,0.7502171333113634,0.7502171333113634,Yes
-0.9683502123815197,-0.9683502123815197,-0.9683502123815197,0.7502171333113634,0.7502171333113634,0.7502171333113634,Yes
-0.9683502123815197,-0.9683502123815197,-0.8189447403804944,0.7502171333113634,0.7502171333113634,0.7502171333113634,Yes
-0.9683502123815197,-0.8189447403804944,-0.8189447403804944,0.7502171333113634,0.7502171333113634,0.8220547764342161,Yes
-0.8189447403804944,-0.8189447403804944,-0.6695392683794691,0.7502171333113634,0.8220547764342161,0.8938924195570688,Yes
-0.8189447403804944,-0.6695392683794691,-0.6695392683794691,0.8220547764342161,0.8938924195570688,0.8220547764342161,Yes
-0.6695392683794691,-0.6695392683794691,-0.6695392683794691,0.8938924195570688,0.8220547764342161,0.8220547764342161,Yes
-0.6695392683794691,-0.6695392683794691,-0.6695392683794691,0.8220547764342161,0.8220547764342161,0.7502171333113634,Yes
-0.6695392683794691,-0.6695392683794691,-0.5201337963784437,0.8220547764342161,0.7502171333113634,0.8220547764342161,Yes
-0.6695392683794691,-0.5201337963784437,-0.6695392683794691,0.7502171333113634,0.8220547764342161,0.8938924195570688,Yes
-0.5201337963784437,-0.6695392683794691,-0.6695392683794691,0.8220547764342161,0.8938924195570688,0.9657300626799215,Yes
-0.6695392683794691,-0.6695392683794691,-0.8189447403804944,0.8938924195570688,0.9657300626799215,0.8938924195570688,Yes
-0.6695392683794691,-0.8189447403804944,-0.8189447403804944,0.9657300626799215,0.8938924195570688,0.7502171333113634,Yes
-0.8189447403804944,-0.8189447403804944,-0.8189447403804944,0.8938924195570688,0.7502171333113634,0.6783794901885108,Yes
-0.8189447403804944,-0.8189447403804944,-0.8189447403804944,0.7502171333113634,0.6783794901885108,0.6065418470656582,Yes
-0.8189447403804944,-0.8189447403804944,-0.6695392683794691,0.6783794901885108,0.6065418470656582,0.5347042039428055,Yes
-0.5201337963784437,-0.5201337963784437,-0.5201337963784437,0.7502171333113634,0.7502171333113634,0.6783794901885108,Yes
-0.5201337963784437,-0.5201337963784437,-0.5201337963784437,0.7502171333113634,0.6783794901885108,0.6783794901885108,Yes
-0.5201337963784437,-0.5201337963784437,-0.5201337963784437,0.6783794901885108,0.6783794901885108,0.6783794901885108,Yes
-0.5201337963784437,-0.5201337963784437,-0.5201337963784437,0.6783794901885108,0.6783794901885108,0.6783794901885108,Yes
-0.5201337963784437,-0.5201337963784437,-0.3707283243774183,0.6783794901885108,0.6783794901885108,0.5347042039428055,Yes
-0.5201337963784437,-0.3707283243774183,-0.22132285237639296,0.6783794901885108,0.5347042039428055,0.46286656081995287,Yes
-0.3707283243774183,-0.22132285237639296,-0.22132285237639296,0.5347042039428055,0.46286656081995287,0.3191912745742475,Yes
-0.22132285237639296,-0.22132285237639296,-0.22132285237639296,0.46286656081995287,0.3191912745742475,0.3191912745742475,Yes
-0.22132285237639296,-0.22132285237639296,-0.22132285237639296,0.3191912745742475,0.3191912745742475,0.24735363145139488,Yes
-0.22132285237639296,-0.22132285237639296,-0.22132285237639296,0.3191912745742475,0.24735363145139488,0.17551598832854223,Yes
-0.22132285237639296,-0.22132285237639296,-0.07191738037536759,0.24735363145139488,0.17551598832854223,0.17551598832854223,Yes
-0.22132285237639296,-0.07191738037536759,-0.07191738037536759,0.17551598832854223,0.17551598832854223,0.10367834520568957,Yes
-0.07191738037536759,-0.07191738037536759,0.07748809162565778,0.17551598832854223,0.10367834520568957,0.10367834520568957,Yes
-0.07191738037536759,0.07748809162565778,0.22689356362668314,0.10367834520568957,0.10367834520568957,0.17551598832854223,Yes
0.07748809162565778,0.22689356362668314,0.3762990356277085,0.10367834520568957,0.17551598832854223,0.17551598832854223,Yes
0.22689356362668314,0.3762990356277085,0.3762990356277085,0.17551598832854223,0.17551598832854223,0.24735363145139488,Yes
0.3762990356277085,0.3762990356277085,0.3762990356277085,0.17551598832854223,0.24735363145139488,0.3910289176971002,Yes
0.3762990356277085,0.3762990356277085,0.22689356362668314,0.24735363145139488,0.3910289176971002,0.5347042039428055,Yes
0.3762990356277085,0.22689356362668314,0.07748809162565778,0.3910289176971002,0.5347042039428055,0.6783794901885108,Yes
0.22689356362668314,0.07748809162565778,-0.07191738037536759,0.5347042039428055,0.6783794901885108,0.6065418470656582,Yes
0.07748809162565778,-0.07191738037536759,-0.22132285237639296,0.6783794901885108,0.6065418470656582,0.5347042039428055,Yes
-0.07191738037536759,-0.22132285237639296,-0.22132285237639296,0.6065418470656582,0.5347042039428055,0.46286656081995287,Yes
-0.22132285237639296,-0.22132285237639296,-0.3707283243774183,0.5347042039428055,0.46286656081995287,0.46286656081995287,Yes
-0.22132285237639296,-0.3707283243774183,-0.3707283243774183,0.46286656081995287,0.46286656081995287,0.3910289176971002,Yes
-0.5201337963784437,-0.5201337963784437,-0.5201337963784437,0.8220547764342161,0.8220547764342161,0.8220547764342161,Yes
-0.5201337963784437,-0.5201337963784437,-0.5201337963784437,0.8220547764342161,0.8220547764342161,0.8220547764342161,Yes
-0.5201337963784437,-0.5201337963784437,-0.6695392683794691,0.8220547764342161,0.8220547764342161,0.8938924195570688,Yes
-0.5201337963784437,-0.6695392683794691,-0.6695392683794691,0.8220547764342161,0.8938924195570688,0.8938924195570688,Yes
-0.6695392683794691,-0.6695392683794691,-0.5201337963784437,0.8938924195570688,0.8938924195570688,0.7502171333113634,Yes
-0.6695392683794691,-0.5201337963784437,-0.6695392683794691,0.8938924195570688,0.7502171333113634,0.6783794901885108,Yes
-0.5201337963784437,-0.6695392683794691,-0.5201337963784437,0.7502171333113634,0.6783794901885108,0.5347042039428055,Yes
-0.6695392683794691,-0.5201337963784437,-0.5201337963784437,0.6783794901885108,0.5347042039428055,0.6783794901885108,Yes
-0.5201337963784437,-0.5201337963784437,-0.3707283243774183,0.5347042039428055,0.6783794901885108,0.7502171333113634,Yes
-0.5201337963784437,-0.3707283243774183,-0.22132285237639296,0.6783794901885108,0.7502171333113634,0.8938924195570688,Yes
-0.3707283243774183,-0.22132285237639296,-0.22132285237639296,0.7502171333113634,0.8938924195570688,0.8938924195570688,Yes
-0.22132285237639296,-0.22132285237639296,-0.07191738037536759,0.8938924195570688,0.8938924195570688,0.8938924195570688,Yes
-0.22132285237639296,-0.07191738037536759,-0.07191738037536759,0.8938924195570688,0.8938924195570688,0.8938924195570688,Yes
-0.07191738037536759,-0.07191738037536759,-0.07191738037536759,0.8938924195570688,0.8938924195570688,0.8938924195570688,Yes
-0.07191738037536759,-0.07191738037536759,-0.07191738037536759,0.8938924195570688,0.8938924195570688,0.8938924195570688,Yes
-0.07191738037536759,-0.07191738037536759,-0.22132285237639296,0.8938924195570688,0.8938924195570688,0.8938924195570688,Yes
-0.07191738037536759,-0.22132285237639296,-0.22132285237639296,0.8938924195570688,0.8938924195570688,0.8220547764342161,Yes
-0.22132285237639296,-0.22132285237639296,-0.22132285237639296,0.8938924195570688,0.8220547764342161,0.8220547764342161,Yes
-0.22132285237639296,-0.22132285237639296,-0.3707283243774183,0.8220547764342161,0.8220547764342161,0.7502171333113634,Yes
-0.22132285237639296,-0.3707283243774183,-0.3707283243774183,0.8220547764342161,0.7502171333113634,0.7502171333113634,Yes
-0.3707283243774183,-0.3707283243774183,-0.5201337963784437,0.7502171333113634,0.7502171333113634,0.7502171333113634,Yes
-0.3707283243774183,-0.5201337963784437,-0.5201337963784437,0.7502171333113634,0.7502171333113634,0.7502171333113634,Yes
-0.5201337963784437,-0.5201337963784437,-0.5201337963784437,0.7502171333113634,0.7502171333113634,0.6783794901885108,Yes
-0.5201337963784437,-0.5201337963784437,-0.5201337963784437,0.7502171333113634,0.6783794901885108,0.6065418470656582,Yes
-0.5201337963784437,-0.5201337963784437,-0.5201337963784437,0.6783794901885108,0.6065418470656582,0.6065418470656582,Yes
-0.5201337963784437,-0.5201337963784437,-0.5201337963784437,0.6065418470656582,0.6065418470656582,0.5347042039428055,Yes
-0.5201337963784437,-0.5201337963784437,-0.5201337963784437,0.6065418470656582,0.5347042039428055,0.5347042039428055,Yes
-0.5201337963784437,-0.5201337963784437,-0.6695392683794691,0.5347042039428055,0.5347042039428055,0.5347042039428055,Yes
-0.5201337963784437,-0.6695392683794691,-0.6695392683794691,0.5347042039428055,0.5347042039428055,0.5347042039428055,Yes
-0.6695392683794691,-0.6695392683794691,-0.6695392683794691,0.5347042039428055,0.5347042039428055,0.5347042039428055,Yes
-0.6695392683794691,-0.6695392683794691,-0.6695392683794691,0.5347042039428055,0.5347042039428055,0.5347042039428055,Yes
-0.6695392683794691,-0.6695392683794691,-0.6695392683794691,0.5347042039428055,0.5347042039428055,0.46286656081995287,Yes
-0.6695392683794691,-0.6695392683794691,-0.6695392683794691,0.5347042039428055,0.46286656081995287,0.3910289176971002,Yes
-0.6695392683794691,-0.6695392683794691,-0.5201337963784437,0.46286656081995287,0.3910289176971002,0.3910289176971002,Yes
-0.6695392683794691,-0.5201337963784437,-0.3707283243774183,0.3910289176971002,0.3910289176971002,0.3910289176971002,Yes
-0.5201337963784437,-0.3707283243774183,-0.3707283243774183,0.3910289176971002,0.3910289176971002,0.46286656081995287,Yes
-0.3707283243774183,-0.3707283243774183,-0.22132285237639296,0.3910289176971002,0.46286656081995287,0.46286656081995287,Yes
-0.3707283243774183,-0.22132285237639296,-0.22132285237639296,0.46286656081995287,0.46286656081995287,0.3191912745742475,Yes
-0.22132285237639296,-0.22132285237639296,-0.22132285237639296,0.46286656081995287,0.3191912745742475,0.17551598832854223,Yes
-0.22132285237639296,-0.22132285237639296,-0.22132285237639296,0.3191912745742475,0.17551598832854223,0.031840702082836916,Yes
-0.22132285237639296,-0.22132285237639296,-0.22132285237639296,0.17551598832854223,0.031840702082836916,0.17551598832854223,Yes
-0.22132285237639296,-0.22132285237639296,-0.3707283243774183,0.031840702082836916,0.17551598832854223,0.24735363145139488,Yes
-0.22132285237639296,-0.3707283243774183,-0.5201337963784437,0.17551598832854223,0.24735363145139488,0.3191912745742475,Yes
-0.3707283243774183,-0.5201337963784437,-0.6695392683794691,0.24735363145139488,0.3191912745742475,0.3910289176971002,Yes
-0.5201337963784437,-0.6695392683794691,-0.8189447403804944,0.3191912745742475,0.3910289176971002,0.3910289176971002,Yes
-0.6695392683794691,-0.8189447403804944,-0.9683502123815197,0.3910289176971002,0.3910289176971002,0.3910289176971002,Yes
-0.8189447403804944,-0.9683502123815197,-0.9683502123815197,0.3910289176971002,0.3910289176971002,0.3910289176971002,Yes
-0.9683502123815197,-0.9683502123815197,-1.1177556843825451,0.3910289176971002,0.3910289176971002,0.3191912745742475,Yes
-0.3707283243774183,-0.3707283243774183,-0.5201337963784437,0.8938924195570688,0.8938924195570688,0.8938924195570688,Yes
-0.3707283243774183,-0.5201337963784437,-0.5201337963784437,0.8938924195570688,0.8938924195570688,0.8220547764342161,Yes
-0.5201337963784437,-0.5201337963784437,-0.5201337963784437,0.8938924195570688,0.8220547764342161,0.7502171333113634,Yes
-0.5201337963784437,-0.5201337963784437,-0.5201337963784437,0.8220547764342161,0.7502171333113634,0.6783794901885108,Yes
-0.5201337963784437,-0.5201337963784437,-0.5201337963784437,0.7502171333113634,0.6783794901885108,0.6065418470656582,Yes
-0.5201337963784437,-0.5201337963784437,-0.5201337963784437,0.6783794901885108,0.6065418470656582,0.5347042039428055,Yes
-0.5201337963784437,-0.5201337963784437,-0.5201337963784437,0.6065418470656582,0.5347042039428055,0.46286656081995287,Yes
-0.5201337963784437,-0.5201337963784437,-0.3707283243774183,0.5347042039428055,0.46286656081995287,0.3910289176971002,Yes
-0.5201337963784437,-0.3707283243774183,-0.3707283243774183,0.46286656081995287,0.3910289176971002,0.3910289176971002,Yes
-0.3707283243774183,-0.3707283243774183,-0.22132285237639296,0.3910289176971002,0.3910289176971002,0.3910289176971002,Yes
-0.3707283243774183,-0.22132285237639296,-0.07191738037536759,0.3910289176971002,0.3910289176971002,0.3191912745742475,Yes
-0.22132285237639296,-0.07191738037536759,0.07748809162565778,0.3910289176971002,0.3191912745742475,0.24735363145139488,Yes
-0.07191738037536759,0.07748809162565778,0.07748809162565778,0.3191912745742475,0.24735363145139488,0.17551598832854223,Yes
0.07748809162565778,0.07748809162565778,0.07748809162565778,0.24735363145139488,0.17551598832854223,0.17551598832854223,Yes
0.07748809162565778,0.07748809162565778,0.07748809162565778,0.17551598832854223,0.17551598832854223,0.17551598832854223,Yes
0.07748809162565778,0.07748809162565778,0.07748809162565778,0.17551598832854223,0.17551598832854223,0.17551598832854223,Yes
0.07748809162565778,0.07748809162565778,0.07748809162565778,0.17551598832854223,0.17551598832854223,0.3191912745742475,Yes
0.07748809162565778,0.07748809162565778,-0.07191738037536759,0.17551598832854223,0.3191912745742475,0.5347042039428055,Yes
0.07748809162565778,-0.07191738037536759,-0.07191738037536759,0.3191912745742475,0.5347042039428055,0.6783794901885108,Yes
-0.07191738037536759,-0.07191738037536759,-0.22132285237639296,0.5347042039428055,0.6783794901885108,0.6065418470656582,Yes
-0.07191738037536759,-0.22132285237639296,-0.22132285237639296,0.6783794901885108,0.6065418470656582,0.5347042039428055,Yes
-0.22132285237639296,-0.22132285237639296,-0.22132285237639296,0.6065418470656582,0.5347042039428055,0.46286656081995287,Yes
-0.22132285237639296,-0.22132285237639296,-0.3707283243774183,0.5347042039428055,0.46286656081995287,0.46286656081995287,Yes
-0.22132285237639296,-0.3707283243774183,-0.3707283243774183,0.46286656081995287,0.46286656081995287,0.3910289176971002,Yes
0.07748809162565778,-0.07191738037536759,-0.22132285237639296,0.6783794901885108,0.6783794901885108,0.6783794901885108,Yes
-0.07191738037536759,-0.22132285237639296,-0.3707283243774183,0.6783794901885108,0.6783794901885108,0.6065418470656582,Yes
-0.22132285237639296,-0.3707283243774183,-0.3707283243774183,0.6783794901885108,0.6065418470656582,0.6065418470656582,Yes
-0.3707283243774183,-0.3707283243774183,-0.5201337963784437,0.6065418470656582,0.6065418470656582,0.5347042039428055,Yes
-0.3707283243774183,-0.5201337963784437,-0.5201337963784437,0.6065418470656582,0.5347042039428055,0.5347042039428055,Yes
-0.5201337963784437,-0.5201337963784437,-0.5201337963784437,0.5347042039428055,0.5347042039428055,0.46286656081995287,Yes
-0.5201337963784437,-0.5201337963784437,-0.5201337963784437,0.5347042039428055,0.46286656081995287,0.46286656081995287,Yes
-0.5201337963784437,-0.5201337963784437,-0.5201337963784437,0.46286656081995287,0.46286656081995287,0.3191912745742475,Yes
-0.5201337963784437,-0.5201337963784437,-0.5201337963784437,0.46286656081995287,0.3191912745742475,0.17551598832854223,Yes
-0.5201337963784437,-0.5201337963784437,-0.5201337963784437,0.3191912745742475,0.17551598832854223,0.031840702082836916,Yes
-0.5201337963784437,-0.5201337963784437,-0.3707283243774183,0.17551598832854223,0.031840702082836916,-0.2555098704085737,Yes
-0.5201337963784437,-0.3707283243774183,-0.3707283243774183,0.031840702082836916,-0.2555098704085737,-0.5428604428999844,Yes
-0.3707283243774183,-0.3707283243774183,-0.22132285237639296,-0.2555098704085737,-0.5428604428999844,-0.7583733722685423,Yes
-0.3707283243774183,-0.22132285237639296,-0.22132285237639296,-0.5428604428999844,-0.7583733722685423,-0.6146980860228369,Yes
-0.22132285237639296,-0.22132285237639296,-0.22132285237639296,-0.7583733722685423,-0.6146980860228369,-0.4710227997771317,Yes
-0.22132285237639296,-0.22132285237639296,-0.22132285237639296,-0.6146980860228369,-0.4710227997771317,-0.3273475135314264,Yes
-0.22132285237639296,-0.22132285237639296,-0.22132285237639296,-0.4710227997771317,-0.3273475135314264,-0.1118345841628684,Yes
-0.22132285237639296,-0.22132285237639296,-0.22132285237639296,-0.3273475135314264,-0.1118345841628684,0.17551598832854223,Yes
-0.22132285237639296,-0.22132285237639296,-0.22132285237639296,-0.1118345841628684,0.17551598832854223,0.3910289176971002,Yes
-0.22132285237639296,-0.22132285237639296,-0.3707283243774183,0.17551598832854223,0.3910289176971002,0.46286656081995287,Yes
-0.22132285237639296,-0.3707283243774183,-0.3707283243774183,0.3910289176971002,0.46286656081995287,0.5347042039428055,Yes
-0.3707283243774183,-0.3707283243774183,-0.5201337963784437,0.46286656081995287,0.5347042039428055,0.6065418470656582,Yes
-0.3707283243774183,-0.5201337963784437,-0.5201337963784437,0.5347042039428055,0.6065418470656582,0.6065418470656582,Yes
-0.5201337963784437,-0.5201337963784437,-0.5201337963784437,0.6065418470656582,0.6065418470656582,0.6065418470656582,Yes
-0.3707283243774183,-0.3707283243774183,-0.3707283243774183,0.5347042039428055,0.5347042039428055,0.46286656081995287,Yes
-0.3707283243774183,-0.3707283243774183,-0.3707283243774183,0.5347042039428055,0.46286656081995287,0.5347042039428055,Yes
-0.3707283243774183,-0.3707283243774183,-0.5201337963784437,0.46286656081995287,0.5347042039428055,0.6065418470656582,Yes
-0.3707283243774183,-0.5201337963784437,-0.5201337963784437,0.5347042039428055,0.6065418470656582,0.6783794901885108,Yes
-0.5201337963784437,-0.5201337963784437,-0.3707283243774183,0.6065418470656582,0.6783794901885108,0.6783794901885108,Yes
-0.5201337963784437,-0.3707283243774183,-0.5201337963784437,0.6783794901885108,0.6783794901885108,0.6065418470656582,Yes
-0.3707283243774183,-0.5201337963784437,-0.5201337963784437,0.6783794901885108,0.6065418470656582,0.6065418470656582,Yes
-0.5201337963784437,-0.5201337963784437,-0.3707283243774183,0.6065418470656582,0.6065418470656582,0.6065418470656582,Yes
-0.5201337963784437,-0.3707283243774183,-0.3707283243774183,0.6065418470656582,0.6065418470656582,0.6065418470656582,Yes
-0.3707283243774183,-0.3707283243774183,-0.22132285237639296,0.6065418470656582,0.6065418470656582,0.6065418470656582,Yes
-0.3707283243774183,-0.22132285237639296,-0.07191738037536759,0.6065418470656582,0.6065418470656582,0.5347042039428055,Yes
-0.22132285237639296,-0.07191738037536759,-0.07191738037536759,0.6065418470656582,0.5347042039428055,0.46286656081995287,Yes
-0.07191738037536759,-0.07191738037536759,-0.07191738037536759,0.5347042039428055,0.46286656081995287,0.3910289176971002,Yes
-0.07191738037536759,-0.07191738037536759,-0.07191738037536759,0.46286656081995287,0.3910289176971002,0.3191912745742475,Yes
-0.07191738037536759,-0.07191738037536759,-0.07191738037536759,0.3910289176971002,0.3191912745742475,0.24735363145139488,Yes
-0.07191738037536759,-0.07191738037536759,0.07748809162565778,0.3191912745742475,0.24735363145139488,0.17551598832854223,Yes
-0.07191738037536759,0.07748809162565778,0.07748809162565778,0.24735363145139488,0.17551598832854223,0.3910289176971002,Yes
0.07748809162565778,0.07748809162565778,0.07748809162565778,0.17551598832854223,0.3910289176971002,0.6065418470656582,Yes
0.07748809162565778,0.07748809162565778,-0.07191738037536759,0.3910289176971002,0.6065418470656582,0.8220547764342161,Yes
0.07748809162565778,-0.07191738037536759,-0.07191738037536759,0.6065418470656582,0.8220547764342161,0.8220547764342161,Yes
-0.07191738037536759,-0.07191738037536759,-0.22132285237639296,0.8220547764342161,0.8220547764342161,0.8220547764342161,Yes
-0.07191738037536759,-0.22132285237639296,-0.22132285237639296,0.8220547764342161,0.8220547764342161,0.8938924195570688,Yes
-0.22132285237639296,-0.22132285237639296,-0.3707283243774183,0.8220547764342161,0.8938924195570688,0.8938924195570688,Yes
-0.22132285237639296,-0.3707283243774183,-0.3707283243774183,0.8938924195570688,0.8938924195570688,0.8938924195570688,Yes
-0.22132285237639296,-0.3707283243774183,-0.3707283243774183,0.6783794901885108,0.6065418470656582,0.6065418470656582,Yes
-0.3707283243774183,-0.3707283243774183,-0.3707283243774183,0.6065418470656582,0.6065418470656582,0.5347042039428055,Yes
-0.3707283243774183,-0.3707283243774183,-0.5201337963784437,0.6065418470656582,0.5347042039428055,0.5347042039428055,Yes
-0.3707283243774183,-0.5201337963784437,-0.5201337963784437,0.5347042039428055,0.5347042039428055,0.46286656081995287,Yes
-0.5201337963784437,-0.5201337963784437,-0.5201337963784437,0.5347042039428055,0.46286656081995287,0.5347042039428055,Yes
-0.5201337963784437,-0.5201337963784437,-0.5201337963784437,0.46286656081995287,0.5347042039428055,0.5347042039428055,Yes
-0.5201337963784437,-0.5201337963784437,-0.6695392683794691,0.5347042039428055,0.5347042039428055,0.5347042039428055,Yes
-0.5201337963784437,-0.6695392683794691,-0.6695392683794691,0.5347042039428055,0.5347042039428055,0.5347042039428055,Yes
-0.6695392683794691,-0.6695392683794691,-0.6695392683794691,0.5347042039428055,0.5347042039428055,0.5347042039428055,Yes
-0.6695392683794691,-0.6695392683794691,-0.5201337963784437,0.5347042039428055,0.5347042039428055,0.5347042039428055,Yes
-0.6695392683794691,-0.5201337963784437,-0.5201337963784437,0.5347042039428055,0.5347042039428055,0.5347042039428055,Yes
-0.5201337963784437,-0.5201337963784437,-0.3707283243774183,0.5347042039428055,0.5347042039428055,0.6065418470656582,Yes
-0.5201337963784437,-0.3707283243774183,-0.3707283243774183,0.5347042039428055,0.6065418470656582,0.6065418470656582,Yes
-0.3707283243774183,-0.3707283243774183,-0.3707283243774183,0.6065418470656582,0.6065418470656582,0.6783794901885108,Yes
-0.3707283243774183,-0.3707283243774183,-0.3707283243774183,0.6065418470656582,0.6783794901885108,0.6783794901885108,Yes
-0.3707283243774183,-0.3707283243774183,-0.22132285237639296,0.6783794901885108,0.6783794901885108,0.6783794901885108,Yes
-0.3707283243774183,-0.22132285237639296,-0.22132285237639296,0.6783794901885108,0.6783794901885108,0.6783794901885108,Yes
-0.22132285237639296,-0.22132285237639296,-0.22132285237639296,0.6783794901885108,0.6783794901885108,0.6065418470656582,Yes
-0.22132285237639296,-0.22132285237639296,-0.22132285237639296,0.6783794901885108,0.6065418470656582,0.5347042039428055,Yes
-0.22132285237639296,-0.22132285237639296,-0.22132285237639296,0.6065418470656582,0.5347042039428055,0.5347042039428055,Yes
-0.22132285237639296,-0.22132285237639296,-0.3707283243774183,0.5347042039428055,0.5347042039428055,0.46286656081995287,Yes
-0.22132285237639296,-0.3707283243774183,-0.5201337963784437,0.5347042039428055,0.46286656081995287,0.46286656081995287,Yes
-0.3707283243774183,-0.5201337963784437,-0.5201337963784437,0.46286656081995287,0.46286656081995287,0.46286656081995287,Yes
-0.5201337963784437,-0.5201337963784437,-0.5201337963784437,0.46286656081995287,0.46286656081995287,0.46286656081995287,Yes
-0.5201337963784437,-0.5201337963784437,-0.5201337963784437,0.7502171333113634,0.7502171333113634,0.8220547764342161,Yes
-0.5201337963784437,-0.5201337963784437,-0.5201337963784437,0.7502171333113634,0.8220547764342161,0.8220547764342161,Yes
-0.5201337963784437,-0.5201337963784437,-0.6695392683794691,0.8220547764342161,0.8220547764342161,0.7502171333113634,Yes
-0.5201337963784437,-0.6695392683794691,-0.6695392683794691,0.8220547764342161,0.7502171333113634,0.7502171333113634,Yes
-0.6695392683794691,-0.6695392683794691,-0.8189447403804944,0.7502171333113634,0.7502171333113634,0.7502171333113634,Yes
-0.6695392683794691,-0.8189447403804944,-0.8189447403804944,0.7502171333113634,0.7502171333113634,0.7502171333113634,Yes
-0.8189447403804944,-0.8189447403804944,-0.8189447403804944,0.7502171333113634,0.7502171333113634,0.7502171333113634,Yes
-0.8189447403804944,-0.8189447403804944,-0.8189447403804944,0.7502171333113634,0.7502171333113634,0.5347042039428055,Yes
-0.8189447403804944,-0.8189447403804944,-0.8189447403804944,0.7502171333113634,0.5347042039428055,0.3910289176971002,Yes
-0.8189447403804944,-0.8189447403804944,-0.8189447403804944,0.5347042039428055,0.3910289176971002,0.17551598832854223,Yes
-0.8189447403804944,-0.8189447403804944,-0.6695392683794691,0.3910289176971002,0.17551598832854223,0.10367834520568957,Yes
-0.8189447403804944,-0.6695392683794691,-0.5201337963784437,0.17551598832854223,0.10367834520568957,0.10367834520568957,Yes
-0.6695392683794691,-0.5201337963784437,-0.5201337963784437,0.10367834520568957,0.10367834520568957,0.031840702082836916,Yes
-0.5201337963784437,-0.5201337963784437,-0.5201337963784437,0.10367834520568957,0.031840702082836916,0.17551598832854223,Yes
-0.5201337963784437,-0.5201337963784437,-0.5201337963784437,0.031840702082836916,0.17551598832854223,0.3910289176971002,Yes
-0.5201337963784437,-0.5201337963784437,-0.6695392683794691,0.17551598832854223,0.3910289176971002,0.5347042039428055,Yes
-0.5201337963784437,-0.6695392683794691,-0.6695392683794691,0.3910289176971002,0.5347042039428055,0.5347042039428055,Yes
-0.6695392683794691,-0.6695392683794691,-0.6695392683794691,0.5347042039428055,0.5347042039428055,0.5347042039428055,Yes
-0.6695392683794691,-0.6695392683794691,-0.8189447403804944,0.5347042039428055,0.5347042039428055,0.5347042039428055,Yes
-0.6695392683794691,-0.8189447403804944,-0.8189447403804944,0.5347042039428055,0.5347042039428055,0.5347042039428055,Yes
-0.8189447403804944,-0.8189447403804944,-0.9683502123815197,0.5347042039428055,0.5347042039428055,0.5347042039428055,Yes
-0.8189447403804944,-0.9683502123815197,-0.9683502123815197,0.5347042039428055,0.5347042039428055,0.6065418470656582,Yes
-0.9683502123815197,-0.9683502123815197,-0.9683502123815197,0.5347042039428055,0.6065418470656582,0.6065418470656582,Yes
-0.9683502123815197,-0.9683502123815197,-0.9683502123815197,0.6065418470656582,0.6065418470656582,0.6783794901885108,Yes
-0.9683502123815197,-0.9683502123815197,-0.9683502123815197,0.6065418470656582,0.6783794901885108,0.6783794901885108,Yes
-0.9683502123815197,-0.9683502123815197,-0.9683502123815197,0.6783794901885108,0.6783794901885108,0.6783794901885108,Yes
-0.9683502123815197,-0.9683502123815197,-0.9683502123815197,0.6783794901885108,0.6783794901885108,0.6065418470656582,Yes
-0.9683502123815197,-0.9683502123815197,-0.9683502123815197,0.6783794901885108,0.6065418470656582,0.5347042039428055,Yes
-0.9683502123815197,-0.9683502123815197,-0.8189447403804944,0.6065418470656582,0.5347042039428055,0.46286656081995287,Yes
-0.9683502123815197,-0.8189447403804944,-0.8189447403804944,0.5347042039428055,0.46286656081995287,0.46286656081995287,Yes
-0.8189447403804944,-0.8189447403804944,-0.8189447403804944,0.46286656081995287,0.46286656081995287,0.3910289176971002,Yes
-0.8189447403804944,-0.8189447403804944,-0.8189447403804944,0.46286656081995287,0.3910289176971002,0.17551598832854223,Yes
-0.8189447403804944,-0.8189447403804944,-0.8189447403804944,0.3910289176971002,0.17551598832854223,-0.1118345841628684,Yes
-0.8189447403804944,-0.8189447403804944,-0.6695392683794691,0.17551598832854223,-0.1118345841628684,-0.3273475135314264,Yes
-0.8189447403804944,-0.6695392683794691,-0.6695392683794691,-0.1118345841628684,-0.3273475135314264,-0.5428604428999844,Yes
-0.6695392683794691,-0.6695392683794691,-0.5201337963784437,-0.3273475135314264,-0.5428604428999844,-0.830211015391395,Yes
-0.6695392683794691,-0.5201337963784437,-0.5201337963784437,-0.5428604428999844,-0.830211015391395,-1.045723944759953,Yes
-0.5201337963784437,-0.5201337963784437,-0.5201337963784437,-0.830211015391395,-1.045723944759953,-0.830211015391395,Yes
-0.5201337963784437,-0.5201337963784437,-0.5201337963784437,-1.045723944759953,-0.830211015391395,-0.5428604428999844,Yes
-0.5201337963784437,-0.5201337963784437,-0.5201337963784437,-0.830211015391395,-0.5428604428999844,-0.3273475135314264,Yes
-0.5201337963784437,-0.5201337963784437,-0.6695392683794691,-0.5428604428999844,-0.3273475135314264,-0.4710227997771317,Yes
-0.5201337963784437,-0.6695392683794691,-0.8189447403804944,-0.3273475135314264,-0.4710227997771317,-0.5428604428999844,Yes
-0.6695392683794691,-0.8189447403804944,-0.8189447403804944,-0.4710227997771317,-0.5428604428999844,-0.6865357291456896,Yes
-0.8189447403804944,-0.8189447403804944,-0.8189447403804944,-0.5428604428999844,-0.6865357291456896,-0.5428604428999844,Yes
-0.8189447403804944,-0.8189447403804944,-0.9683502123815197,-0.6865357291456896,-0.5428604428999844,-0.4710227997771317,Yes
-0.8189447403804944,-0.9683502123815197,-0.9683502123815197,-0.5428604428999844,-0.4710227997771317,-0.3273475135314264,Yes
-0.9683502123815197,-0.9683502123815197,-0.9683502123815197,-0.4710227997771317,-0.3273475135314264,-0.2555098704085737,Yes
-0.9683502123815197,-0.9683502123815197,-0.8189447403804944,-0.3273475135314264,-0.2555098704085737,-0.18367222728572105,Yes
-0.9683502123815197,-0.8189447403804944,-0.8189447403804944,-0.2555098704085737,-0.18367222728572105,-0.1118345841628684,Yes
-0.8189447403804944,-0.8189447403804944,-0.8189447403804944,-0.18367222728572105,-0.1118345841628684,-0.1118345841628684,Yes
-0.8189447403804944,-0.8189447403804944,-0.6695392683794691,-0.1118345841628684,-0.1118345841628684,-0.18367222728572105,Yes
-0.8189447403804944,-0.6695392683794691,-0.6695392683794691,-0.1118345841628684,-0.18367222728572105,-0.18367222728572105,Yes
-0.6695392683794691,-0.6695392683794691,-0.6695392683794691,-0.18367222728572105,-0.18367222728572105,-0.1118345841628684,Yes
-0.6695392683794691,-0.6695392683794691,-0.8189447403804944,-0.18367222728572105,-0.1118345841628684,-0.03999694104001574,Yes
-0.6695392683794691,-0.8189447403804944,-0.8189447403804944,-0.1118345841628684,-0.03999694104001574,0.031840702082836916,Yes
-0.8189447403804944,-0.8189447403804944,-0.8189447403804944,-0.03999694104001574,0.031840702082836916,-0.18367222728572105,Yes
-0.8189447403804944,-0.8189447403804944,-0.6695392683794691,0.031840702082836916,-0.18367222728572105,-0.3273475135314264,Yes
-0.8189447403804944,-0.6695392683794691,-0.6695392683794691,-0.18367222728572105,-0.3273475135314264,-0.4710227997771317,Yes
-0.6695392683794691,-0.6695392683794691,-0.5201337963784437,-0.3273475135314264,-0.4710227997771317,-0.4710227997771317,Yes
-0.6695392683794691,-0.5201337963784437,-0.3707283243774183,-0.4710227997771317,-0.4710227997771317,-0.4710227997771317,Yes
-0.5201337963784437,-0.3707283243774183,-0.3707283243774183,-0.4710227997771317,-0.4710227997771317,-0.4710227997771317,Yes
-0.3707283243774183,-0.3707283243774183,-0.3707283243774183,-0.4710227997771317,-0.4710227997771317,-0.2555098704085737,Yes
-0.3707283243774183,-0.3707283243774183,-0.5201337963784437,-0.4710227997771317,-0.2555098704085737,-0.03999694104001574,Yes
-0.3707283243774183,-0.5201337963784437,-0.5201337963784437,-0.2555098704085737,-0.03999694104001574,0.10367834520568957,Yes
-0.5201337963784437,-0.5201337963784437,-0.5201337963784437,-0.03999694104001574,0.10367834520568957,0.17551598832854223,Yes
-0.5201337963784437,-0.5201337963784437,-0.6695392683794691,0.10367834520568957,0.17551598832854223,0.24735363145139488,Yes
-0.5201337963784437,-0.6695392683794691,-0.5201337963784437,0.17551598832854223,0.24735363145139488,0.24735363145139488,Yes
-0.6695392683794691,-0.5201337963784437,-0.5201337963784437,0.24735363145139488,0.24735363145139488,0.24735363145139488,Yes
-0.5201337963784437,-0.5201337963784437,-0.5201337963784437,0.24735363145139488,0.24735363145139488,0.24735363145139488,Yes
-0.5201337963784437,-0.5201337963784437,-0.5201337963784437,0.24735363145139488,0.24735363145139488,0.24735363145139488,Yes
-0.5201337963784437,-0.5201337963784437,-0.5201337963784437,0.24735363145139488,0.24735363145139488,0.3191912745742475,Yes
-0.5201337963784437,-0.5201337963784437,-0.5201337963784437,0.24735363145139488,0.3191912745742475,0.3191912745742475,Yes
-0.5201337963784437,-0.5201337963784437,-0.6695392683794691,0.3191912745742475,0.3191912745742475,0.3191912745742475,Yes
-0.5201337963784437,-0.6695392683794691,-0.6695392683794691,0.3191912745742475,0.3191912745742475,0.3191912745742475,Yes
-0.6695392683794691,-0.6695392683794691,-0.8189447403804944,0.3191912745742475,0.3191912745742475,0.3191912745742475,Yes
-0.6695392683794691,-0.8189447403804944,-0.8189447403804944,0.3191912745742475,0.3191912745742475,0.3191912745742475,Yes
-0.8189447403804944,-0.8189447403804944,-0.8189447403804944,0.3191912745742475,0.3191912745742475,0.24735363145139488,Yes
-0.8189447403804944,-0.8189447403804944,-0.8189447403804944,0.3191912745742475,0.24735363145139488,0.24735363145139488,Yes
-0.8189447403804944,-0.8189447403804944,-0.8189447403804944,0.24735363145139488,0.24735363145139488,0.24735363145139488,Yes
-0.8189447403804944,-0.8189447403804944,-0.8189447403804944,0.24735363145139488,0.24735363145139488,0.10367834520568957,Yes
-0.8189447403804944,-0.8189447403804944,-0.6695392683794691,0.24735363145139488,0.10367834520568957,-0.03999694104001574,Yes
-0.8189447403804944,-0.6695392683794691,-0.6695392683794691,0.10367834520568957,-0.03999694104001574,-0.18367222728572105,Yes
-0.6695392683794691,-0.6695392683794691,-0.5201337963784437,-0.03999694104001574,-0.18367222728572105,-0.3273475135314264,Yes
-0.6695392683794691,-0.5201337963784437,-0.5201337963784437,-0.18367222728572105,-0.3273475135314264,-0.399185156654279,Yes
-0.5201337963784437,-0.5201337963784437,-0.3707283243774183,-0.3273475135314264,-0.399185156654279,-0.4710227997771317,Yes
-0.5201337963784437,-0.3707283243774183,-0.3707283243774183,-0.399185156654279,-0.4710227997771317,-0.3273475135314264,Yes
-0.3707283243774183,-0.3707283243774183,-0.3707283243774183,-0.4710227997771317,-0.3273475135314264,-0.1118345841628684,Yes
-0.3707283243774183,-0.3707283243774183,-0.3707283243774183,-0.3273475135314264,-0.1118345841628684,0.031840702082836916,Yes
-0.3707283243774183,-0.3707283243774183,-0.5201337963784437,-0.1118345841628684,0.031840702082836916,0.10367834520568957,Yes
-0.3707283243774183,-0.5201337963784437,-0.5201337963784437,0.031840702082836916,0.10367834520568957,0.17551598832854223,Yes
-0.5201337963784437,-0.5201337963784437,-0.5201337963784437,0.10367834520568957,0.17551598832854223,0.17551598832854223,Yes
-0.5201337963784437,-0.5201337963784437,-0.6695392683794691,0.17551598832854223,0.17551598832854223,0.17551598832854223,Yes
-0.5201337963784437,-0.6695392683794691,-0.6695392683794691,0.17551598832854223,0.17551598832854223,0.17551598832854223,Yes
-0.6695392683794691,-0.6695392683794691,-0.6695392683794691,0.17551598832854223,0.17551598832854223,0.17551598832854223,Yes
-0.6695392683794691,-0.6695392683794691,-0.6695392683794691,0.17551598832854223,0.17551598832854223,0.17551598832854223,Yes
-0.6695392683794691,-0.6695392683794691,-0.8189447403804944,0.17551598832854223,0.17551598832854223,0.17551598832854223,Yes
-0.3707283243774183,-0.3707283243774183,-0.3707283243774183,0.8938924195570688,0.8938924195570688,0.8938924195570688,Yes
-0.3707283243774183,-0.3707283243774183,-0.3707283243774183,0.8938924195570688,0.8938924195570688,0.8938924195570688,Yes
-0.3707283243774183,-0.3707283243774183,-0.3707283243774183,0.8938924195570688,0.8938924195570688,0.8220547764342161,Yes
-0.3707283243774183,-0.3707283243774183,-0.3707283243774183,0.8938924195570688,0.8220547764342161,0.8220547764342161,Yes
-0.3707283243774183,-0.3707283243774183,-0.3707283243774183,0.8220547764342161,0.8220547764342161,0.8220547764342161,Yes
-0.3707283243774183,-0.3707283243774183,-0.3707283243774183,0.8220547764342161,0.8220547764342161,0.8220547764342161,Yes
-0.3707283243774183,-0.3707283243774183,-0.5201337963784437,0.8220547764342161,0.8220547764342161,0.8220547764342161,Yes
-0.3707283243774183,-0.5201337963784437,-0.5201337963784437,0.8220547764342161,0.8220547764342161,0.8220547764342161,Yes
-0.5201337963784437,-0.5201337963784437,-0.5201337963784437,0.8220547764342161,0.8220547764342161,0.8220547764342161,Yes
-0.5201337963784437,-0.5201337963784437,-0.5201337963784437,0.8220547764342161,0.8220547764342161,0.8220547764342161,Yes
-0.5201337963784437,-0.5201337963784437,-0.5201337963784437,0.8220547764342161,0.8220547764342161,0.8220547764342161,Yes
-0.5201337963784437,-0.5201337963784437,-0.3707283243774183,0.8220547764342161,0.8220547764342161,0.8220547764342161,Yes
-0.5201337963784437,-0.3707283243774183,-0.3707283243774183,0.8220547764342161,0.8220547764342161,0.7502171333113634,Yes
-0.3707283243774183,-0.3707283243774183,-0.3707283243774183,0.8220547764342161,0.7502171333113634,0.7502171333113634,Yes
-0.3707283243774183,-0.3707283243774183,-0.3707283243774183,0.7502171333113634,0.7502171333113634,0.8220547764342161,Yes
-0.3707283243774183,-0.3707283243774183,-0.3707283243774183,0.7502171333113634,0.8220547764342161,0.8220547764342161,Yes
-0.3707283243774183,-0.3707283243774183,-0.3707283243774183,0.8220547764342161,0.8220547764342161,0.8220547764342161,Yes
-0.3707283243774183,-0.3707283243774183,-0.5201337963784437,0.8220547764342161,0.8220547764342161,0.8220547764342161,Yes
-0.3707283243774183,-0.5201337963784437,-0.5201337963784437,0.8220547764342161,0.8220547764342161,0.8220547764342161,Yes
-0.5201337963784437,-0.5201337963784437,-0.3707283243774183,0.8220547764342161,0.8220547764342161,0.8220547764342161,Yes
-0.5201337963784437,-0.3707283243774183,-0.3707283243774183,0.8220547764342161,0.8220547764342161,0.8938924195570688,Yes
-0.3707283243774183,-0.3707283243774183,-0.3707283243774183,0.8220547764342161,0.8938924195570688,0.8938924195570688,Yes
-0.3707283243774183,-0.3707283243774183,-0.3707283243774183,0.8938924195570688,0.8938924195570688,0.8938924195570688,Yes
-0.3707283243774183,-0.3707283243774183,-0.3707283243774183,0.8938924195570688,0.8938924195570688,0.8938924195570688,Yes
-0.3707283243774183,-0.3707283243774183,-0.3707283243774183,0.8938924195570688,0.8938924195570688,0.8938924195570688,Yes
-0.3707283243774183,-0.3707283243774183,-0.3707283243774183,0.8938924195570688,0.8938924195570688,0.8938924195570688,Yes
-0.3707283243774183,-0.3707283243774183,-0.3707283243774183,0.8938924195570688,0.8938924195570688,0.8938924195570688,Yes
-0.3707283243774183,-0.3707283243774183,-0.5201337963784437,0.8938924195570688,0.8938924195570688,0.8938924195570688,Yes
-0.3707283243774183,-0.5201337963784437,-0.5201337963784437,0.8938924195570688,0.8938924195570688,0.8220547764342161,Yes
-0.5201337963784437,-0.5201337963784437,-0.5201337963784437,0.8938924195570688,0.8220547764342161,0.8220547764342161,Yes
-0.5201337963784437,-0.5201337963784437,-0.5201337963784437,0.8220547764342161,0.8220547764342161,0.8220547764342161,Yes
-0.5201337963784437,-0.5201337963784437,-0.5201337963784437,0.8220547764342161,0.8220547764342161,0.8220547764342161,Yes
-0.5201337963784437,-0.5201337963784437,-0.5201337963784437,0.8220547764342161,0.8220547764342161,0.8220547764342161,Yes
-0.5201337963784437,-0.5201337963784437,-0.5201337963784437,0.8220547764342161,0.8220547764342161,0.7502171333113634,Yes
-0.5201337963784437,-0.5201337963784437,-0.5201337963784437,0.8220547764342161,0.7502171333113634,0.7502171333113634,Yes
-0.5201337963784437,-0.5201337963784437,-0.5201337963784437,0.7502171333113634,0.7502171333113634,0.7502171333113634,Yes
-0.5201337963784437,-0.5201337963784437,-0.3707283243774183,0.7502171333113634,0.7502171333113634,0.7502171333113634,Yes
-0.5201337963784437,-0.3707283243774183,-0.3707283243774183,0.7502171333113634,0.7502171333113634,0.7502171333113634,Yes
-0.3707283243774183,-0.3707283243774183,-0.3707283243774183,0.7502171333113634,0.7502171333113634,0.8220547764342161,Yes
-0.3707283243774183,-0.3707283243774183,-0.3707283243774183,0.7502171333113634,0.8220547764342161,0.8220547764342161,Yes
-0.3707283243774183,-0.3707283243774183,-0.3707283243774183,0.8220547764342161,0.8220547764342161,0.7502171333113634,Yes
-0.3707283243774183,-0.3707283243774183,-0.22132285237639296,0.8220547764342161,0.7502171333113634,0.6783794901885108,Yes
-0.3707283243774183,-0.22132285237639296,-0.22132285237639296,0.7502171333113634,0.6783794901885108,0.6065418470656582,Yes
-0.22132285237639296,-0.22132285237639296,-0.22132285237639296,0.6783794901885108,0.6065418470656582,0.6065418470656582,Yes
-0.22132285237639296,-0.22132285237639296,-0.22132285237639296,0.6065418470656582,0.6065418470656582,0.6065418470656582,Yes
-0.22132285237639296,-0.22132285237639296,-0.22132285237639296,0.6065418470656582,0.6065418470656582,0.5347042039428055,Yes
-0.22132285237639296,-0.22132285237639296,-0.3707283243774183,0.6065418470656582,0.5347042039428055,0.46286656081995287,Yes
-0.22132285237639296,-0.3707283243774183,-0.3707283243774183,0.5347042039428055,0.46286656081995287,0.3910289176971002,Yes
-0.8189447403804944,-0.9683502123815197,-0.9683502123815197,0.8220547764342161,0.7502171333113634,0.6783794901885108,Yes
-0.9683502123815197,-0.9683502123815197,-1.1177556843825451,0.7502171333113634,0.6783794901885108,0.5347042039428055,Yes
-0.9683502123815197,-1.1177556843825451,-1.1177556843825451,0.6783794901885108,0.5347042039428055,0.46286656081995287,Yes
-1.1177556843825451,-1.1177556843825451,-0.9683502123815197,0.5347042039428055,0.46286656081995287,0.3191912745742475,Yes
-1.1177556843825451,-0.9683502123815197,-0.9683502123815197,0.46286656081995287,0.3191912745742475,0.3191912745742475,Yes
-0.9683502123815197,-0.9683502123815197,-0.9683502123815197,0.3191912745742475,0.3191912745742475,0.3191912745742475,Yes
-0.9683502123815197,-0.9683502123815197,-0.9683502123815197,0.3191912745742475,0.3191912745742475,0.3191912745742475,Yes
-0.9683502123815197,-0.9683502123815197,-0.6695392683794691,0.3191912745742475,0.3191912745742475,0.3910289176971002,Yes
-0.9683502123815197,-0.6695392683794691,-0.6695392683794691,0.3191912745742475,0.3910289176971002,0.5347042039428055,Yes
-0.6695392683794691,-0.6695392683794691,-0.6695392683794691,0.3910289176971002,0.5347042039428055,0.6065418470656582,Yes
-0.6695392683794691,-0.6695392683794691,-0.5201337963784437,0.5347042039428055,0.6065418470656582,0.6065418470656582,Yes
-0.6695392683794691,-0.5201337963784437,-0.3707283243774183,0.6065418470656582,0.6065418470656582,0.6783794901885108,Yes
-0.5201337963784437,-0.3707283243774183,-0.3707283243774183,0.6065418470656582,0.6783794901885108,0.6783794901885108,Yes
-0.3707283243774183,-0.3707283243774183,-0.3707283243774183,0.6783794901885108,0.6783794901885108,0.6783794901885108,Yes
-0.3707283243774183,-0.3707283243774183,-0.5201337963784437,0.6783794901885108,0.6783794901885108,0.6783794901885108,Yes
-0.3707283243774183,-0.5201337963784437,-0.5201337963784437,0.6783794901885108,0.6783794901885108,0.6783794901885108,Yes
-0.5201337963784437,-0.5201337963784437,-0.3707283243774183,0.6783794901885108,0.6783794901885108,0.7502171333113634,Yes
-0.5201337963784437,-0.3707283243774183,-0.3707283243774183,0.6783794901885108,0.7502171333113634,0.7502171333113634,Yes
-0.3707283243774183,-0.3707283243774183,-0.3707283243774183,0.7502171333113634,0.7502171333113634,0.7502171333113634,Yes
-0.3707283243774183,-0.3707283243774183,-0.3707283243774183,0.7502171333113634,0.7502171333113634,0.8220547764342161,Yes
-0.3707283243774183,-0.3707283243774183,-0.3707283243774183,0.7502171333113634,0.8220547764342161,0.8220547764342161,Yes
-0.3707283243774183,-0.3707283243774183,-0.3707283243774183,0.8220547764342161,0.8220547764342161,0.8220547764342161,Yes
-0.3707283243774183,-0.3707283243774183,-0.3707283243774183,0.8220547764342161,0.8220547764342161,0.8938924195570688,Yes
-0.3707283243774183,-0.3707283243774183,-0.5201337963784437,0.8220547764342161,0.8938924195570688,0.8938924195570688,Yes
-0.3707283243774183,-0.5201337963784437,-0.5201337963784437,0.8938924195570688,0.8938924195570688,0.8938924195570688,Yes
-0.5201337963784437,-0.5201337963784437,-0.5201337963784437,0.8938924195570688,0.8938924195570688,0.8938924195570688,Yes
-0.5201337963784437,-0.5201337963784437,-0.5201337963784437,0.8938924195570688,0.8938924195570688,0.8938924195570688,Yes
-0.5201337963784437,-0.5201337963784437,-0.5201337963784437,0.8938924195570688,0.8938924195570688,0.8938924195570688,Yes
-0.5201337963784437,-0.5201337963784437,-0.5201337963784437,0.8938924195570688,0.8938924195570688,0.8938924195570688,Yes
-0.5201337963784437,-0.5201337963784437,-0.5201337963784437,0.8938924195570688,0.8938924195570688,0.9657300626799215,Yes
-0.5201337963784437,-0.5201337963784437,-0.5201337963784437,0.8938924195570688,0.9657300626799215,0.9657300626799215,Yes
-0.5201337963784437,-0.5201337963784437,-0.3707283243774183,0.9657300626799215,0.9657300626799215,0.9657300626799215,Yes
-0.5201337963784437,-0.3707283243774183,-0.3707283243774183,0.9657300626799215,0.9657300626799215,0.9657300626799215,Yes
-0.3707283243774183,-0.3707283243774183,-0.3707283243774183,0.9657300626799215,0.9657300626799215,0.9657300626799215,Yes
-0.3707283243774183,-0.3707283243774183,-0.3707283243774183,0.9657300626799215,0.9657300626799215,0.9657300626799215,Yes
-0.3707283243774183,-0.3707283243774183,-0.3707283243774183,0.9657300626799215,0.9657300626799215,0.9657300626799215,Yes
-0.3707283243774183,-0.3707283243774183,-0.3707283243774183,0.9657300626799215,0.9657300626799215,0.9657300626799215,Yes
-0.3707283243774183,-0.3707283243774183,-0.3707283243774183,0.9657300626799215,0.9657300626799215,0.8938924195570688,Yes
-0.3707283243774183,-0.3707283243774183,-0.3707283243774183,0.9657300626799215,0.8938924195570688,0.8220547764342161,Yes
-0.3707283243774183,-0.3707283243774183,-0.3707283243774183,0.8938924195570688,0.8220547764342161,0.7502171333113634,Yes
-0.3707283243774183,-0.3707283243774183,-0.3707283243774183,0.8220547764342161,0.7502171333113634,0.6065418470656582,Yes
-0.3707283243774183,-0.3707283243774183,-0.3707283243774183,0.7502171333113634,0.6065418470656582,0.46286656081995287,Yes
-0.3707283243774183,-0.3707283243774183,-0.3707283243774183,0.6065418470656582,0.46286656081995287,0.3191912745742475,Yes
-0.3707283243774183,-0.3707283243774183,-0.3707283243774183,0.46286656081995287,0.3191912745742475,0.24735363145139488,Yes
-0.3707283243774183,-0.3707283243774183,-0.5201337963784437,0.3191912745742475,0.24735363145139488,0.17551598832854223,Yes
-0.3707283243774183,-0.5201337963784437,-0.5201337963784437,0.24735363145139488,0.17551598832854223,0.17551598832854223,Yes
-0.5201337963784437,-0.5201337963784437,-0.6695392683794691,0.17551598832854223,0.17551598832854223,0.10367834520568957,Yes
-0.5201337963784437,-0.6695392683794691,-0.6695392683794691,0.17551598832854223,0.10367834520568957,0.031840702082836916,Yes
-1.1177556843825451,-1.1177556843825451,-1.1177556843825451,0.8220547764342161,0.8220547764342161,0.8938924195570688,Yes
-1.1177556843825451,-1.1177556843825451,-0.9683502123815197,0.8220547764342161,0.8938924195570688,0.8220547764342161,Yes
-1.1177556843825451,-0.9683502123815197,-0.9683502123815197,0.8938924195570688,0.8220547764342161,0.8220547764342161,Yes
-0.9683502123815197,-0.9683502123815197,-0.9683502123815197,0.8220547764342161,0.8220547764342161,0.7502171333113634,Yes
-0.9683502123815197,-0.9683502123815197,-0.8189447403804944,0.8220547764342161,0.7502171333113634,0.7502171333113634,Yes
-0.9683502123815197,-0.8189447403804944,-0.8189447403804944,0.7502171333113634,0.7502171333113634,0.7502171333113634,Yes
-0.8189447403804944,-0.8189447403804944,-0.8189447403804944,0.7502171333113634,0.7502171333113634,0.7502171333113634,Yes
-0.8189447403804944,-0.8189447403804944,-0.8189447403804944,0.7502171333113634,0.7502171333113634,0.7502171333113634,Yes
-0.8189447403804944,-0.8189447403804944,-0.8189447403804944,0.7502171333113634,0.7502171333113634,0.7502171333113634,Yes
-0.8189447403804944,-0.8189447403804944,-0.6695392683794691,0.7502171333113634,0.7502171333113634,0.7502171333113634,Yes
-0.8189447403804944,-0.6695392683794691,-0.6695392683794691,0.7502171333113634,0.7502171333113634,0.8220547764342161,Yes
-0.6695392683794691,-0.6695392683794691,-0.6695392683794691,0.7502171333113634,0.8220547764342161,0.8220547764342161,Yes
-0.6695392683794691,-0.6695392683794691,-0.6695392683794691,0.8220547764342161,0.8220547764342161,0.8938924195570688,Yes
-0.6695392683794691,-0.6695392683794691,-0.6695392683794691,0.8220547764342161,0.8938924195570688,0.8938924195570688,Yes
-0.6695392683794691,-0.6695392683794691,-0.6695392683794691,0.8938924195570688,0.8938924195570688,0.8220547764342161,Yes
-0.6695392683794691,-0.6695392683794691,-0.5201337963784437,0.8938924195570688,0.8220547764342161,0.8220547764342161,Yes
-0.6695392683794691,-0.5201337963784437,-0.5201337963784437,0.8220547764342161,0.8220547764342161,0.8220547764342161,Yes
-0.5201337963784437,-0.5201337963784437,-0.5201337963784437,0.8220547764342161,0.8220547764342161,0.8220547764342161,Yes
-0.5201337963784437,-0.5201337963784437,-0.5201337963784437,0.8220547764342161,0.8220547764342161,0.8220547764342161,Yes
-0.5201337963784437,-0.5201337963784437,-0.5201337963784437,0.8220547764342161,0.8220547764342161,0.7502171333113634,Yes
-0.5201337963784437,-0.5201337963784437,-0.6695392683794691,0.8220547764342161,0.7502171333113634,0.6783794901885108,Yes
-0.5201337963784437,-0.6695392683794691,-0.6695392683794691,0.7502171333113634,0.6783794901885108,0.5347042039428055,Yes
-0.6695392683794691,-0.6695392683794691,-0.6695392683794691,0.6783794901885108,0.5347042039428055,0.5347042039428055,Yes
-0.6695392683794691,-0.6695392683794691,-0.6695392683794691,0.5347042039428055,0.5347042039428055,0.46286656081995287,Yes
-1.1177556843825451,-1.1177556843825451,-0.9683502123815197,0.6783794901885108,0.7502171333113634,0.8220547764342161,Yes
-1.1177556843825451,-0.9683502123815197,-0.9683502123815197,0.7502171333113634,0.8220547764342161,0.8220547764342161,Yes
-0.9683502123815197,-0.9683502123815197,-0.9683502123815197,0.8220547764342161,0.8220547764342161,0.7502171333113634,Yes
-0.9683502123815197,-0.9683502123815197,-0.9683502123815197,0.8220547764342161,0.7502171333113634,0.7502171333113634,Yes
-0.9683502123815197,-0.9683502123815197,-0.9683502123815197,0.7502171333113634,0.7502171333113634,0.7502171333113634,Yes
-0.9683502123815197,-0.9683502123815197,-0.8189447403804944,0.7502171333113634,0.7502171333113634,0.6783794901885108,Yes
-0.9683502123815197,-0.8189447403804944,-0.8189447403804944,0.7502171333113634,0.6783794901885108,0.6783794901885108,Yes
-0.8189447403804944,-0.8189447403804944,-0.8189447403804944,0.6783794901885108,0.6783794901885108,0.6783794901885108,Yes
-0.8189447403804944,-0.8189447403804944,-0.8189447403804944,0.6783794901885108,0.6783794901885108,0.6783794901885108,Yes
-0.8189447403804944,-0.8189447403804944,-0.8189447403804944,0.6783794901885108,0.6783794901885108,0.6783794901885108,Yes
-0.8189447403804944,-0.8189447403804944,-0.8189447403804944,0.6783794901885108,0.6783794901885108,0.7502171333113634,Yes
-0.8189447403804944,-0.8189447403804944,-0.6695392683794691,0.6783794901885108,0.7502171333113634,0.8220547764342161,Yes
-0.8189447403804944,-0.6695392683794691,-0.6695392683794691,0.7502171333113634,0.8220547764342161,0.8938924195570688,Yes
-0.6695392683794691,-0.6695392683794691,-0.5201337963784437,0.8220547764342161,0.8938924195570688,0.8220547764342161,Yes
-0.6695392683794691,-0.5201337963784437,-0.5201337963784437,0.8938924195570688,0.8220547764342161,0.8220547764342161,Yes
-0.5201337963784437,-0.5201337963784437,-0.5201337963784437,0.8220547764342161,0.8220547764342161,0.7502171333113634,Yes
-0.5201337963784437,-0.5201337963784437,-0.5201337963784437,0.8220547764342161,0.7502171333113634,0.7502171333113634,Yes
-0.5201337963784437,-0.5201337963784437,-0.5201337963784437,0.7502171333113634,0.7502171333113634,0.7502171333113634,Yes
-0.5201337963784437,-0.5201337963784437,-0.6695392683794691,0.7502171333113634,0.7502171333113634,0.7502171333113634,Yes
-0.5201337963784437,-0.6695392683794691,-0.6695392683794691,0.7502171333113634,0.7502171333113634,0.8220547764342161,Yes
-0.6695392683794691,-0.6695392683794691,-0.6695392683794691,0.7502171333113634,0.8220547764342161,0.8220547764342161,Yes
-0.6695392683794691,-0.6695392683794691,-0.6695392683794691,0.8220547764342161,0.8220547764342161,0.8220547764342161,Yes
-0.6695392683794691,-0.6695392683794691,-0.6695392683794691,0.8220547764342161,0.8220547764342161,0.8220547764342161,Yes
-0.6695392683794691,-0.6695392683794691,-0.6695392683794691,0.8220547764342161,0.8220547764342161,0.8938924195570688,Yes
-0.6695392683794691,-0.6695392683794691,-0.6695392683794691,0.8220547764342161,0.8938924195570688,0.9657300626799215,Yes
-0.6695392683794691,-0.6695392683794691,-0.8189447403804944,0.8938924195570688,0.9657300626799215,0.9657300626799215,Yes
-0.6695392683794691,-0.8189447403804944,-0.8189447403804944,0.9657300626799215,0.9657300626799215,0.8938924195570688,Yes
-0.8189447403804944,-0.8189447403804944,-0.8189447403804944,0.9657300626799215,0.8938924195570688,0.8938924195570688,Yes
-0.8189447403804944,-0.8189447403804944,-0.6695392683794691,0.8938924195570688,0.8938924195570688,0.8938924195570688,Yes
-0.8189447403804944,-0.6695392683794691,-0.8189447403804944,0.8938924195570688,0.8938924195570688,0.8938924195570688,Yes
-0.6695392683794691,-0.8189447403804944,-0.8189447403804944,0.8938924195570688,0.8938924195570688,0.8938924195570688,Yes
-0.8189447403804944,-0.8189447403804944,-0.6695392683794691,0.8938924195570688,0.8938924195570688,0.9657300626799215,Yes
-0.8189447403804944,-0.6695392683794691,-0.6695392683794691,0.8938924195570688,0.9657300626799215,0.9657300626799215,Yes
-0.6695392683794691,-0.6695392683794691,-0.5201337963784437,0.9657300626799215,0.9657300626799215,0.9657300626799215,Yes
-0.6695392683794691,-0.5201337963784437,-0.3707283243774183,0.9657300626799215,0.9657300626799215,0.9657300626799215,Yes
-0.5201337963784437,-0.3707283243774183,-0.5201337963784437,0.9657300626799215,0.9657300626799215,0.9657300626799215,Yes
-0.3707283243774183,-0.5201337963784437,-0.3707283243774183,0.9657300626799215,0.9657300626799215,0.9657300626799215,Yes
-0.5201337963784437,-0.3707283243774183,-0.3707283243774183,0.9657300626799215,0.9657300626799215,0.9657300626799215,Yes
-0.3707283243774183,-0.3707283243774183,-0.3707283243774183,0.9657300626799215,0.9657300626799215,0.9657300626799215,Yes
-0.3707283243774183,-0.3707283243774183,-0.3707283243774183,0.9657300626799215,0.9657300626799215,0.9657300626799215,Yes
-0.3707283243774183,-0.3707283243774183,-0.3707283243774183,0.9657300626799215,0.9657300626799215,0.8938924195570688,Yes
-0.3707283243774183,-0.3707283243774183,-0.3707283243774183,0.9657300626799215,0.8938924195570688,0.8938924195570688,Yes
-0.3707283243774183,-0.3707283243774183,-0.3707283243774183,0.8938924195570688,0.8938924195570688,0.8220547764342161,Yes
-0.3707283243774183,-0.3707283243774183,-0.3707283243774183,0.8938924195570688,0.8220547764342161,0.8938924195570688,Yes
-0.3707283243774183,-0.3707283243774183,-0.3707283243774183,0.8220547764342161,0.8938924195570688,0.8938924195570688,Yes
-0.3707283243774183,-0.3707283243774183,-0.3707283243774183,0.8938924195570688,0.8938924195570688,0.8938924195570688,Yes
-0.3707283243774183,-0.3707283243774183,-0.3707283243774183,0.8938924195570688,0.8938924195570688,0.8938924195570688,Yes
-0.3707283243774183,-0.3707283243774183,-0.3707283243774183,0.8938924195570688,0.8938924195570688,0.8938924195570688,Yes
-0.3707283243774183,-0.3707283243774183,-0.3707283243774183,0.8938924195570688,0.8938924195570688,0.8938924195570688,Yes
-0.3707283243774183,-0.3707283243774183,-0.3707283243774183,0.8938924195570688,0.8938924195570688,0.8938924195570688,Yes
-0.3707283243774183,-0.3707283243774183,-0.5201337963784437,0.8938924195570688,0.8938924195570688,0.8938924195570688,Yes
-0.3707283243774183,-0.5201337963784437,-0.5201337963784437,0.8938924195570688,0.8938924195570688,0.9657300626799215,Yes
-0.5201337963784437,-0.5201337963784437,-0.3707283243774183,0.8938924195570688,0.9657300626799215,0.8938924195570688,Yes
-0.5201337963784437,-0.3707283243774183,-0.3707283243774183,0.9657300626799215,0.8938924195570688,0.8938924195570688,Yes
-0.3707283243774183,-0.3707283243774183,-0.3707283243774183,0.8938924195570688,0.8938924195570688,0.8938924195570688,Yes
-0.3707283243774183,-0.3707283243774183,-0.3707283243774183,0.8938924195570688,0.8938924195570688,0.8938924195570688,Yes
-0.3707283243774183,-0.3707283243774183,-0.3707283243774183,0.8938924195570688,0.8938924195570688,0.8938924195570688,Yes
-0.3707283243774183,-0.3707283243774183,-0.3707283243774183,0.8938924195570688,0.8938924195570688,0.9657300626799215,Yes
-0.3707283243774183,-0.3707283243774183,-0.3707283243774183,0.8938924195570688,0.9657300626799215,0.8938924195570688,Yes
-0.3707283243774183,-0.3707283243774183,-0.3707283243774183,0.9657300626799215,0.8938924195570688,0.8938924195570688,Yes
-0.3707283243774183,-0.3707283243774183,-0.3707283243774183,0.8938924195570688,0.8938924195570688,0.8938924195570688,Yes
-0.3707283243774183,-0.3707283243774183,-0.22132285237639296,0.8938924195570688,0.8938924195570688,0.8938924195570688,Yes
-0.3707283243774183,-0.22132285237639296,-0.22132285237639296,0.8938924195570688,0.8938924195570688,0.8938924195570688,Yes
-0.22132285237639296,-0.22132285237639296,-0.22132285237639296,0.8938924195570688,0.8938924195570688,0.8938924195570688,Yes
-0.22132285237639296,-0.22132285237639296,-0.22132285237639296,0.8938924195570688,0.8938924195570688,0.8938924195570688,Yes
-0.22132285237639296,-0.22132285237639296,-0.22132285237639296,0.8938924195570688,0.8938924195570688,0.8938924195570688,Yes
-0.22132285237639296,-0.22132285237639296,-0.22132285237639296,0.8938924195570688,0.8938924195570688,0.9657300626799215,Yes
-0.22132285237639296,-0.22132285237639296,-0.22132285237639296,0.8938924195570688,0.9657300626799215,0.9657300626799215,Yes
-0.22132285237639296,-0.22132285237639296,-0.22132285237639296,0.9657300626799215,0.9657300626799215,0.9657300626799215,Yes
-0.22132285237639296,-0.22132285237639296,-0.3707283243774183,0.9657300626799215,0.9657300626799215,0.9657300626799215,Yes
-0.22132285237639296,-0.3707283243774183,-0.3707283243774183,0.9657300626799215,0.9657300626799215,0.8938924195570688,Yes
-0.3707283243774183,-0.3707283243774183,-0.3707283243774183,0.9657300626799215,0.8938924195570688,0.8938924195570688,Yes
-1.5659721003856213,-1.5659721003856213,-1.5659721003856213,0.8938924195570688,0.8938924195570688,0.8938924195570688,Yes
-1.5659721003856213,-1.5659721003856213,-1.5659721003856213,0.8938924195570688,0.8938924195570688,0.7502171333113634,Yes
-1.5659721003856213,-1.5659721003856213,-1.416566628384596,0.8938924195570688,0.7502171333113634,0.6065418470656582,Yes
-1.5659721003856213,-1.416566628384596,-1.416566628384596,0.7502171333113634,0.6065418470656582,0.46286656081995287,Yes
-1.416566628384596,-1.416566628384596,-1.2671611563835707,0.6065418470656582,0.46286656081995287,0.46286656081995287,Yes
-1.416566628384596,-1.2671611563835707,-1.2671611563835707,0.46286656081995287,0.46286656081995287,0.46286656081995287,Yes
-1.2671611563835707,-1.2671611563835707,-1.1177556843825451,0.46286656081995287,0.46286656081995287,0.3910289176971002,Yes
-1.2671611563835707,-1.1177556843825451,-1.1177556843825451,0.46286656081995287,0.3910289176971002,0.3910289176971002,Yes
-1.1177556843825451,-1.1177556843825451,-1.1177556843825451,0.3910289176971002,0.3910289176971002,0.3910289176971002,Yes
-1.1177556843825451,-1.1177556843825451,-0.9683502123815197,0.3910289176971002,0.3910289176971002,0.3191912745742475,Yes
-1.1177556843825451,-0.9683502123815197,-0.9683502123815197,0.3910289176971002,0.3191912745742475,0.3910289176971002,Yes
-0.9683502123815197,-0.9683502123815197,-0.8189447403804944,0.3191912745742475,0.3910289176971002,0.3910289176971002,Yes
-0.9683502123815197,-0.8189447403804944,-0.8189447403804944,0.3910289176971002,0.3910289176971002,0.46286656081995287,Yes
-0.8189447403804944,-0.8189447403804944,-0.8189447403804944,0.3910289176971002,0.46286656081995287,0.5347042039428055,Yes
-0.8189447403804944,-0.8189447403804944,-0.8189447403804944,0.46286656081995287,0.5347042039428055,0.6065418470656582,Yes
-0.8189447403804944,-0.8189447403804944,-0.8189447403804944,0.5347042039428055,0.6065418470656582,0.6783794901885108,Yes
-0.8189447403804944,-0.8189447403804944,-0.9683502123815197,0.6065418470656582,0.6783794901885108,0.6783794901885108,Yes
-0.8189447403804944,-0.9683502123815197,-0.9683502123815197,0.6783794901885108,0.6783794901885108,0.7502171333113634,Yes
-0.9683502123815197,-0.9683502123815197,-0.9683502123815197,0.6783794901885108,0.7502171333113634,0.7502171333113634,Yes
-0.9683502123815197,-0.9683502123815197,-0.9683502123815197,0.7502171333113634,0.7502171333113634,0.7502171333113634,Yes
-0.9683502123815197,-0.9683502123815197,-0.9683502123815197,0.7502171333113634,0.7502171333113634,0.7502171333113634,Yes
-0.9683502123815197,-0.9683502123815197,-0.9683502123815197,0.7502171333113634,0.7502171333113634,0.8220547764342161,Yes
-0.9683502123815197,-0.9683502123815197,-0.9683502123815197,0.7502171333113634,0.8220547764342161,0.8220547764342161,Yes
-0.9683502123815197,-0.9683502123815197,-0.9683502123815197,0.8220547764342161,0.8220547764342161,0.8220547764342161,Yes
-0.9683502123815197,-0.9683502123815197,-0.9683502123815197,0.8220547764342161,0.8220547764342161,0.8220547764342161,Yes
-0.9683502123815197,-0.9683502123815197,-0.8189447403804944,0.8220547764342161,0.8220547764342161,0.7502171333113634,Yes
-0.9683502123815197,-0.8189447403804944,-0.8189447403804944,0.8220547764342161,0.7502171333113634,0.7502171333113634,Yes
-0.8189447403804944,-0.8189447403804944,-0.8189447403804944,0.7502171333113634,0.7502171333113634,0.7502171333113634,Yes
-0.8189447403804944,-0.8189447403804944,-0.8189447403804944,0.7502171333113634,0.7502171333113634,0.6783794901885108,Yes
-0.8189447403804944,-0.8189447403804944,-0.8189447403804944,0.7502171333113634,0.6783794901885108,0.6065418470656582,Yes
-0.8189447403804944,-0.8189447403804944,-0.8189447403804944,0.6783794901885108,0.6065418470656582,0.6065418470656582,Yes
-0.8189447403804944,-0.8189447403804944,-0.8189447403804944,0.6065418470656582,0.6065418470656582,0.6065418470656582,Yes
-0.8189447403804944,-0.8189447403804944,-0.8189447403804944,0.6065418470656582,0.6065418470656582,0.6065418470656582,Yes
-0.8189447403804944,-0.8189447403804944,-0.6695392683794691,0.6065418470656582,0.6065418470656582,0.6065418470656582,Yes
-0.8189447403804944,-0.6695392683794691,-0.6695392683794691,0.6065418470656582,0.6065418470656582,0.7502171333113634,Yes
-0.6695392683794691,-0.6695392683794691,-0.5201337963784437,0.6065418470656582,0.7502171333113634,0.8220547764342161,Yes
-0.6695392683794691,-0.5201337963784437,-0.5201337963784437,0.7502171333113634,0.8220547764342161,0.8938924195570688,Yes
-0.5201337963784437,-0.5201337963784437,-0.3707283243774183,0.8220547764342161,0.8938924195570688,0.8938924195570688,Yes
-0.5201337963784437,-0.3707283243774183,-0.3707283243774183,0.8938924195570688,0.8938924195570688,0.8938924195570688,Yes
-0.3707283243774183,-0.3707283243774183,-0.3707283243774183,0.8938924195570688,0.8938924195570688,0.8938924195570688,Yes
-0.3707283243774183,-0.3707283243774183,-0.3707283243774183,0.8938924195570688,0.8938924195570688,0.8938924195570688,Yes
-0.3707283243774183,-0.3707283243774183,-0.3707283243774183,0.8938924195570688,0.8938924195570688,0.8938924195570688,Yes
-0.3707283243774183,-0.3707283243774183,-0.3707283243774183,0.8938924195570688,0.8938924195570688,0.8220547764342161,Yes
-0.3707283243774183,-0.3707283243774183,-0.5201337963784437,0.8938924195570688,0.8220547764342161,0.8220547764342161,Yes
-0.3707283243774183,-0.5201337963784437,-0.5201337963784437,0.8220547764342161,0.8220547764342161,0.8220547764342161,Yes
-0.5201337963784437,-0.5201337963784437,-0.5201337963784437,0.8220547764342161,0.8220547764342161,0.8220547764342161,Yes
-0.5201337963784437,-0.5201337963784437,-0.5201337963784437,0.8220547764342161,0.8220547764342161,0.8220547764342161,Yes
-0.5201337963784437,-0.5201337963784437,-0.5201337963784437,0.8220547764342161,0.8220547764342161,0.8220547764342161,Yes
-0.5201337963784437,-0.5201337963784437,-0.5201337963784437,0.8220547764342161,0.8220547764342161,0.8220547764342161,Yes
-0.5201337963784437,-0.5201337963784437,-0.5201337963784437,0.8220547764342161,0.8220547764342161,0.8220547764342161,Yes
-0.5201337963784437,-0.5201337963784437,-0.5201337963784437,0.8220547764342161,0.8220547764342161,0.8220547764342161,Yes
-0.5201337963784437,-0.5201337963784437,-0.3707283243774183,0.8220547764342161,0.8220547764342161,0.8220547764342161,Yes
-0.5201337963784437,-0.3707283243774183,-0.3707283243774183,0.8220547764342161,0.8220547764342161,0.8220547764342161,Yes
-0.3707283243774183,-0.3707283243774183,-0.22132285237639296,0.8220547764342161,0.8220547764342161,0.8220547764342161,Yes
-0.3707283243774183,-0.22132285237639296,-0.22132285237639296,0.8220547764342161,0.8220547764342161,0.7502171333113634,Yes
-0.22132285237639296,-0.22132285237639296,-0.22132285237639296,0.8220547764342161,0.7502171333113634,0.8220547764342161,Yes
-0.22132285237639296,-0.22132285237639296,-0.3707283243774183,0.7502171333113634,0.8220547764342161,0.8938924195570688,Yes
-0.22132285237639296,-0.3707283243774183,-0.3707283243774183,0.8220547764342161,0.8938924195570688,0.9657300626799215,Yes
-0.3707283243774183,-0.3707283243774183,-0.22132285237639296,0.8938924195570688,0.9657300626799215,0.9657300626799215,Yes
-0.3707283243774183,-0.22132285237639296,-0.22132285237639296,0.9657300626799215,0.9657300626799215,0.9657300626799215,Yes
-0.22132285237639296,-0.22132285237639296,-0.22132285237639296,0.9657300626799215,0.9657300626799215,0.9657300626799215,Yes
-0.22132285237639296,-0.22132285237639296,-0.07191738037536759,0.9657300626799215,0.9657300626799215,0.9657300626799215,Yes
-0.22132285237639296,-0.07191738037536759,-0.22132285237639296,0.9657300626799215,0.9657300626799215,0.9657300626799215,Yes
-0.07191738037536759,-0.22132285237639296,-0.22132285237639296,0.9657300626799215,0.9657300626799215,0.9657300626799215,Yes
-0.22132285237639296,-0.22132285237639296,-0.22132285237639296,0.9657300626799215,0.9657300626799215,0.9657300626799215,Yes
-0.22132285237639296,-0.22132285237639296,-0.22132285237639296,0.9657300626799215,0.9657300626799215,0.9657300626799215,Yes
-0.22132285237639296,-0.22132285237639296,-0.22132285237639296,0.9657300626799215,0.9657300626799215,0.9657300626799215,Yes
-0.22132285237639296,-0.22132285237639296,-0.3707283243774183,0.9657300626799215,0.9657300626799215,0.9657300626799215,Yes
-0.22132285237639296,-0.3707283243774183,-0.3707283243774183,0.9657300626799215,0.9657300626799215,0.9657300626799215,Yes
-0.3707283243774183,-0.3707283243774183,-0.3707283243774183,0.9657300626799215,0.9657300626799215,0.9657300626799215,Yes
-0.3707283243774183,-0.3707283243774183,-0.3707283243774183,0.9657300626799215,0.9657300626799215,0.9657300626799215,Yes
-0.3707283243774183,-0.3707283243774183,-0.5201337963784437,0.9657300626799215,0.9657300626799215,0.9657300626799215,Yes
-0.3707283243774183,-0.5201337963784437,-0.5201337963784437,0.9657300626799215,0.9657300626799215,0.9657300626799215,Yes
-0.5201337963784437,-0.5201337963784437,-0.5201337963784437,0.9657300626799215,0.9657300626799215,0.8938924195570688,Yes
-0.5201337963784437,-0.5201337963784437,-0.5201337963784437,0.9657300626799215,0.8938924195570688,0.8938924195570688,Yes
-0.5201337963784437,-0.5201337963784437,-0.5201337963784437,0.8938924195570688,0.8938924195570688,0.8220547764342161,Yes
-0.5201337963784437,-0.5201337963784437,-0.5201337963784437,0.8938924195570688,0.8220547764342161,0.8220547764342161,Yes
-0.5201337963784437,-0.5201337963784437,-0.5201337963784437,0.8220547764342161,0.8220547764342161,0.8220547764342161,Yes
-0.5201337963784437,-0.5201337963784437,-0.5201337963784437,0.8220547764342161,0.8220547764342161,0.8220547764342161,Yes
-0.5201337963784437,-0.5201337963784437,-0.5201337963784437,0.8220547764342161,0.8220547764342161,0.8220547764342161,Yes
-0.5201337963784437,-0.5201337963784437,-0.5201337963784437,0.8220547764342161,0.8220547764342161,0.8938924195570688,Yes
-0.5201337963784437,-0.5201337963784437,-0.3707283243774183,0.8220547764342161,0.8938924195570688,0.8938924195570688,Yes
-0.5201337963784437,-0.3707283243774183,-0.3707283243774183,0.8938924195570688,0.8938924195570688,0.8938924195570688,Yes
-0.3707283243774183,-0.3707283243774183,-0.22132285237639296,0.8938924195570688,0.8938924195570688,0.8938924195570688,Yes
-0.3707283243774183,-0.22132285237639296,-0.07191738037536759,0.8938924195570688,0.8938924195570688,0.8938924195570688,Yes
-0.22132285237639296,-0.07191738037536759,-0.07191738037536759,0.8938924195570688,0.8938924195570688,0.8938924195570688,Yes
-0.07191738037536759,-0.07191738037536759,-0.07191738037536759,0.8938924195570688,0.8938924195570688,0.8938924195570688,Yes
-0.07191738037536759,-0.07191738037536759,-0.22132285237639296,0.8938924195570688,0.8938924195570688,0.9657300626799215,Yes
-0.07191738037536759,-0.22132285237639296,-0.22132285237639296,0.8938924195570688,0.9657300626799215,0.8938924195570688,Yes
-0.22132285237639296,-0.22132285237639296,-0.22132285237639296,0.9657300626799215,0.8938924195570688,0.8220547764342161,Yes
-0.22132285237639296,-0.22132285237639296,-0.3707283243774183,0.8938924195570688,0.8220547764342161,0.7502171333113634,Yes
-0.22132285237639296,-0.3707283243774183,-0.3707283243774183,0.8220547764342161,0.7502171333113634,0.7502171333113634,Yes
-0.3707283243774183,-0.3707283243774183,-0.3707283243774183,0.7502171333113634,0.7502171333113634,0.8220547764342161,Yes
-0.3707283243774183,-0.3707283243774183,-0.22132285237639296,0.7502171333113634,0.8220547764342161,0.8220547764342161,Yes
-0.3707283243774183,-0.22132285237639296,-0.22132285237639296,0.8220547764342161,0.8220547764342161,0.8220547764342161,Yes
-0.22132285237639296,-0.22132285237639296,-0.22132285237639296,0.8220547764342161,0.8220547764342161,0.8220547764342161,Yes
-0.22132285237639296,-0.22132285237639296,-0.22132285237639296,0.8220547764342161,0.8220547764342161,0.8220547764342161,Yes
-0.22132285237639296,-0.22132285237639296,-0.22132285237639296,0.8220547764342161,0.8220547764342161,0.8220547764342161,Yes
-0.22132285237639296,-0.22132285237639296,-0.22132285237639296,0.8220547764342161,0.8220547764342161,0.8938924195570688,Yes
-0.22132285237639296,-0.22132285237639296,-0.22132285237639296,0.8220547764342161,0.8938924195570688,0.9657300626799215,Yes
-0.22132285237639296,-0.22132285237639296,-0.22132285237639296,0.8938924195570688,0.9657300626799215,0.8938924195570688,Yes
-0.22132285237639296,-0.22132285237639296,-0.3707283243774183,0.9657300626799215,0.8938924195570688,0.8938924195570688,Yes
-0.22132285237639296,-0.3707283243774183,-0.3707283243774183,0.8938924195570688,0.8938924195570688,0.8938924195570688,Yes
-0.3707283243774183,-0.3707283243774183,-0.5201337963784437,0.8938924195570688,0.8938924195570688,0.8938924195570688,Yes
-0.3707283243774183,-0.5201337963784437,-0.3707283243774183,0.8938924195570688,0.8938924195570688,0.8938924195570688,Yes
-0.5201337963784437,-0.3707283243774183,-0.3707283243774183,0.8938924195570688,0.8938924195570688,0.9657300626799215,Yes
-0.3707283243774183,-0.3707283243774183,-0.3707283243774183,0.8938924195570688,0.9657300626799215,0.9657300626799215,Yes
-0.3707283243774183,-0.3707283243774183,-0.3707283243774183,0.9657300626799215,0.9657300626799215,0.9657300626799215,Yes
-0.3707283243774183,-0.3707283243774183,-0.22132285237639296,0.9657300626799215,0.9657300626799215,0.9657300626799215,Yes
-0.3707283243774183,-0.22132285237639296,-0.22132285237639296,0.9657300626799215,0.9657300626799215,0.9657300626799215,Yes
-0.22132285237639296,-0.22132285237639296,-0.22132285237639296,0.9657300626799215,0.9657300626799215,0.9657300626799215,Yes
-0.22132285237639296,-0.22132285237639296,-0.3707283243774183,0.9657300626799215,0.9657300626799215,0.9657300626799215,Yes
-0.22132285237639296,-0.3707283243774183,-0.3707283243774183,0.9657300626799215,0.9657300626799215,0.9657300626799215,Yes
-0.3707283243774183,-0.3707283243774183,-0.3707283243774183,0.9657300626799215,0.9657300626799215,0.9657300626799215,Yes
-0.3707283243774183,-0.3707283243774183,-0.3707283243774183,0.9657300626799215,0.9657300626799215,0.9657300626799215,Yes
-0.3707283243774183,-0.3707283243774183,-0.3707283243774183,0.9657300626799215,0.9657300626799215,0.9657300626799215,Yes
-0.3707283243774183,-0.3707283243774183,-0.3707283243774183,0.9657300626799215,0.9657300626799215,0.9657300626799215,Yes
-0.3707283243774183,-0.3707283243774183,-0.3707283243774183,0.9657300626799215,0.9657300626799215,0.9657300626799215,Yes
-0.3707283243774183,-0.3707283243774183,-0.3707283243774183,0.9657300626799215,0.9657300626799215,0.8938924195570688,Yes
-0.3707283243774183,-0.3707283243774183,-0.5201337963784437,0.9657300626799215,0.8938924195570688,0.8938924195570688,Yes
-0.3707283243774183,-0.5201337963784437,-0.5201337963784437,0.8938924195570688,0.8938924195570688,0.8938924195570688,Yes
-0.5201337963784437,-0.5201337963784437,-0.5201337963784437,0.8938924195570688,0.8938924195570688,0.8938924195570688,Yes
-0.5201337963784437,-0.5201337963784437,-0.5201337963784437,0.8938924195570688,0.8938924195570688,0.8938924195570688,Yes
-0.5201337963784437,-0.5201337963784437,-0.5201337963784437,0.8938924195570688,0.8938924195570688,0.8938924195570688,Yes
-0.5201337963784437,-0.5201337963784437,-0.3707283243774183,0.8938924195570688,0.8938924195570688,0.8938924195570688,Yes
-0.5201337963784437,-0.3707283243774183,-0.3707283243774183,0.8938924195570688,0.8938924195570688,0.8938924195570688,Yes
-0.3707283243774183,-0.3707283243774183,-0.5201337963784437,0.8938924195570688,0.8938924195570688,0.8220547764342161,Yes
-0.3707283243774183,-0.5201337963784437,-0.5201337963784437,0.8938924195570688,0.8220547764342161,0.8938924195570688,Yes
-0.5201337963784437,-0.5201337963784437,-0.5201337963784437,0.8220547764342161,0.8938924195570688,0.8938924195570688,Yes
-0.5201337963784437,-0.5201337963784437,-0.5201337963784437,0.8938924195570688,0.8938924195570688,0.8938924195570688,Yes
-0.5201337963784437,-0.5201337963784437,-0.5201337963784437,0.8938924195570688,0.8938924195570688,0.8938924195570688,Yes
-0.5201337963784437,-0.5201337963784437,-0.5201337963784437,0.8938924195570688,0.8938924195570688,0.9657300626799215,Yes
-0.5201337963784437,-0.5201337963784437,-0.3707283243774183,0.8938924195570688,0.9657300626799215,0.9657300626799215,Yes
-0.5201337963784437,-0.3707283243774183,-0.3707283243774183,0.9657300626799215,0.9657300626799215,0.8938924195570688,Yes
-0.3707283243774183,-0.3707283243774183,-0.22132285237639296,0.9657300626799215,0.8938924195570688,0.8220547764342161,Yes
-0.3707283243774183,-0.22132285237639296,-0.3707283243774183,0.8938924195570688,0.8220547764342161,0.8220547764342161,Yes
-0.22132285237639296,-0.3707283243774183,-0.3707283243774183,0.8220547764342161,0.8220547764342161,0.8220547764342161,Yes
-0.3707283243774183,-0.3707283243774183,-0.3707283243774183,0.8220547764342161,0.8220547764342161,0.8220547764342161,Yes
-0.3707283243774183,-0.3707283243774183,-0.5201337963784437,0.8220547764342161,0.8220547764342161,0.8220547764342161,Yes
-0.3707283243774183,-0.5201337963784437,-0.5201337963784437,0.8220547764342161,0.8220547764342161,0.8220547764342161,Yes
-0.5201337963784437,-0.5201337963784437,-0.5201337963784437,0.8220547764342161,0.8220547764342161,0.8938924195570688,Yes
-0.5201337963784437,-0.5201337963784437,-0.5201337963784437,0.8220547764342161,0.8938924195570688,0.8938924195570688,Yes
-0.5201337963784437,-0.5201337963784437,-0.5201337963784437,0.8938924195570688,0.8938924195570688,0.8938924195570688,Yes
-0.5201337963784437,-0.5201337963784437,-0.5201337963784437,0.8938924195570688,0.8938924195570688,0.8938924195570688,Yes
-0.5201337963784437,-0.6695392683794691,-0.6695392683794691,0.8220547764342161,0.8220547764342161,0.8220547764342161,Yes
-0.6695392683794691,-0.6695392683794691,-0.6695392683794691,0.8220547764342161,0.8220547764342161,0.8220547764342161,Yes
-0.6695392683794691,-0.6695392683794691,-0.8189447403804944,0.8220547764342161,0.8220547764342161,0.8220547764342161,Yes
-0.6695392683794691,-0.8189447403804944,-0.8189447403804944,0.8220547764342161,0.8220547764342161,0.8938924195570688,Yes
-0.8189447403804944,-0.8189447403804944,-0.8189447403804944,0.8220547764342161,0.8938924195570688,0.8220547764342161,Yes
-0.8189447403804944,-0.8189447403804944,-0.8189447403804944,0.8938924195570688,0.8220547764342161,0.7502171333113634,Yes
-0.8189447403804944,-0.8189447403804944,-0.8189447403804944,0.8220547764342161,0.7502171333113634,0.7502171333113634,Yes
-0.8189447403804944,-0.8189447403804944,-0.8189447403804944,0.7502171333113634,0.7502171333113634,0.7502171333113634,Yes
-0.8189447403804944,-0.8189447403804944,-0.6695392683794691,0.7502171333113634,0.7502171333113634,0.7502171333113634,Yes
-0.8189447403804944,-0.6695392683794691,-0.6695392683794691,0.7502171333113634,0.7502171333113634,0.8220547764342161,Yes
-0.6695392683794691,-0.6695392683794691,-0.5201337963784437,0.7502171333113634,0.8220547764342161,0.8220547764342161,Yes
-0.6695392683794691,-0.5201337963784437,-0.3707283243774183,0.8220547764342161,0.8220547764342161,0.8938924195570688,Yes
-0.5201337963784437,-0.3707283243774183,-0.3707283243774183,0.8220547764342161,0.8938924195570688,0.8938924195570688,Yes
-0.3707283243774183,-0.3707283243774183,-0.3707283243774183,0.8938924195570688,0.8938924195570688,0.8938924195570688,Yes
-0.3707283243774183,-0.3707283243774183,-0.3707283243774183,0.8938924195570688,0.8938924195570688,0.8938924195570688,Yes
-0.3707283243774183,-0.3707283243774183,-0.3707283243774183,0.8938924195570688,0.8938924195570688,0.8938924195570688,Yes
-0.3707283243774183,-0.3707283243774183,-0.3707283243774183,0.8938924195570688,0.8938924195570688,0.8220547764342161,Yes
-0.3707283243774183,-0.3707283243774183,-0.5201337963784437,0.8938924195570688,0.8220547764342161,0.8220547764342161,Yes
-0.3707283243774183,-0.5201337963784437,-0.5201337963784437,0.8220547764342161,0.8220547764342161,0.8220547764342161,Yes
-0.5201337963784437,-0.5201337963784437,-0.5201337963784437,0.8220547764342161,0.8220547764342161,0.7502171333113634,Yes
-0.5201337963784437,-0.5201337963784437,-0.5201337963784437,0.8220547764342161,0.7502171333113634,0.7502171333113634,Yes
-0.5201337963784437,-0.5201337963784437,-0.6695392683794691,0.7502171333113634,0.7502171333113634,0.7502171333113634,Yes
-0.5201337963784437,-0.6695392683794691,-0.5201337963784437,0.7502171333113634,0.7502171333113634,0.6783794901885108,Yes
-0.6695392683794691,-0.5201337963784437,-0.5201337963784437,0.7502171333113634,0.6783794901885108,0.5347042039428055,Yes
-0.6695392683794691,-0.6695392683794691,-0.6695392683794691,0.8938924195570688,0.8938924195570688,0.8938924195570688,Yes
-0.6695392683794691,-0.6695392683794691,-0.6695392683794691,0.8938924195570688,0.8938924195570688,0.8220547764342161,Yes
-0.6695392683794691,-0.6695392683794691,-0.6695392683794691,0.8938924195570688,0.8220547764342161,0.8220547764342161,Yes
-0.6695392683794691,-0.6695392683794691,-0.6695392683794691,0.8220547764342161,0.8220547764342161,0.8220547764342161,Yes
-0.6695392683794691,-0.6695392683794691,-0.6695392683794691,0.8220547764342161,0.8220547764342161,0.8220547764342161,Yes
-0.6695392683794691,-0.6695392683794691,-0.6695392683794691,0.8220547764342161,0.8220547764342161,0.8938924195570688,Yes
-0.6695392683794691,-0.6695392683794691,-0.6695392683794691,0.8220547764342161,0.8938924195570688,0.8938924195570688,Yes
-0.6695392683794691,-0.6695392683794691,-0.6695392683794691,0.8938924195570688,0.8938924195570688,0.8938924195570688,Yes
-0.6695392683794691,-0.6695392683794691,-0.5201337963784437,0.8938924195570688,0.8938924195570688,0.8938924195570688,Yes
-0.6695392683794691,-0.5201337963784437,-0.5201337963784437,0.8938924195570688,0.8938924195570688,0.8938924195570688,Yes
-0.5201337963784437,-0.5201337963784437,-0.5201337963784437,0.8938924195570688,0.8938924195570688,0.8220547764342161,Yes
-0.5201337963784437,-0.5201337963784437,-0.5201337963784437,0.8938924195570688,0.8220547764342161,0.8220547764342161,Yes
-0.5201337963784437,-0.5201337963784437,-0.5201337963784437,0.8220547764342161,0.8220547764342161,0.7502171333113634,Yes
-0.5201337963784437,-0.5201337963784437,-0.5201337963784437,0.8220547764342161,0.7502171333113634,0.6065418470656582,Yes
-0.5201337963784437,-0.5201337963784437,-0.5201337963784437,0.7502171333113634,0.6065418470656582,0.46286656081995287,Yes
-0.5201337963784437,-0.5201337963784437,-0.5201337963784437,0.6065418470656582,0.46286656081995287,0.3191912745742475,Yes
-0.5201337963784437,-0.5201337963784437,-0.6695392683794691,0.46286656081995287,0.3191912745742475,0.24735363145139488,Yes
-0.5201337963784437,-0.6695392683794691,-0.6695392683794691,0.3191912745742475,0.24735363145139488,0.24735363145139488,Yes
-0.6695392683794691,-0.6695392683794691,-0.6695392683794691,0.24735363145139488,0.24735363145139488,0.17551598832854223,Yes
-0.6695392683794691,-0.6695392683794691,-0.8189447403804944,0.24735363145139488,0.17551598832854223,0.3191912745742475,Yes
-0.6695392683794691,-0.8189447403804944,-1.1177556843825451,0.17551598832854223,0.3191912745742475,0.46286656081995287,Yes
-0.8189447403804944,-1.1177556843825451,-1.1177556843825451,0.3191912745742475,0.46286656081995287,0.6065418470656582,Yes
-1.1177556843825451,-1.1177556843825451,-1.2671611563835707,0.46286656081995287,0.6065418470656582,0.3910289176971002,Yes
-1.1177556843825451,-1.2671611563835707,-1.416566628384596,0.6065418470656582,0.3910289176971002,0.10367834520568957,Yes
-1.2671611563835707,-1.416566628384596,-1.416566628384596,0.3910289176971002,0.10367834520568957,-0.1118345841628684,Yes
-1.416566628384596,-1.416566628384596,-1.416566628384596,0.10367834520568957,-0.1118345841628684,-0.1118345841628684,Yes
-1.416566628384596,-1.416566628384596,-1.416566628384596,-0.1118345841628684,-0.1118345841628684,-0.1118345841628684,Yes
-1.416566628384596,-1.416566628384596,-1.416566628384596,-0.1118345841628684,-0.1118345841628684,-0.1118345841628684,Yes
-1.416566628384596,-1.416566628384596,-1.416566628384596,-0.1118345841628684,-0.1118345841628684,-0.03999694104001574,Yes
-1.416566628384596,-1.416566628384596,-1.2671611563835707,-0.1118345841628684,-0.03999694104001574,0.031840702082836916,Yes
-1.416566628384596,-1.2671611563835707,-1.2671611563835707,-0.03999694104001574,0.031840702082836916,0.17551598832854223,Yes
-1.2671611563835707,-1.2671611563835707,-1.2671611563835707,0.031840702082836916,0.17551598832854223,0.24735363145139488,Yes
-1.2671611563835707,-1.2671611563835707,-1.1177556843825451,0.17551598832854223,0.24735363145139488,0.3910289176971002,Yes
-1.2671611563835707,-1.1177556843825451,-1.1177556843825451,0.24735363145139488,0.3910289176971002,0.5347042039428055,Yes
-1.1177556843825451,-1.1177556843825451,-0.9683502123815197,0.3910289176971002,0.5347042039428055,0.5347042039428055,Yes
-1.1177556843825451,-0.9683502123815197,-0.8189447403804944,0.5347042039428055,0.5347042039428055,0.6065418470656582,Yes
-0.9683502123815197,-0.8189447403804944,-0.8189447403804944,0.5347042039428055,0.6065418470656582,0.6065418470656582,Yes
-0.8189447403804944,-0.8189447403804944,-0.6695392683794691,0.6065418470656582,0.6065418470656582,0.6065418470656582,Yes
-0.8189447403804944,-0.6695392683794691,-0.6695392683794691,0.6065418470656582,0.6065418470656582,0.6065418470656582,Yes
-0.6695392683794691,-0.6695392683794691,-0.6695392683794691,0.6065418470656582,0.6065418470656582,0.6065418470656582,Yes
-0.6695392683794691,-0.6695392683794691,-0.6695392683794691,0.6065418470656582,0.6065418470656582,0.6783794901885108,Yes
-0.6695392683794691,-0.6695392683794691,-0.6695392683794691,0.6065418470656582,0.6783794901885108,0.7502171333113634,Yes
-0.6695392683794691,-0.6695392683794691,-0.8189447403804944,0.6783794901885108,0.7502171333113634,0.8220547764342161,Yes
-0.6695392683794691,-0.8189447403804944,-0.8189447403804944,0.7502171333113634,0.8220547764342161,0.8220547764342161,Yes
-0.8189447403804944,-0.8189447403804944,-0.8189447403804944,0.8220547764342161,0.8220547764342161,0.8220547764342161,Yes
-0.8189447403804944,-0.8189447403804944,-0.8189447403804944,0.8220547764342161,0.8220547764342161,0.8938924195570688,Yes
-0.8189447403804944,-0.8189447403804944,-0.8189447403804944,0.8220547764342161,0.8938924195570688,0.8220547764342161,Yes
-0.8189447403804944,-0.8189447403804944,-0.8189447403804944,0.8938924195570688,0.8220547764342161,0.8220547764342161,Yes
-0.3707283243774183,-0.3707283243774183,-0.3707283243774183,0.8938924195570688,0.8938924195570688,0.8938924195570688,Yes
-0.3707283243774183,-0.3707283243774183,-0.3707283243774183,0.8938924195570688,0.8938924195570688,0.8938924195570688,Yes
-0.3707283243774183,-0.3707283243774183,-0.3707283243774183,0.8938924195570688,0.8938924195570688,0.9657300626799215,Yes
-0.3707283243774183,-0.3707283243774183,-0.3707283243774183,0.8938924195570688,0.9657300626799215,0.9657300626799215,Yes
-0.3707283243774183,-0.3707283243774183,-0.3707283243774183,0.9657300626799215,0.9657300626799215,0.9657300626799215,Yes
-0.3707283243774183,-0.3707283243774183,-0.3707283243774183,0.9657300626799215,0.9657300626799215,0.9657300626799215,Yes
-0.3707283243774183,-0.3707283243774183,-0.5201337963784437,0.9657300626799215,0.9657300626799215,0.9657300626799215,Yes
-0.3707283243774183,-0.5201337963784437,-0.5201337963784437,0.9657300626799215,0.9657300626799215,0.9657300626799215,Yes
-0.5201337963784437,-0.5201337963784437,-0.5201337963784437,0.9657300626799215,0.9657300626799215,0.9657300626799215,Yes
-0.5201337963784437,-0.5201337963784437,-0.5201337963784437,0.9657300626799215,0.9657300626799215,0.9657300626799215,Yes
-0.5201337963784437,-0.5201337963784437,-0.5201337963784437,0.9657300626799215,0.9657300626799215,0.9657300626799215,Yes
-0.5201337963784437,-0.5201337963784437,-0.3707283243774183,0.9657300626799215,0.9657300626799215,0.8938924195570688,Yes
-0.5201337963784437,-0.3707283243774183,-0.3707283243774183,0.9657300626799215,0.8938924195570688,0.8938924195570688,Yes
-0.3707283243774183,-0.3707283243774183,-0.22132285237639296,0.8938924195570688,0.8938924195570688,0.8938924195570688,Yes
-0.3707283243774183,-0.22132285237639296,-0.22132285237639296,0.8938924195570688,0.8938924195570688,0.8938924195570688,Yes
-0.22132285237639296,-0.22132285237639296,-0.22132285237639296,0.8938924195570688,0.8938924195570688,0.8938924195570688,Yes
-0.22132285237639296,-0.22132285237639296,-0.3707283243774183,0.8938924195570688,0.8938924195570688,0.8938924195570688,Yes
-0.22132285237639296,-0.3707283243774183,-0.3707283243774183,0.8938924195570688,0.8938924195570688,0.8938924195570688,Yes
-0.3707283243774183,-0.3707283243774183,-0.3707283243774183,0.8938924195570688,0.8938924195570688,0.8938924195570688,Yes
-0.3707283243774183,-0.3707283243774183,-0.3707283243774183,0.8938924195570688,0.8938924195570688,0.8938924195570688,Yes
-0.3707283243774183,-0.3707283243774183,-0.3707283243774183,0.8938924195570688,0.8938924195570688,0.9657300626799215,Yes
-0.3707283243774183,-0.3707283243774183,-0.3707283243774183,0.8938924195570688,0.9657300626799215,0.9657300626799215,Yes
-0.3707283243774183,-0.3707283243774183,-0.3707283243774183,0.9657300626799215,0.9657300626799215,0.8938924195570688,Yes
-0.3707283243774183,-0.3707283243774183,-0.3707283243774183,0.9657300626799215,0.8938924195570688,0.8938924195570688,Yes
-0.5201337963784437,-0.5201337963784437,-0.5201337963784437,0.6065418470656582,0.6783794901885108,0.7502171333113634,Yes
-0.5201337963784437,-0.5201337963784437,-0.5201337963784437,0.6783794901885108,0.7502171333113634,0.7502171333113634,Yes
-0.5201337963784437,-0.5201337963784437,-0.5201337963784437,0.7502171333113634,0.7502171333113634,0.7502171333113634,Yes
-0.5201337963784437,-0.5201337963784437,-0.5201337963784437,0.7502171333113634,0.7502171333113634,0.8220547764342161,Yes
-0.5201337963784437,-0.5201337963784437,-0.3707283243774183,0.7502171333113634,0.8220547764342161,0.8220547764342161,Yes
-0.5201337963784437,-0.3707283243774183,-0.3707283243774183,0.8220547764342161,0.8220547764342161,0.7502171333113634,Yes
-0.3707283243774183,-0.3707283243774183,-0.22132285237639296,0.8220547764342161,0.7502171333113634,0.7502171333113634,Yes
-0.3707283243774183,-0.22132285237639296,-0.22132285237639296,0.7502171333113634,0.7502171333113634,0.8220547764342161,Yes
-0.22132285237639296,-0.22132285237639296,-0.22132285237639296,0.7502171333113634,0.8220547764342161,0.8938924195570688,Yes
-0.22132285237639296,-0.22132285237639296,-0.22132285237639296,0.8220547764342161,0.8938924195570688,0.9657300626799215,Yes
-0.22132285237639296,-0.22132285237639296,-0.22132285237639296,0.8938924195570688,0.9657300626799215,0.9657300626799215,Yes
-0.22132285237639296,-0.22132285237639296,-0.22132285237639296,0.9657300626799215,0.9657300626799215,0.9657300626799215,Yes
-0.22132285237639296,-0.22132285237639296,-0.07191738037536759,0.9657300626799215,0.9657300626799215,0.9657300626799215,Yes
-0.22132285237639296,-0.07191738037536759,-0.22132285237639296,0.9657300626799215,0.9657300626799215,0.9657300626799215,Yes
-0.07191738037536759,-0.22132285237639296,-0.22132285237639296,0.9657300626799215,0.9657300626799215,0.9657300626799215,Yes
-0.22132285237639296,-0.22132285237639296,-0.22132285237639296,0.9657300626799215,0.9657300626799215,0.9657300626799215,Yes
-0.22132285237639296,-0.22132285237639296,-0.22132285237639296,0.9657300626799215,0.9657300626799215,0.8938924195570688,Yes
-0.22132285237639296,-0.22132285237639296,-0.22132285237639296,0.9657300626799215,0.8938924195570688,0.8220547764342161,Yes
-0.22132285237639296,-0.22132285237639296,-0.3707283243774183,0.8938924195570688,0.8220547764342161,0.7502171333113634,Yes
-0.22132285237639296,-0.3707283243774183,-0.3707283243774183,0.8220547764342161,0.7502171333113634,0.6783794901885108,Yes
-0.3707283243774183,-0.3707283243774183,-0.3707283243774183,0.7502171333113634,0.6783794901885108,0.6783794901885108,Yes
-0.3707283243774183,-0.3707283243774183,-0.5201337963784437,0.6783794901885108,0.6783794901885108,0.6065418470656582,Yes
-0.3707283243774183,-0.5201337963784437,-0.5201337963784437,0.6783794901885108,0.6065418470656582,0.5347042039428055,Yes
-0.5201337963784437,-0.5201337963784437,-0.5201337963784437,0.6065418470656582,0.5347042039428055,0.46286656081995287,Yes
-0.3707283243774183,-0.5201337963784437,-0.6695392683794691,0.7502171333113634,0.6783794901885108,0.6065418470656582,Yes
-0.5201337963784437,-0.6695392683794691,-0.6695392683794691,0.6783794901885108,0.6065418470656582,0.6065418470656582,Yes
-0.6695392683794691,-0.6695392683794691,-0.6695392683794691,0.6065418470656582,0.6065418470656582,0.6065418470656582,Yes
-0.6695392683794691,-0.6695392683794691,-0.6695392683794691,0.6065418470656582,0.6065418470656582,0.6065418470656582,Yes
-0.6695392683794691,-0.6695392683794691,-0.6695392683794691,0.6065418470656582,0.6065418470656582,0.6065418470656582,Yes
-0.6695392683794691,-0.6695392683794691,-0.8189447403804944,0.6065418470656582,0.6065418470656582,0.5347042039428055,Yes
-0.6695392683794691,-0.8189447403804944,-0.8189447403804944,0.6065418470656582,0.5347042039428055,0.5347042039428055,Yes
-0.8189447403804944,-0.8189447403804944,-0.8189447403804944,0.5347042039428055,0.5347042039428055,0.3910289176971002,Yes
-0.8189447403804944,-0.8189447403804944,-0.8189447403804944,0.5347042039428055,0.3910289176971002,0.3191912745742475,Yes
-0.8189447403804944,-0.8189447403804944,-0.8189447403804944,0.3910289176971002,0.3191912745742475,0.17551598832854223,Yes
-0.8189447403804944,-0.8189447403804944,-0.6695392683794691,0.3191912745742475,0.17551598832854223,0.10367834520568957,Yes
-0.8189447403804944,-0.6695392683794691,-0.6695392683794691,0.17551598832854223,0.10367834520568957,0.031840702082836916,Yes
-0.6695392683794691,-0.6695392683794691,-0.6695392683794691,0.10367834520568957,0.031840702082836916,-0.03999694104001574,Yes
-0.6695392683794691,-0.6695392683794691,-0.6695392683794691,0.031840702082836916,-0.03999694104001574,-0.03999694104001574,Yes
-0.6695392683794691,-0.6695392683794691,-0.5201337963784437,-0.03999694104001574,-0.03999694104001574,-0.03999694104001574,Yes
-0.6695392683794691,-0.5201337963784437,-0.5201337963784437,-0.03999694104001574,-0.03999694104001574,-0.03999694104001574,Yes
-0.5201337963784437,-0.5201337963784437,-0.6695392683794691,-0.03999694104001574,-0.03999694104001574,0.031840702082836916,Yes
-0.5201337963784437,-0.6695392683794691,-0.6695392683794691,-0.03999694104001574,0.031840702082836916,0.10367834520568957,Yes
-0.6695392683794691,-0.6695392683794691,-0.6695392683794691,0.031840702082836916,0.10367834520568957,0.17551598832854223,Yes
-0.6695392683794691,-0.6695392683794691,-0.6695392683794691,0.10367834520568957,0.17551598832854223,0.10367834520568957,Yes
-0.6695392683794691,-0.6695392683794691,-0.6695392683794691,0.17551598832854223,0.10367834520568957,0.10367834520568957,Yes
-0.6695392683794691,-0.6695392683794691,-0.8189447403804944,0.10367834520568957,0.10367834520568957,0.031840702082836916,Yes
-0.6695392683794691,-0.8189447403804944,-0.8189447403804944,0.10367834520568957,0.031840702082836916,-0.03999694104001574,Yes
-0.8189447403804944,-0.8189447403804944,-0.9683502123815197,0.031840702082836916,-0.03999694104001574,-0.18367222728572105,Yes
-0.8189447403804944,-0.8189447403804944,-0.8189447403804944,0.8220547764342161,0.8220547764342161,0.8220547764342161,Yes
-0.8189447403804944,-0.8189447403804944,-0.8189447403804944,0.8220547764342161,0.8220547764342161,0.8220547764342161,Yes
-0.8189447403804944,-0.8189447403804944,-0.8189447403804944,0.8220547764342161,0.8220547764342161,0.8220547764342161,Yes
-0.8189447403804944,-0.8189447403804944,-0.8189447403804944,0.8220547764342161,0.8220547764342161,0.8938924195570688,Yes
-0.8189447403804944,-0.8189447403804944,-0.8189447403804944,0.8220547764342161,0.8938924195570688,0.8220547764342161,Yes
-0.8189447403804944,-0.8189447403804944,-0.8189447403804944,0.8938924195570688,0.8220547764342161,0.8220547764342161,Yes
-0.8189447403804944,-0.8189447403804944,-0.8189447403804944,0.8220547764342161,0.8220547764342161,0.7502171333113634,Yes
-0.8189447403804944,-0.8189447403804944,-0.6695392683794691,0.8220547764342161,0.7502171333113634,0.6783794901885108,Yes
-0.8189447403804944,-0.6695392683794691,-0.6695392683794691,0.7502171333113634,0.6783794901885108,0.5347042039428055,Yes
-0.6695392683794691,-0.6695392683794691,-0.6695392683794691,0.6783794901885108,0.5347042039428055,0.46286656081995287,Yes
-0.6695392683794691,-0.6695392683794691,-0.5201337963784437,0.5347042039428055,0.46286656081995287,0.3910289176971002,Yes
-0.6695392683794691,-0.5201337963784437,-0.5201337963784437,0.46286656081995287,0.3910289176971002,0.3191912745742475,Yes
-0.5201337963784437,-0.5201337963784437,-0.3707283243774183,0.3910289176971002,0.3191912745742475,0.24735363145139488,Yes
-0.5201337963784437,-0.3707283243774183,-0.3707283243774183,0.3191912745742475,0.24735363145139488,0.3191912745742475,Yes
-0.3707283243774183,-0.3707283243774183,-0.5201337963784437,0.24735363145139488,0.3191912745742475,0.3191912745742475,Yes
-0.3707283243774183,-0.5201337963784437,-0.5201337963784437,0.3191912745742475,0.3191912745742475,0.3191912745742475,Yes
-0.5201337963784437,-0.5201337963784437,-0.5201337963784437,0.3191912745742475,0.3191912745742475,0.3910289176971002,Yes
-0.5201337963784437,-0.5201337963784437,-0.6695392683794691,0.3191912745742475,0.3910289176971002,0.5347042039428055,Yes
-0.5201337963784437,-0.6695392683794691,-0.6695392683794691,0.3910289176971002,0.5347042039428055,0.6065418470656582,Yes
-0.6695392683794691,-0.6695392683794691,-0.6695392683794691,0.5347042039428055,0.6065418470656582,0.6065418470656582,Yes
-0.6695392683794691,-0.6695392683794691,-0.8189447403804944,0.6065418470656582,0.6065418470656582,0.6783794901885108,Yes
-0.6695392683794691,-0.8189447403804944,-0.8189447403804944,0.6065418470656582,0.6783794901885108,0.6783794901885108,Yes
-0.8189447403804944,-0.8189447403804944,-0.8189447403804944,0.6783794901885108,0.6783794901885108,0.6065418470656582,Yes
-0.8189447403804944,-0.8189447403804944,-0.8189447403804944,0.6783794901885108,0.6065418470656582,0.5347042039428055,Yes
-0.8189447403804944,-0.8189447403804944,-0.8189447403804944,0.6065418470656582,0.5347042039428055,0.46286656081995287,Yes
-0.8189447403804944,-0.8189447403804944,-0.8189447403804944,0.5347042039428055,0.46286656081995287,0.46286656081995287,Yes
-0.8189447403804944,-0.8189447403804944,-0.8189447403804944,0.46286656081995287,0.46286656081995287,0.5347042039428055,Yes
-0.8189447403804944,-0.8189447403804944,-0.8189447403804944,0.46286656081995287,0.5347042039428055,0.5347042039428055,Yes
-0.8189447403804944,-0.8189447403804944,-0.8189447403804944,0.5347042039428055,0.5347042039428055,0.46286656081995287,Yes
-0.8189447403804944,-0.8189447403804944,-0.8189447403804944,0.5347042039428055,0.46286656081995287,0.46286656081995287,Yes
-0.8189447403804944,-0.8189447403804944,-0.6695392683794691,0.46286656081995287,0.46286656081995287,0.46286656081995287,Yes
-0.8189447403804944,-0.6695392683794691,-0.6695392683794691,0.46286656081995287,0.46286656081995287,0.3910289176971002,Yes
-0.6695392683794691,-0.6695392683794691,-0.5201337963784437,0.46286656081995287,0.3910289176971002,0.3191912745742475,Yes
-0.6695392683794691,-0.5201337963784437,-0.5201337963784437,0.3910289176971002,0.3191912745742475,0.24735363145139488,Yes
-0.5201337963784437,-0.5201337963784437,-0.3707283243774183,0.3191912745742475,0.24735363145139488,0.24735363145139488,Yes
-0.5201337963784437,-0.3707283243774183,-0.3707283243774183,0.24735363145139488,0.24735363145139488,0.24735363145139488,Yes
-0.3707283243774183,-0.3707283243774183,-0.3707283243774183,0.24735363145139488,0.24735363145139488,0.24735363145139488,Yes
-0.3707283243774183,-0.3707283243774183,-0.22132285237639296,0.24735363145139488,0.24735363145139488,0.24735363145139488,Yes
-0.3707283243774183,-0.22132285237639296,-0.07191738037536759,0.24735363145139488,0.24735363145139488,0.24735363145139488,Yes
-0.22132285237639296,-0.07191738037536759,-0.07191738037536759,0.24735363145139488,0.24735363145139488,0.24735363145139488,Yes
-0.07191738037536759,-0.07191738037536759,-0.07191738037536759,0.24735363145139488,0.24735363145139488,0.3910289176971002,Yes
-0.07191738037536759,-0.07191738037536759,-0.07191738037536759,0.24735363145139488,0.3910289176971002,0.6065418470656582,Yes
-0.07191738037536759,-0.07191738037536759,-0.22132285237639296,0.3910289176971002,0.6065418470656582,0.7502171333113634,Yes
-0.07191738037536759,-0.22132285237639296,-0.3707283243774183,0.6065418470656582,0.7502171333113634,0.7502171333113634,Yes
-0.22132285237639296,-0.3707283243774183,-0.5201337963784437,0.7502171333113634,0.7502171333113634,0.7502171333113634,Yes
-0.3707283243774183,-0.5201337963784437,-0.5201337963784437,0.7502171333113634,0.7502171333113634,0.7502171333113634,Yes
-0.5201337963784437,-0.5201337963784437,-0.6695392683794691,0.7502171333113634,0.7502171333113634,0.7502171333113634,Yes
-0.5201337963784437,-0.6695392683794691,-0.6695392683794691,0.7502171333113634,0.7502171333113634,0.8220547764342161,Yes
-0.3707283243774183,-0.3707283243774183,-0.3707283243774183,0.8220547764342161,0.8220547764342161,0.8220547764342161,Yes
-0.3707283243774183,-0.3707283243774183,-0.3707283243774183,0.8220547764342161,0.8220547764342161,0.8220547764342161,Yes
-0.3707283243774183,-0.3707283243774183,-0.22132285237639296,0.8220547764342161,0.8220547764342161,0.8938924195570688,Yes
-0.3707283243774183,-0.22132285237639296,-0.22132285237639296,0.8220547764342161,0.8938924195570688,0.8938924195570688,Yes
-0.22132285237639296,-0.22132285237639296,-0.22132285237639296,0.8938924195570688,0.8938924195570688,0.8938924195570688,Yes
-0.22132285237639296,-0.22132285237639296,-0.22132285237639296,0.8938924195570688,0.8938924195570688,0.8938924195570688,Yes
-0.22132285237639296,-0.22132285237639296,-0.22132285237639296,0.8938924195570688,0.8938924195570688,0.8220547764342161,Yes
-0.22132285237639296,-0.22132285237639296,-0.22132285237639296,0.8938924195570688,0.8220547764342161,0.8220547764342161,Yes
-0.22132285237639296,-0.22132285237639296,-0.22132285237639296,0.8220547764342161,0.8220547764342161,0.8220547764342161,Yes
-0.22132285237639296,-0.22132285237639296,-0.22132285237639296,0.8220547764342161,0.8220547764342161,0.8220547764342161,Yes
-0.22132285237639296,-0.22132285237639296,-0.22132285237639296,0.8220547764342161,0.8220547764342161,0.7502171333113634,Yes
-0.22132285237639296,-0.22132285237639296,-0.22132285237639296,0.8220547764342161,0.7502171333113634,0.6065418470656582,Yes
-0.22132285237639296,-0.22132285237639296,-0.22132285237639296,0.7502171333113634,0.6065418470656582,0.5347042039428055,Yes
-0.22132285237639296,-0.22132285237639296,-0.22132285237639296,0.6065418470656582,0.5347042039428055,0.46286656081995287,Yes
-0.22132285237639296,-0.22132285237639296,-0.22132285237639296,0.5347042039428055,0.46286656081995287,0.46286656081995287,Yes
-0.22132285237639296,-0.22132285237639296,-0.22132285237639296,0.46286656081995287,0.46286656081995287,0.46286656081995287,Yes
-0.22132285237639296,-0.22132285237639296,-0.3707283243774183,0.46286656081995287,0.46286656081995287,0.46286656081995287,Yes
-0.22132285237639296,-0.3707283243774183,-0.5201337963784437,0.46286656081995287,0.46286656081995287,0.5347042039428055,Yes
-0.3707283243774183,-0.5201337963784437,-0.5201337963784437,0.46286656081995287,0.5347042039428055,0.5347042039428055,Yes
-0.5201337963784437,-0.5201337963784437,-0.6695392683794691,0.5347042039428055,0.5347042039428055,0.5347042039428055,Yes
-0.5201337963784437,-0.6695392683794691,-0.8189447403804944,0.5347042039428055,0.5347042039428055,0.46286656081995287,Yes
-0.6695392683794691,-0.8189447403804944,-0.8189447403804944,0.5347042039428055,0.46286656081995287,0.46286656081995287,Yes
-0.8189447403804944,-0.8189447403804944,-0.8189447403804944,0.46286656081995287,0.46286656081995287,0.3910289176971002,Yes
-0.8189447403804944,-0.8189447403804944,-0.8189447403804944,0.46286656081995287,0.3910289176971002,0.3910289176971002,Yes
-0.22132285237639296,-0.22132285237639296,-0.3707283243774183,0.17551598832854223,0.24735363145139488,0.24735363145139488,Yes
-0.22132285237639296,-0.3707283243774183,-0.3707283243774183,0.24735363145139488,0.24735363145139488,0.3191912745742475,Yes
-0.3707283243774183,-0.3707283243774183,-0.3707283243774183,0.24735363145139488,0.3191912745742475,0.46286656081995287,Yes
-0.3707283243774183,-0.3707283243774183,-0.3707283243774183,0.3191912745742475,0.46286656081995287,0.5347042039428055,Yes
-0.3707283243774183,-0.3707283243774183,-0.3707283243774183,0.46286656081995287,0.5347042039428055,0.5347042039428055,Yes
-0.3707283243774183,-0.3707283243774183,-0.3707283243774183,0.5347042039428055,0.5347042039428055,0.5347042039428055,Yes
-0.3707283243774183,-0.3707283243774183,-0.22132285237639296,0.5347042039428055,0.5347042039428055,0.5347042039428055,Yes
-0.3707283243774183,-0.22132285237639296,-0.22132285237639296,0.5347042039428055,0.5347042039428055,0.3910289176971002,Yes
-0.22132285237639296,-0.22132285237639296,-0.07191738037536759,0.5347042039428055,0.3910289176971002,0.24735363145139488,Yes
-0.22132285237639296,-0.07191738037536759,0.07748809162565778,0.3910289176971002,0.24735363145139488,0.10367834520568957,Yes
-0.07191738037536759,0.07748809162565778,0.22689356362668314,0.24735363145139488,0.10367834520568957,-0.1118345841628684,Yes
0.07748809162565778,0.22689356362668314,0.3762990356277085,0.10367834520568957,-0.1118345841628684,-0.2555098704085737,Yes
0.22689356362668314,0.3762990356277085,0.3762990356277085,-0.1118345841628684,-0.2555098704085737,-0.4710227997771317,Yes
0.3762990356277085,0.3762990356277085,0.3762990356277085,-0.2555098704085737,-0.4710227997771317,-0.399185156654279,Yes
0.3762990356277085,0.3762990356277085,0.3762990356277085,-0.4710227997771317,-0.399185156654279,-0.2555098704085737,Yes
0.3762990356277085,0.3762990356277085,0.3762990356277085,-0.399185156654279,-0.2555098704085737,-0.1118345841628684,Yes
0.3762990356277085,0.3762990356277085,0.3762990356277085,-0.2555098704085737,-0.1118345841628684,-0.03999694104001574,Yes
0.3762990356277085,0.3762990356277085,0.3762990356277085,-0.1118345841628684,-0.03999694104001574,0.10367834520568957,Yes
0.3762990356277085,0.3762990356277085,0.3762990356277085,-0.03999694104001574,0.10367834520568957,0.24735363145139488,Yes
0.3762990356277085,0.3762990356277085,0.3762990356277085,0.10367834520568957,0.24735363145139488,0.24735363145139488,Yes
0.3762990356277085,0.3762990356277085,0.22689356362668314,0.24735363145139488,0.24735363145139488,0.24735363145139488,Yes
0.3762990356277085,0.22689356362668314,0.07748809162565778,0.24735363145139488,0.24735363145139488,0.24735363145139488,Yes
0.22689356362668314,0.07748809162565778,0.07748809162565778,0.24735363145139488,0.24735363145139488,0.3191912745742475,Yes
0.07748809162565778,0.07748809162565778,-0.07191738037536759,0.24735363145139488,0.3191912745742475,0.3910289176971002,Yes
-0.5201337963784437,-0.6695392683794691,-0.6695392683794691,-0.2555098704085737,-0.03999694104001574,0.17551598832854223,Yes
-0.6695392683794691,-0.6695392683794691,-0.6695392683794691,-0.03999694104001574,0.17551598832854223,0.17551598832854223,Yes
-0.6695392683794691,-0.6695392683794691,-0.6695392683794691,0.17551598832854223,0.17551598832854223,0.17551598832854223,Yes
-0.6695392683794691,-0.6695392683794691,-0.6695392683794691,0.17551598832854223,0.17551598832854223,0.17551598832854223,Yes
-0.6695392683794691,-0.6695392683794691,-0.6695392683794691,0.17551598832854223,0.17551598832854223,0.24735363145139488,Yes
-0.6695392683794691,-0.6695392683794691,-0.6695392683794691,0.17551598832854223,0.24735363145139488,0.3191912745742475,Yes
-0.6695392683794691,-0.6695392683794691,-0.5201337963784437,0.24735363145139488,0.3191912745742475,0.46286656081995287,Yes
-0.6695392683794691,-0.5201337963784437,-0.5201337963784437,0.3191912745742475,0.46286656081995287,0.24735363145139488,Yes
-0.5201337963784437,-0.5201337963784437,-0.3707283243774183,0.46286656081995287,0.24735363145139488,0.10367834520568957,Yes
-0.5201337963784437,-0.3707283243774183,-0.3707283243774183,0.24735363145139488,0.10367834520568957,-0.03999694104001574,Yes
-0.3707283243774183,-0.3707283243774183,-0.22132285237639296,0.10367834520568957,-0.03999694104001574,-0.18367222728572105,Yes
-0.3707283243774183,-0.22132285237639296,-0.22132285237639296,-0.03999694104001574,-0.18367222728572105,-0.2555098704085737,Yes
-0.22132285237639296,-0.22132285237639296,-0.22132285237639296,-0.18367222728572105,-0.2555098704085737,-0.399185156654279,Yes
-0.22132285237639296,-0.22132285237639296,-0.22132285237639296,-0.2555098704085737,-0.399185156654279,-0.2555098704085737,Yes
-0.22132285237639296,-0.22132285237639296,-0.22132285237639296,-0.399185156654279,-0.2555098704085737,-0.1118345841628684,Yes
-0.22132285237639296,-0.22132285237639296,-0.22132285237639296,-0.2555098704085737,-0.1118345841628684,-0.03999694104001574,Yes
-0.22132285237639296,-0.22132285237639296,-0.22132285237639296,-0.1118345841628684,-0.03999694104001574,0.10367834520568957,Yes
-0.22132285237639296,-0.22132285237639296,-0.22132285237639296,-0.03999694104001574,0.10367834520568957,0.3191912745742475,Yes
-0.22132285237639296,-0.22132285237639296,-0.3707283243774183,0.10367834520568957,0.3191912745742475,0.46286656081995287,Yes
-0.22132285237639296,-0.3707283243774183,-0.3707283243774183,0.3191912745742475,0.46286656081995287,0.46286656081995287,Yes
-0.3707283243774183,-0.3707283243774183,-0.3707283243774183,0.46286656081995287,0.46286656081995287,0.3910289176971002,Yes
-0.3707283243774183,-0.3707283243774183,-0.3707283243774183,0.46286656081995287,0.3910289176971002,0.3910289176971002,Yes
-0.3707283243774183,-0.3707283243774183,-0.3707283243774183,0.3910289176971002,0.3910289176971002,0.3910289176971002,Yes
-0.3707283243774183,-0.3707283243774183,-0.3707283243774183,0.3910289176971002,0.3910289176971002,0.46286656081995287,Yes
-0.3707283243774183,-0.3707283243774183,-0.3707283243774183,0.8220547764342161,0.8220547764342161,0.8220547764342161,Yes
-0.3707283243774183,-0.3707283243774183,-0.3707283243774183,0.8220547764342161,0.8220547764342161,0.8220547764342161,Yes
-0.3707283243774183,-0.3707283243774183,-0.5201337963784437,0.8220547764342161,0.8220547764342161,0.8220547764342161,Yes
-0.3707283243774183,-0.5201337963784437,-0.3707283243774183,0.8220547764342161,0.8220547764342161,0.8220547764342161,Yes
-0.5201337963784437,-0.3707283243774183,-0.3707283243774183,0.8220547764342161,0.8220547764342161,0.7502171333113634,Yes
-0.3707283243774183,-0.3707283243774183,-0.3707283243774183,0.8220547764342161,0.7502171333113634,0.7502171333113634,Yes
-0.3707283243774183,-0.3707283243774183,-0.3707283243774183,0.7502171333113634,0.7502171333113634,0.7502171333113634,Yes
-0.3707283243774183,-0.3707283243774183,-0.3707283243774183,0.7502171333113634,0.7502171333113634,0.6065418470656582,Yes
-0.3707283243774183,-0.3707283243774183,-0.22132285237639296,0.7502171333113634,0.6065418470656582,0.3910289176971002,Yes
-0.3707283243774183,-0.22132285237639296,-0.22132285237639296,0.6065418470656582,0.3910289176971002,0.17551598832854223,Yes
-0.22132285237639296,-0.22132285237639296,-0.07191738037536759,0.3910289176971002,0.17551598832854223,0.10367834520568957,Yes
-0.22132285237639296,-0.07191738037536759,-0.07191738037536759,0.17551598832854223,0.10367834520568957,0.031840702082836916,Yes
-0.07191738037536759,-0.07191738037536759,0.07748809162565778,0.10367834520568957,0.031840702082836916,-0.03999694104001574,Yes
-0.07191738037536759,0.07748809162565778,0.07748809162565778,0.031840702082836916,-0.03999694104001574,0.10367834520568957,Yes
0.07748809162565778,0.07748809162565778,-0.07191738037536759,-0.03999694104001574,0.10367834520568957,0.3191912745742475,Yes
0.07748809162565778,-0.07191738037536759,-0.07191738037536759,0.10367834520568957,0.3191912745742475,0.5347042039428055,Yes
-0.07191738037536759,-0.07191738037536759,-0.07191738037536759,0.3191912745742475,0.5347042039428055,0.6065418470656582,Yes
-0.07191738037536759,-0.07191738037536759,-0.22132285237639296,0.5347042039428055,0.6065418470656582,0.6783794901885108,Yes
-0.07191738037536759,-0.22132285237639296,-0.22132285237639296,0.6065418470656582,0.6783794901885108,0.7502171333113634,Yes
-0.22132285237639296,-0.22132285237639296,-0.22132285237639296,0.6783794901885108,0.7502171333113634,0.6065418470656582,Yes
-0.22132285237639296,-0.22132285237639296,-0.22132285237639296,0.7502171333113634,0.6065418470656582,0.5347042039428055,Yes
-0.22132285237639296,-0.22132285237639296,-0.3707283243774183,0.6065418470656582,0.5347042039428055,0.46286656081995287,Yes
-0.22132285237639296,-0.3707283243774183,-0.3707283243774183,0.5347042039428055,0.46286656081995287,0.46286656081995287,Yes
-0.3707283243774183,-0.3707283243774183,-0.3707283243774183,0.46286656081995287,0.46286656081995287,0.46286656081995287,Yes
-0.3707283243774183,-0.3707283243774183,-0.3707283243774183,0.46286656081995287,0.46286656081995287,0.46286656081995287,Yes
-0.3707283243774183,-0.3707283243774183,-0.3707283243774183,0.46286656081995287,0.46286656081995287,0.5347042039428055,Yes
-0.3707283243774183,-0.3707283243774183,-0.3707283243774183,0.46286656081995287,0.5347042039428055,0.5347042039428055,Yes
-0.3707283243774183,-0.3707283243774183,-0.3707283243774183,0.5347042039428055,0.5347042039428055,0.6065418470656582,Yes
-0.3707283243774183,-0.3707283243774183,-0.3707283243774183,0.5347042039428055,0.6065418470656582,0.5347042039428055,Yes
-0.3707283243774183,-0.3707283243774183,-0.22132285237639296,0.6065418470656582,0.5347042039428055,0.5347042039428055,Yes
-0.3707283243774183,-0.22132285237639296,-0.22132285237639296,0.5347042039428055,0.5347042039428055,0.46286656081995287,Yes
-0.22132285237639296,-0.22132285237639296,-0.22132285237639296,0.5347042039428055,0.46286656081995287,0.3191912745742475,Yes
-0.22132285237639296,-0.22132285237639296,-0.22132285237639296,0.46286656081995287,0.3191912745742475,0.17551598832854223,Yes
-0.22132285237639296,-0.22132285237639296,-0.22132285237639296,0.3191912745742475,0.17551598832854223,0.10367834520568957,Yes
-0.22132285237639296,-0.22132285237639296,-0.07191738037536759,0.17551598832854223,0.10367834520568957,-0.03999694104001574,Yes
-0.22132285237639296,-0.07191738037536759,-0.07191738037536759,0.10367834520568957,-0.03999694104001574,-0.1118345841628684,Yes
-0.07191738037536759,-0.07191738037536759,-0.07191738037536759,-0.03999694104001574,-0.1118345841628684,-0.2555098704085737,Yes
-0.07191738037536759,-0.07191738037536759,-0.07191738037536759,-0.1118345841628684,-0.2555098704085737,0.031840702082836916,Yes
-0.07191738037536759,-0.07191738037536759,-0.07191738037536759,-0.2555098704085737,0.031840702082836916,0.3910289176971002,Yes
-0.07191738037536759,-0.07191738037536759,-0.07191738037536759,0.031840702082836916,0.3910289176971002,0.6783794901885108,Yes
-0.07191738037536759,-0.07191738037536759,-0.22132285237639296,0.3910289176971002,0.6783794901885108,0.6783794901885108,Yes
-0.07191738037536759,-0.22132285237639296,-0.22132285237639296,0.6783794901885108,0.6783794901885108,0.6065418470656582,Yes
-0.22132285237639296,-0.22132285237639296,-0.22132285237639296,0.6783794901885108,0.6065418470656582,0.6065418470656582,Yes
-0.22132285237639296,-0.22132285237639296,-0.22132285237639296,0.6065418470656582,0.6065418470656582,0.6065418470656582,Yes
-0.22132285237639296,-0.22132285237639296,-0.22132285237639296,0.6065418470656582,0.6065418470656582,0.6065418470656582,Yes
-0.22132285237639296,-0.22132285237639296,-0.22132285237639296,0.6065418470656582,0.6065418470656582,0.5347042039428055,Yes
-0.22132285237639296,-0.22132285237639296,-0.22132285237639296,0.6065418470656582,0.5347042039428055,0.46286656081995287,Yes
-0.22132285237639296,-0.22132285237639296,-0.3707283243774183,0.5347042039428055,0.46286656081995287,0.3910289176971002,Yes
-0.5201337963784437,-0.6695392683794691,-0.6695392683794691,-0.2555098704085737,-0.1118345841628684,0.031840702082836916,Yes
-0.6695392683794691,-0.6695392683794691,-0.6695392683794691,-0.1118345841628684,0.031840702082836916,-0.18367222728572105,Yes
-0.6695392683794691,-0.6695392683794691,-0.6695392683794691,0.031840702082836916,-0.18367222728572105,-0.3273475135314264,Yes
-0.6695392683794691,-0.6695392683794691,-0.6695392683794691,-0.18367222728572105,-0.3273475135314264,-0.5428604428999844,Yes
-0.6695392683794691,-0.6695392683794691,-0.6695392683794691,-0.3273475135314264,-0.5428604428999844,-0.6865357291456896,Yes
-0.6695392683794691,-0.6695392683794691,-0.6695392683794691,-0.5428604428999844,-0.6865357291456896,-0.830211015391395,Yes
-0.6695392683794691,-0.6695392683794691,-0.6695392683794691,-0.6865357291456896,-0.830211015391395,-0.9020486585142475,Yes
-0.6695392683794691,-0.6695392683794691,-0.6695392683794691,-0.830211015391395,-0.9020486585142475,-1.1893992310056583,Yes
-0.6695392683794691,-0.6695392683794691,-0.6695392683794691,-0.9020486585142475,-1.1893992310056583,-1.404912160374216,Yes
-0.6695392683794691,-0.6695392683794691,-0.6695392683794691,-1.1893992310056583,-1.404912160374216,-1.6922627328656268,Yes
-0.6695392683794691,-0.6695392683794691,-0.6695392683794691,-1.404912160374216,-1.6922627328656268,-1.9077756622341848,Yes
-0.6695392683794691,-0.6695392683794691,-0.5201337963784437,-1.6922627328656268,-1.9077756622341848,-2.123288591602743,Yes
-0.6695392683794691,-0.5201337963784437,-0.5201337963784437,-1.9077756622341848,-2.123288591602743,-2.338801520971301,Yes
-0.5201337963784437,-0.5201337963784437,-0.6695392683794691,-2.123288591602743,-2.338801520971301,-2.05145094847989,Yes
-0.5201337963784437,-0.6695392683794691,-0.6695392683794691,-2.338801520971301,-2.05145094847989,-1.7641003759884795,Yes
-0.6695392683794691,-0.6695392683794691,-0.8189447403804944,-2.05145094847989,-1.7641003759884795,-1.5485874466199214,Yes
-0.6695392683794691,-0.8189447403804944,-0.8189447403804944,-1.7641003759884795,-1.5485874466199214,-1.3330745172513636,Yes
-0.8189447403804944,-0.8189447403804944,-0.8189447403804944,-1.5485874466199214,-1.3330745172513636,-1.1175615878828056,Yes
-0.8189447403804944,-0.8189447403804944,-0.9683502123815197,-1.3330745172513636,-1.1175615878828056,-0.9738863016371002,Yes
-0.8189447403804944,-0.9683502123815197,-0.9683502123815197,-1.1175615878828056,-0.9738863016371002,-0.9738863016371002,Yes
-0.9683502123815197,-0.9683502123815197,-0.9683502123815197,-0.9738863016371002,-0.9738863016371002,-0.9738863016371002,Yes
-0.9683502123815197,-0.9683502123815197,-0.9683502123815197,-0.9738863016371002,-0.9738863016371002,-0.9738863016371002,Yes
-0.9683502123815197,-0.9683502123815197,-0.9683502123815197,-0.9738863016371002,-0.9738863016371002,-0.9738863016371002,Yes
-0.9683502123815197,-0.9683502123815197,-1.1177556843825451,-0.9738863016371002,-0.9738863016371002,-0.9738863016371002,Yes
-0.5201337963784437,-0.5201337963784437,-0.3707283243774183,0.7502171333113634,0.7502171333113634,0.7502171333113634,Yes
-0.5201337963784437,-0.3707283243774183,-0.5201337963784437,0.7502171333113634,0.7502171333113634,0.7502171333113634,Yes
-0.3707283243774183,-0.5201337963784437,-0.5201337963784437,0.7502171333113634,0.7502171333113634,0.7502171333113634,Yes
-0.5201337963784437,-0.5201337963784437,-0.5201337963784437,0.7502171333113634,0.7502171333113634,0.7502171333113634,Yes
-0.5201337963784437,-0.5201337963784437,-0.5201337963784437,0.7502171333113634,0.7502171333113634,0.8220547764342161,Yes
-0.5201337963784437,-0.5201337963784437,-0.5201337963784437,0.7502171333113634,0.8220547764342161,0.8220547764342161,Yes
-0.5201337963784437,-0.5201337963784437,-0.5201337963784437,0.8220547764342161,0.8220547764342161,0.8220547764342161,Yes
-0.5201337963784437,-0.5201337963784437,-0.5201337963784437,0.8220547764342161,0.8220547764342161,0.7502171333113634,Yes
-0.5201337963784437,-0.5201337963784437,-0.5201337963784437,0.8220547764342161,0.7502171333113634,0.6783794901885108,Yes
-0.5201337963784437,-0.5201337963784437,-0.5201337963784437,0.7502171333113634,0.6783794901885108,0.5347042039428055,Yes
-0.5201337963784437,-0.5201337963784437,-0.3707283243774183,0.6783794901885108,0.5347042039428055,0.5347042039428055,Yes
-0.5201337963784437,-0.3707283243774183,-0.3707283243774183,0.5347042039428055,0.5347042039428055,0.46286656081995287,Yes
-0.3707283243774183,-0.3707283243774183,-0.22132285237639296,0.5347042039428055,0.46286656081995287,0.46286656081995287,Yes
-0.3707283243774183,-0.22132285237639296,-0.22132285237639296,0.46286656081995287,0.46286656081995287,0.6065418470656582,Yes
-0.22132285237639296,-0.22132285237639296,-0.22132285237639296,0.46286656081995287,0.6065418470656582,0.7502171333113634,Yes
-0.22132285237639296,-0.22132285237639296,-0.22132285237639296,0.6065418470656582,0.7502171333113634,0.8938924195570688,Yes
-0.22132285237639296,-0.22132285237639296,-0.3707283243774183,0.7502171333113634,0.8938924195570688,0.8938924195570688,Yes
-0.22132285237639296,-0.3707283243774183,-0.3707283243774183,0.8938924195570688,0.8938924195570688,0.8938924195570688,Yes
-0.3707283243774183,-0.3707283243774183,-0.5201337963784437,0.8938924195570688,0.8938924195570688,0.8938924195570688,Yes
-0.3707283243774183,-0.5201337963784437,-0.5201337963784437,0.8938924195570688,0.8938924195570688,0.8938924195570688,Yes
-0.5201337963784437,-0.5201337963784437,-0.5201337963784437,0.8938924195570688,0.8938924195570688,0.8938924195570688,Yes
-0.5201337963784437,-0.5201337963784437,-0.5201337963784437,0.8938924195570688,0.8938924195570688,0.8938924195570688,Yes
-0.5201337963784437,-0.5201337963784437,-0.5201337963784437,0.8938924195570688,0.8938924195570688,0.8938924195570688,Yes
-0.5201337963784437,-0.5201337963784437,-0.5201337963784437,0.8938924195570688,0.8938924195570688,0.8220547764342161,Yes
-0.5201337963784437,-0.5201337963784437,-0.5201337963784437,0.8938924195570688,0.8220547764342161,0.8220547764342161,Yes
-0.5201337963784437,-0.5201337963784437,-0.5201337963784437,0.8220547764342161,0.8220547764342161,0.8220547764342161,Yes
-0.5201337963784437,-0.5201337963784437,-0.5201337963784437,0.8220547764342161,0.8220547764342161,0.8938924195570688,Yes
-0.5201337963784437,-0.5201337963784437,-0.5201337963784437,0.8220547764342161,0.8938924195570688,0.8938924195570688,Yes
-0.5201337963784437,-0.5201337963784437,-0.5201337963784437,0.8938924195570688,0.8938924195570688,0.8938924195570688,Yes
-0.5201337963784437,-0.5201337963784437,-0.5201337963784437,0.8938924195570688,0.8938924195570688,0.8938924195570688,Yes
-0.5201337963784437,-0.5201337963784437,-0.5201337963784437,0.8938924195570688,0.8938924195570688,0.8938924195570688,Yes
-0.5201337963784437,-0.5201337963784437,-0.5201337963784437,0.8938924195570688,0.8938924195570688,0.8220547764342161,Yes
-0.5201337963784437,-0.5201337963784437,-0.5201337963784437,0.8938924195570688,0.8220547764342161,0.8220547764342161,Yes
-0.5201337963784437,-0.5201337963784437,-0.3707283243774183,0.8220547764342161,0.8220547764342161,0.8220547764342161,Yes
-0.5201337963784437,-0.3707283243774183,-0.3707283243774183,0.8220547764342161,0.8220547764342161,0.7502171333113634,Yes
-0.3707283243774183,-0.3707283243774183,-0.3707283243774183,0.8220547764342161,0.7502171333113634,0.7502171333113634,Yes
-0.3707283243774183,-0.3707283243774183,-0.22132285237639296,0.7502171333113634,0.7502171333113634,0.6783794901885108,Yes
-0.3707283243774183,-0.22132285237639296,-0.22132285237639296,0.7502171333113634,0.6783794901885108,0.6783794901885108,Yes
-0.22132285237639296,-0.22132285237639296,-0.22132285237639296,0.6783794901885108,0.6783794901885108,0.7502171333113634,Yes
-0.22132285237639296,-0.22132285237639296,-0.3707283243774183,0.6783794901885108,0.7502171333113634,0.7502171333113634,Yes
-0.22132285237639296,-0.3707283243774183,-0.5201337963784437,0.7502171333113634,0.7502171333113634,0.8220547764342161,Yes
-0.3707283243774183,-0.5201337963784437,-0.5201337963784437,0.7502171333113634,0.8220547764342161,0.8220547764342161,Yes
-0.5201337963784437,-0.5201337963784437,-0.6695392683794691,0.8220547764342161,0.8220547764342161,0.8938924195570688,Yes
-0.5201337963784437,-0.6695392683794691,-0.6695392683794691,0.8220547764342161,0.8938924195570688,0.8220547764342161,Yes
-0.6695392683794691,-0.6695392683794691,-0.6695392683794691,0.8938924195570688,0.8220547764342161,0.8220547764342161,Yes
-0.6695392683794691,-0.6695392683794691,-0.8189447403804944,0.8220547764342161,0.8220547764342161,0.8220547764342161,Yes
-0.6695392683794691,-0.8189447403804944,-0.8189447403804944,0.8220547764342161,0.8220547764342161,0.7502171333113634,Yes
-0.8189447403804944,-0.8189447403804944,-0.8189447403804944,0.8220547764342161,0.7502171333113634,0.6065418470656582,Yes
-1.1177556843825451,-1.1177556843825451,-1.2671611563835707,0.3191912745742475,0.3191912745742475,0.3191912745742475,Yes
-1.1177556843825451,-1.2671611563835707,-1.2671611563835707,0.3191912745742475,0.3191912745742475,0.24735363145139488,Yes
-1.2671611563835707,-1.2671611563835707,-1.1177556843825451,0.3191912745742475,0.24735363145139488,0.24735363145139488,Yes
-1.2671611563835707,-1.1177556843825451,-1.1177556843825451,0.24735363145139488,0.24735363145139488,0.24735363145139488,Yes
-1.1177556843825451,-1.1177556843825451,-1.1177556843825451,0.24735363145139488,0.24735363145139488,0.3191912745742475,Yes
-1.1177556843825451,-1.1177556843825451,-1.1177556843825451,0.24735363145139488,0.3191912745742475,0.3910289176971002,Yes
-1.1177556843825451,-1.1177556843825451,-1.1177556843825451,0.3191912745742475,0.3910289176971002,0.3910289176971002,Yes
-1.1177556843825451,-1.1177556843825451,-1.1177556843825451,0.3910289176971002,0.3910289176971002,0.3910289176971002,Yes
-1.1177556843825451,-1.1177556843825451,-1.1177556843825451,0.3910289176971002,0.3910289176971002,0.3910289176971002,Yes
-1.1177556843825451,-1.1177556843825451,-1.1177556843825451,0.3910289176971002,0.3910289176971002,0.3910289176971002,Yes
-1.1177556843825451,-1.1177556843825451,-0.9683502123815197,0.3910289176971002,0.3910289176971002,0.3191912745742475,Yes
-1.1177556843825451,-0.9683502123815197,-0.9683502123815197,0.3910289176971002,0.3191912745742475,0.24735363145139488,Yes
-0.9683502123815197,-0.9683502123815197,-0.8189447403804944,0.3191912745742475,0.24735363145139488,0.24735363145139488,Yes
-0.9683502123815197,-0.8189447403804944,-0.8189447403804944,0.24735363145139488,0.24735363145139488,0.3191912745742475,Yes
-0.8189447403804944,-0.8189447403804944,-0.8189447403804944,0.24735363145139488,0.3191912745742475,0.46286656081995287,Yes
-0.8189447403804944,-0.8189447403804944,-0.8189447403804944,0.3191912745742475,0.46286656081995287,0.5347042039428055,Yes
-0.8189447403804944,-0.8189447403804944,-0.8189447403804944,0.46286656081995287,0.5347042039428055,0.5347042039428055,Yes
-0.8189447403804944,-0.8189447403804944,-0.9683502123815197,0.5347042039428055,0.5347042039428055,0.5347042039428055,Yes
-0.8189447403804944,-0.9683502123815197,-0.9683502123815197,0.5347042039428055,0.5347042039428055,0.46286656081995287,Yes
-0.9683502123815197,-0.9683502123815197,-0.9683502123815197,0.5347042039428055,0.46286656081995287,0.46286656081995287,Yes
-0.9683502123815197,-0.9683502123815197,-0.9683502123815197,0.46286656081995287,0.46286656081995287,0.46286656081995287,Yes
-0.9683502123815197,-0.9683502123815197,-0.9683502123815197,0.46286656081995287,0.46286656081995287,0.5347042039428055,Yes
-0.9683502123815197,-0.9683502123815197,-0.8189447403804944,0.46286656081995287,0.5347042039428055,0.46286656081995287,Yes
-0.9683502123815197,-0.8189447403804944,-0.9683502123815197,0.5347042039428055,0.46286656081995287,0.46286656081995287,Yes
-0.8189447403804944,-0.9683502123815197,-0.9683502123815197,0.46286656081995287,0.46286656081995287,0.3910289176971002,Yes
-0.9683502123815197,-0.9683502123815197,-0.9683502123815197,0.46286656081995287,0.3910289176971002,0.46286656081995287,Yes
-0.9683502123815197,-0.9683502123815197,-1.1177556843825451,0.3910289176971002,0.46286656081995287,0.46286656081995287,Yes
-0.9683502123815197,-1.1177556843825451,-1.1177556843825451,0.46286656081995287,0.46286656081995287,0.5347042039428055,Yes
-1.1177556843825451,-1.1177556843825451,-1.1177556843825451,0.46286656081995287,0.5347042039428055,0.6065418470656582,Yes
-1.1177556843825451,-1.1177556843825451,-1.1177556843825451,0.5347042039428055,0.6065418470656582,0.6783794901885108,Yes
-1.1177556843825451,-1.1177556843825451,-1.1177556843825451,0.6065418470656582,0.6783794901885108,0.6783794901885108,Yes
-1.1177556843825451,-1.1177556843825451,-0.9683502123815197,0.6783794901885108,0.6783794901885108,0.7502171333113634,Yes
-1.1177556843825451,-0.9683502123815197,-1.1177556843825451,0.6783794901885108,0.7502171333113634,0.7502171333113634,Yes
-0.9683502123815197,-1.1177556843825451,-0.9683502123815197,0.7502171333113634,0.7502171333113634,0.7502171333113634,Yes
-1.1177556843825451,-0.9683502123815197,-0.9683502123815197,0.7502171333113634,0.7502171333113634,0.7502171333113634,Yes
-0.9683502123815197,-0.9683502123815197,-0.8189447403804944,0.7502171333113634,0.7502171333113634,0.8220547764342161,Yes
-0.9683502123815197,-0.8189447403804944,-0.8189447403804944,0.7502171333113634,0.8220547764342161,0.8938924195570688,Yes
-0.8189447403804944,-0.8189447403804944,-0.6695392683794691,0.8220547764342161,0.8938924195570688,0.8938924195570688,Yes
-0.8189447403804944,-0.6695392683794691,-0.6695392683794691,0.8938924195570688,0.8938924195570688,0.8938924195570688,Yes
-0.6695392683794691,-0.6695392683794691,-0.8189447403804944,0.8938924195570688,0.8938924195570688,0.8938924195570688,Yes
-0.6695392683794691,-0.8189447403804944,-0.6695392683794691,0.8938924195570688,0.8938924195570688,0.8220547764342161,Yes
-0.8189447403804944,-0.6695392683794691,-0.6695392683794691,0.8938924195570688,0.8220547764342161,0.7502171333113634,Yes
-0.6695392683794691,-0.6695392683794691,-0.8189447403804944,0.8220547764342161,0.7502171333113634,0.6783794901885108,Yes
-0.6695392683794691,-0.8189447403804944,-0.8189447403804944,0.7502171333113634,0.6783794901885108,0.6783794901885108,Yes
-0.8189447403804944,-0.8189447403804944,-0.9683502123815197,0.6783794901885108,0.6783794901885108,0.6783794901885108,Yes
-0.8189447403804944,-0.9683502123815197,-1.1177556843825451,0.6783794901885108,0.6783794901885108,0.6783794901885108,Yes
-0.9683502123815197,-1.1177556843825451,-1.2671611563835707,0.6783794901885108,0.6783794901885108,0.6783794901885108,Yes
-1.1177556843825451,-1.2671611563835707,-1.2671611563835707,0.6783794901885108,0.6783794901885108,0.6065418470656582,Yes
-0.8189447403804944,-0.8189447403804944,-0.8189447403804944,0.6065418470656582,0.6065418470656582,0.6065418470656582,Yes
-0.8189447403804944,-0.8189447403804944,-0.8189447403804944,0.6065418470656582,0.6065418470656582,0.5347042039428055,Yes
-0.8189447403804944,-0.8189447403804944,-0.8189447403804944,0.6065418470656582,0.5347042039428055,0.46286656081995287,Yes
-0.8189447403804944,-0.8189447403804944,-0.8189447403804944,0.5347042039428055,0.46286656081995287,0.46286656081995287,Yes
-0.8189447403804944,-0.8189447403804944,-0.9683502123815197,0.46286656081995287,0.46286656081995287,0.46286656081995287,Yes
-0.8189447403804944,-0.9683502123815197,-0.9683502123815197,0.46286656081995287,0.46286656081995287,0.3910289176971002,Yes
-0.9683502123815197,-0.9683502123815197,-0.9683502123815197,0.46286656081995287,0.3910289176971002,0.3910289176971002,Yes
-0.9683502123815197,-0.9683502123815197,-0.9683502123815197,0.3910289176971002,0.3910289176971002,0.3191912745742475,Yes
-0.9683502123815197,-0.9683502123815197,-0.9683502123815197,0.3910289176971002,0.3191912745742475,0.3191912745742475,Yes
-0.9683502123815197,-0.9683502123815197,-0.8189447403804944,0.3191912745742475,0.3191912745742475,0.24735363145139488,Yes
-0.9683502123815197,-0.8189447403804944,-0.6695392683794691,0.3191912745742475,0.24735363145139488,0.17551598832854223,Yes
-0.8189447403804944,-0.6695392683794691,-0.6695392683794691,0.24735363145139488,0.17551598832854223,0.10367834520568957,Yes
-0.6695392683794691,-0.6695392683794691,-0.5201337963784437,0.17551598832854223,0.10367834520568957,0.031840702082836916,Yes
-0.6695392683794691,-0.5201337963784437,-0.3707283243774183,0.10367834520568957,0.031840702082836916,0.031840702082836916,Yes
-0.5201337963784437,-0.3707283243774183,-0.3707283243774183,0.031840702082836916,0.031840702082836916,0.031840702082836916,Yes
-0.3707283243774183,-0.3707283243774183,-0.3707283243774183,0.031840702082836916,0.031840702082836916,0.10367834520568957,Yes
-0.3707283243774183,-0.3707283243774183,-0.3707283243774183,0.031840702082836916,0.10367834520568957,0.10367834520568957,Yes
-0.3707283243774183,-0.3707283243774183,-0.5201337963784437,0.10367834520568957,0.10367834520568957,0.17551598832854223,Yes
-0.3707283243774183,-0.5201337963784437,-0.6695392683794691,0.10367834520568957,0.17551598832854223,0.24735363145139488,Yes
-0.5201337963784437,-0.6695392683794691,-0.8189447403804944,0.17551598832854223,0.24735363145139488,0.17551598832854223,Yes
-0.6695392683794691,-0.8189447403804944,-0.9683502123815197,0.24735363145139488,0.17551598832854223,0.17551598832854223,Yes
-0.8189447403804944,-0.9683502123815197,-0.9683502123815197,0.17551598832854223,0.17551598832854223,0.17551598832854223,Yes
-0.9683502123815197,-0.9683502123815197,-0.9683502123815197,0.17551598832854223,0.17551598832854223,0.17551598832854223,Yes
-0.9683502123815197,-0.9683502123815197,-0.9683502123815197,0.17551598832854223,0.17551598832854223,0.10367834520568957,Yes
-0.22132285237639296,-0.22132285237639296,-0.22132285237639296,0.5347042039428055,0.5347042039428055,0.5347042039428055,Yes
-0.22132285237639296,-0.22132285237639296,-0.22132285237639296,0.5347042039428055,0.5347042039428055,0.3191912745742475,Yes
-0.22132285237639296,-0.22132285237639296,-0.3707283243774183,0.5347042039428055,0.3191912745742475,0.17551598832854223,Yes
-0.22132285237639296,-0.3707283243774183,-0.3707283243774183,0.3191912745742475,0.17551598832854223,0.031840702082836916,Yes
-0.3707283243774183,-0.3707283243774183,-0.3707283243774183,0.17551598832854223,0.031840702082836916,0.031840702082836916,Yes
-0.3707283243774183,-0.3707283243774183,-0.3707283243774183,0.031840702082836916,0.031840702082836916,0.10367834520568957,Yes
-0.3707283243774183,-0.3707283243774183,-0.3707283243774183,0.031840702082836916,0.10367834520568957,0.10367834520568957,Yes
-0.3707283243774183,-0.3707283243774183,-0.3707283243774183,0.10367834520568957,0.10367834520568957,-0.1118345841628684,Yes
-0.3707283243774183,-0.3707283243774183,-0.3707283243774183,0.10367834520568957,-0.1118345841628684,-0.2555098704085737,Yes
-0.3707283243774183,-0.3707283243774183,-0.3707283243774183,-0.1118345841628684,-0.2555098704085737,-0.4710227997771317,Yes
-0.3707283243774183,-0.3707283243774183,-0.3707283243774183,-0.2555098704085737,-0.4710227997771317,-0.5428604428999844,Yes
-0.3707283243774183,-0.3707283243774183,-0.3707283243774183,-0.4710227997771317,-0.5428604428999844,-0.5428604428999844,Yes
-0.3707283243774183,-0.3707283243774183,-0.3707283243774183,-0.5428604428999844,-0.5428604428999844,-0.5428604428999844,Yes
-0.3707283243774183,-0.3707283243774183,-0.3707283243774183,-0.5428604428999844,-0.5428604428999844,-0.4710227997771317,Yes
-0.3707283243774183,-0.3707283243774183,-0.3707283243774183,-0.5428604428999844,-0.4710227997771317,-0.399185156654279,Yes
-0.3707283243774183,-0.3707283243774183,-0.5201337963784437,-0.4710227997771317,-0.399185156654279,-0.2555098704085737,Yes
-0.3707283243774183,-0.5201337963784437,-0.5201337963784437,-0.399185156654279,-0.2555098704085737,-0.2555098704085737,Yes
-0.5201337963784437,-0.5201337963784437,-0.6695392683794691,-0.2555098704085737,-0.2555098704085737,-0.2555098704085737,Yes
-0.5201337963784437,-0.6695392683794691,-0.6695392683794691,-0.2555098704085737,-0.2555098704085737,-0.18367222728572105,Yes
-0.6695392683794691,-0.6695392683794691,-0.6695392683794691,-0.2555098704085737,-0.18367222728572105,-0.1118345841628684,Yes
-0.6695392683794691,-0.6695392683794691,-0.8189447403804944,-0.18367222728572105,-0.1118345841628684,-0.03999694104001574,Yes
-0.6695392683794691,-0.8189447403804944,-0.8189447403804944,-0.1118345841628684,-0.03999694104001574,0.031840702082836916,Yes
-0.8189447403804944,-0.8189447403804944,-0.9683502123815197,-0.03999694104001574,0.031840702082836916,-0.03999694104001574,Yes
-0.8189447403804944,-0.9683502123815197,-0.9683502123815197,0.031840702082836916,-0.03999694104001574,-0.1118345841628684,Yes
-0.6695392683794691,-0.8189447403804944,-0.8189447403804944,0.3191912745742475,0.24735363145139488,0.24735363145139488,Yes
-0.8189447403804944,-0.8189447403804944,-0.8189447403804944,0.24735363145139488,0.24735363145139488,0.17551598832854223,Yes
-0.8189447403804944,-0.8189447403804944,-0.8189447403804944,0.24735363145139488,0.17551598832854223,0.17551598832854223,Yes
-0.8189447403804944,-0.8189447403804944,-0.8189447403804944,0.17551598832854223,0.17551598832854223,0.17551598832854223,Yes
-0.8189447403804944,-0.8189447403804944,-0.8189447403804944,0.17551598832854223,0.17551598832854223,0.24735363145139488,Yes
-0.8189447403804944,-0.8189447403804944,-0.6695392683794691,0.17551598832854223,0.24735363145139488,0.3191912745742475,Yes
-0.8189447403804944,-0.6695392683794691,-0.6695392683794691,0.24735363145139488,0.3191912745742475,0.3910289176971002,Yes
-0.6695392683794691,-0.6695392683794691,-0.6695392683794691,0.3191912745742475,0.3910289176971002,0.3191912745742475,Yes
-0.6695392683794691,-0.6695392683794691,-0.6695392683794691,0.3910289176971002,0.3191912745742475,0.17551598832854223,Yes
-0.6695392683794691,-0.6695392683794691,-0.6695392683794691,0.3191912745742475,0.17551598832854223,0.10367834520568957,Yes
-0.6695392683794691,-0.6695392683794691,-0.5201337963784437,0.17551598832854223,0.10367834520568957,0.10367834520568957,Yes
-0.6695392683794691,-0.5201337963784437,-0.3707283243774183,0.10367834520568957,0.10367834520568957,0.031840702082836916,Yes
-0.5201337963784437,-0.3707283243774183,-0.22132285237639296,0.10367834520568957,0.031840702082836916,0.031840702082836916,Yes
-0.3707283243774183,-0.22132285237639296,-0.22132285237639296,0.031840702082836916,0.031840702082836916,0.24735363145139488,Yes
-0.22132285237639296,-0.22132285237639296,-0.22132285237639296,0.031840702082836916,0.24735363145139488,0.46286656081995287,Yes
-0.22132285237639296,-0.22132285237639296,-0.22132285237639296,0.24735363145139488,0.46286656081995287,0.6783794901885108,Yes
-0.22132285237639296,-0.22132285237639296,-0.22132285237639296,0.46286656081995287,0.6783794901885108,0.6783794901885108,Yes
-0.22132285237639296,-0.22132285237639296,-0.3707283243774183,0.6783794901885108,0.6783794901885108,0.6783794901885108,Yes
-0.22132285237639296,-0.3707283243774183,-0.3707283243774183,0.6783794901885108,0.6783794901885108,0.6783794901885108,Yes
-0.3707283243774183,-0.3707283243774183,-0.3707283243774183,0.6783794901885108,0.6783794901885108,0.6783794901885108,Yes
-0.3707283243774183,-0.3707283243774183,-0.22132285237639296,0.6783794901885108,0.6783794901885108,0.6783794901885108,Yes
-0.3707283243774183,-0.22132285237639296,-0.22132285237639296,0.6783794901885108,0.6783794901885108,0.6783794901885108,Yes
-0.22132285237639296,-0.22132285237639296,-0.3707283243774183,0.6783794901885108,0.6783794901885108,0.6783794901885108,Yes
-0.22132285237639296,-0.3707283243774183,-0.3707283243774183,0.6783794901885108,0.6783794901885108,0.6783794901885108,Yes
-0.22132285237639296,-0.22132285237639296,-0.3707283243774183,0.8220547764342161,0.8938924195570688,0.8938924195570688,Yes
-0.22132285237639296,-0.3707283243774183,-0.3707283243774183,0.8938924195570688,0.8938924195570688,0.8938924195570688,Yes
-0.3707283243774183,-0.3707283243774183,-0.3707283243774183,0.8938924195570688,0.8938924195570688,0.8938924195570688,Yes
-0.3707283243774183,-0.3707283243774183,-0.3707283243774183,0.8938924195570688,0.8938924195570688,0.8938924195570688,Yes
-0.3707283243774183,-0.3707283243774183,-0.3707283243774183,0.8938924195570688,0.8938924195570688,0.8938924195570688,Yes
-0.3707283243774183,-0.3707283243774183,-0.3707283243774183,0.8938924195570688,0.8938924195570688,0.8938924195570688,Yes
-0.3707283243774183,-0.3707283243774183,-0.3707283243774183,0.8938924195570688,0.8938924195570688,0.8938924195570688,Yes
-0.3707283243774183,-0.3707283243774183,-0.3707283243774183,0.8938924195570688,0.8938924195570688,0.8220547764342161,Yes
-0.3707283243774183,-0.3707283243774183,-0.3707283243774183,0.8938924195570688,0.8220547764342161,0.7502171333113634,Yes
-0.3707283243774183,-0.3707283243774183,-0.3707283243774183,0.8220547764342161,0.7502171333113634,0.6783794901885108,Yes
-0.3707283243774183,-0.3707283243774183,-0.3707283243774183,0.7502171333113634,0.6783794901885108,0.6783794901885108,Yes
-0.3707283243774183,-0.3707283243774183,-0.22132285237639296,0.6783794901885108,0.6783794901885108,0.6783794901885108,Yes
-0.3707283243774183,-0.22132285237639296,-0.22132285237639296,0.6783794901885108,0.6783794901885108,0.6783794901885108,Yes
-0.22132285237639296,-0.22132285237639296,-0.22132285237639296,0.6783794901885108,0.6783794901885108,0.6783794901885108,Yes
-0.22132285237639296,-0.22132285237639296,-0.22132285237639296,0.6783794901885108,0.6783794901885108,0.6783794901885108,Yes
-0.22132285237639296,-0.22132285237639296,-0.22132285237639296,0.6783794901885108,0.6783794901885108,0.7502171333113634,Yes
-0.22132285237639296,-0.22132285237639296,-0.22132285237639296,0.6783794901885108,0.7502171333113634,0.7502171333113634,Yes
-0.22132285237639296,-0.22132285237639296,-0.22132285237639296,0.7502171333113634,0.7502171333113634,0.8220547764342161,Yes
-0.22132285237639296,-0.22132285237639296,-0.3707283243774183,0.7502171333113634,0.8220547764342161,0.8938924195570688,Yes
-0.22132285237639296,-0.3707283243774183,-0.5201337963784437,0.8220547764342161,0.8938924195570688,0.8938924195570688,Yes
-0.3707283243774183,-0.5201337963784437,-0.5201337963784437,0.8938924195570688,0.8938924195570688,0.8220547764342161,Yes
-0.5201337963784437,-0.5201337963784437,-0.5201337963784437,0.8938924195570688,0.8220547764342161,0.8220547764342161,Yes
-0.5201337963784437,-0.5201337963784437,-0.6695392683794691,0.8220547764342161,0.8220547764342161,0.7502171333113634,Yes
-0.5201337963784437,-0.6695392683794691,-0.6695392683794691,0.8220547764342161,0.7502171333113634,0.7502171333113634,Yes
-0.6695392683794691,-0.6695392683794691,-0.6695392683794691,0.7502171333113634,0.7502171333113634,0.7502171333113634,Yes
-0.6695392683794691,-0.6695392683794691,-0.6695392683794691,0.7502171333113634,0.7502171333113634,0.8220547764342161,Yes
-0.6695392683794691,-0.6695392683794691,-0.6695392683794691,0.7502171333113634,0.8220547764342161,0.8220547764342161,Yes
-0.6695392683794691,-0.6695392683794691,-0.6695392683794691,0.8220547764342161,0.8220547764342161,0.8220547764342161,Yes
-0.6695392683794691,-0.6695392683794691,-0.6695392683794691,0.8220547764342161,0.8220547764342161,0.8220547764342161,Yes
-0.6695392683794691,-0.6695392683794691,-0.6695392683794691,0.8220547764342161,0.8220547764342161,0.8220547764342161,Yes
-0.6695392683794691,-0.6695392683794691,-0.6695392683794691,0.8220547764342161,0.8220547764342161,0.8220547764342161,Yes
-0.6695392683794691,-0.6695392683794691,-0.6695392683794691,0.8220547764342161,0.8220547764342161,0.6783794901885108,Yes
-0.6695392683794691,-0.6695392683794691,-0.5201337963784437,0.8220547764342161,0.6783794901885108,0.6065418470656582,Yes
-0.6695392683794691,-0.5201337963784437,-0.5201337963784437,0.6783794901885108,0.6065418470656582,0.46286656081995287,Yes
-0.5201337963784437,-0.5201337963784437,-0.3707283243774183,0.6065418470656582,0.46286656081995287,0.3910289176971002,Yes
-0.5201337963784437,-0.3707283243774183,-0.3707283243774183,0.46286656081995287,0.3910289176971002,0.3910289176971002,Yes
-0.3707283243774183,-0.3707283243774183,-0.3707283243774183,0.3910289176971002,0.3910289176971002,0.3191912745742475,Yes
-0.3707283243774183,-0.3707283243774183,-0.3707283243774183,0.3910289176971002,0.3191912745742475,0.46286656081995287,Yes
-0.3707283243774183,-0.3707283243774183,-0.3707283243774183,0.3191912745742475,0.46286656081995287,0.5347042039428055,Yes
-0.3707283243774183,-0.3707283243774183,-0.3707283243774183,0.46286656081995287,0.5347042039428055,0.6065418470656582,Yes
-0.3707283243774183,-0.3707283243774183,-0.3707283243774183,0.5347042039428055,0.6065418470656582,0.6783794901885108,Yes
-0.3707283243774183,-0.3707283243774183,-0.5201337963784437,0.6065418470656582,0.6783794901885108,0.7502171333113634,Yes
-0.3707283243774183,-0.5201337963784437,-0.5201337963784437,0.6783794901885108,0.7502171333113634,0.8220547764342161,Yes
-0.5201337963784437,-0.5201337963784437,-0.5201337963784437,0.7502171333113634,0.8220547764342161,0.8220547764342161,Yes
-0.5201337963784437,-0.5201337963784437,-0.5201337963784437,0.8220547764342161,0.8220547764342161,0.8220547764342161,Yes
-0.5201337963784437,-0.5201337963784437,-0.5201337963784437,0.8220547764342161,0.8220547764342161,0.8220547764342161,Yes
-0.5201337963784437,-0.5201337963784437,-0.5201337963784437,0.8220547764342161,0.8220547764342161,0.8220547764342161,Yes
-0.5201337963784437,-0.5201337963784437,-0.5201337963784437,0.8220547764342161,0.8220547764342161,0.7502171333113634,Yes
-0.5201337963784437,-0.5201337963784437,-0.5201337963784437,0.8220547764342161,0.7502171333113634,0.7502171333113634,Yes
-0.5201337963784437,-0.5201337963784437,-0.5201337963784437,0.7502171333113634,0.7502171333113634,0.7502171333113634,Yes
-0.5201337963784437,-0.5201337963784437,-0.5201337963784437,0.7502171333113634,0.7502171333113634,0.7502171333113634,Yes
-0.5201337963784437,-0.5201337963784437,-0.5201337963784437,0.7502171333113634,0.7502171333113634,0.7502171333113634,Yes
-0.5201337963784437,-0.5201337963784437,-0.3707283243774183,0.7502171333113634,0.7502171333113634,0.7502171333113634,Yes
-0.5201337963784437,-0.3707283243774183,-0.3707283243774183,0.7502171333113634,0.7502171333113634,0.7502171333113634,Yes
-0.3707283243774183,-0.3707283243774183,-0.3707283243774183,0.7502171333113634,0.7502171333113634,0.7502171333113634,Yes
-0.3707283243774183,-0.3707283243774183,-0.3707283243774183,0.7502171333113634,0.7502171333113634,0.6783794901885108,Yes
-0.3707283243774183,-0.3707283243774183,-0.3707283243774183,0.7502171333113634,0.6783794901885108,0.5347042039428055,Yes
-0.3707283243774183,-0.3707283243774183,-0.3707283243774183,0.6783794901885108,0.5347042039428055,0.46286656081995287,Yes
-0.3707283243774183,-0.3707283243774183,-0.3707283243774183,0.5347042039428055,0.46286656081995287,0.46286656081995287,Yes
-0.3707283243774183,-0.3707283243774183,-0.22132285237639296,0.46286656081995287,0.46286656081995287,0.46286656081995287,Yes
-0.3707283243774183,-0.22132285237639296,-0.22132285237639296,0.46286656081995287,0.46286656081995287,0.46286656081995287,Yes
-0.22132285237639296,-0.22132285237639296,-0.07191738037536759,0.46286656081995287,0.46286656081995287,0.6065418470656582,Yes
-0.22132285237639296,-0.07191738037536759,-0.07191738037536759,0.46286656081995287,0.6065418470656582,0.7502171333113634,Yes
-0.07191738037536759,-0.07191738037536759,-0.07191738037536759,0.6065418470656582,0.7502171333113634,0.8220547764342161,Yes
-0.07191738037536759,-0.07191738037536759,-0.22132285237639296,0.7502171333113634,0.8220547764342161,0.8220547764342161,Yes
-0.07191738037536759,-0.22132285237639296,-0.07191738037536759,0.8220547764342161,0.8220547764342161,0.8220547764342161,Yes
-0.22132285237639296,-0.07191738037536759,-0.22132285237639296,0.8220547764342161,0.8220547764342161,0.8938924195570688,Yes
-0.07191738037536759,-0.22132285237639296,-0.22132285237639296,0.8220547764342161,0.8938924195570688,0.8220547764342161,Yes
-0.22132285237639296,-0.22132285237639296,-0.22132285237639296,0.8938924195570688,0.8220547764342161,0.8220547764342161,Yes
-0.22132285237639296,-0.22132285237639296,-0.3707283243774183,0.8220547764342161,0.8220547764342161,0.8220547764342161,Yes
-0.22132285237639296,-0.3707283243774183,-0.5201337963784437,0.8220547764342161,0.8220547764342161,0.8220547764342161,Yes
-0.3707283243774183,-0.5201337963784437,-0.5201337963784437,0.8220547764342161,0.8220547764342161,0.7502171333113634,Yes
-0.5201337963784437,-0.5201337963784437,-0.5201337963784437,0.8220547764342161,0.7502171333113634,0.7502171333113634,Yes
-0.5201337963784437,-0.5201337963784437,-0.5201337963784437,0.7502171333113634,0.7502171333113634,0.7502171333113634,Yes
-0.5201337963784437,-0.5201337963784437,-0.6695392683794691,0.7502171333113634,0.7502171333113634,0.7502171333113634,Yes
-0.5201337963784437,-0.6695392683794691,-0.6695392683794691,0.7502171333113634,0.7502171333113634,0.7502171333113634,Yes
-0.6695392683794691,-0.6695392683794691,-0.6695392683794691,0.7502171333113634,0.7502171333113634,0.7502171333113634,Yes
-0.6695392683794691,-0.6695392683794691,-0.8189447403804944,0.7502171333113634,0.7502171333113634,0.6783794901885108,Yes
-0.6695392683794691,-0.8189447403804944,-0.8189447403804944,0.7502171333113634,0.6783794901885108,0.6783794901885108,Yes
-0.8189447403804944,-0.8189447403804944,-0.8189447403804944,0.6783794901885108,0.6783794901885108,0.6783794901885108,Yes
-0.8189447403804944,-0.8189447403804944,-0.6695392683794691,0.6783794901885108,0.6783794901885108,0.6065418470656582,Yes
-0.8189447403804944,-0.6695392683794691,-0.5201337963784437,0.6783794901885108,0.6065418470656582,0.6065418470656582,Yes
-0.6695392683794691,-0.5201337963784437,-0.5201337963784437,0.6065418470656582,0.6065418470656582,0.6065418470656582,Yes
-0.5201337963784437,-0.5201337963784437,-0.3707283243774183,0.6065418470656582,0.6065418470656582,0.6065418470656582,Yes
-0.5201337963784437,-0.3707283243774183,-0.3707283243774183,0.6065418470656582,0.6065418470656582,0.6065418470656582,Yes
-0.3707283243774183,-0.3707283243774183,-0.3707283243774183,0.6065418470656582,0.6065418470656582,0.6783794901885108,Yes
-0.3707283243774183,-0.3707283243774183,-0.3707283243774183,0.6065418470656582,0.6783794901885108,0.6783794901885108,Yes
-0.3707283243774183,-0.3707283243774183,-0.3707283243774183,0.6783794901885108,0.6783794901885108,0.7502171333113634,Yes
-0.3707283243774183,-0.3707283243774183,-0.3707283243774183,0.6783794901885108,0.7502171333113634,0.7502171333113634,Yes
-0.3707283243774183,-0.3707283243774183,-0.3707283243774183,0.7502171333113634,0.7502171333113634,0.8220547764342161,Yes
-0.3707283243774183,-0.3707283243774183,-0.5201337963784437,0.7502171333113634,0.8220547764342161,0.8220547764342161,Yes
-0.3707283243774183,-0.5201337963784437,-0.5201337963784437,0.8220547764342161,0.8220547764342161,0.8220547764342161,Yes
-0.5201337963784437,-0.5201337963784437,-0.5201337963784437,0.8220547764342161,0.8220547764342161,0.8220547764342161,Yes
-0.5201337963784437,-0.5201337963784437,-0.5201337963784437,0.8220547764342161,0.8220547764342161,0.8220547764342161,Yes
-0.5201337963784437,-0.5201337963784437,-0.5201337963784437,0.8220547764342161,0.8220547764342161,0.8938924195570688,Yes
-0.5201337963784437,-0.5201337963784437,-0.5201337963784437,0.8220547764342161,0.8938924195570688,0.8938924195570688,Yes
-0.5201337963784437,-0.5201337963784437,-0.5201337963784437,0.8938924195570688,0.8938924195570688,0.8938924195570688,Yes
-0.5201337963784437,-0.5201337963784437,-0.5201337963784437,0.8938924195570688,0.8938924195570688,0.8938924195570688,Yes
-0.5201337963784437,-0.5201337963784437,-0.6695392683794691,0.8938924195570688,0.8938924195570688,0.8938924195570688,Yes
-0.5201337963784437,-0.6695392683794691,-0.6695392683794691,0.8938924195570688,0.8938924195570688,0.8220547764342161,Yes
-0.6695392683794691,-0.6695392683794691,-0.8189447403804944,0.8938924195570688,0.8220547764342161,0.7502171333113634,Yes
-0.6695392683794691,-0.8189447403804944,-0.9683502123815197,0.8220547764342161,0.7502171333113634,0.6065418470656582,Yes
-0.8189447403804944,-0.9683502123815197,-1.1177556843825451,0.7502171333113634,0.6065418470656582,0.46286656081995287,Yes
-0.9683502123815197,-1.1177556843825451,-1.1177556843825451,0.6065418470656582,0.46286656081995287,0.3191912745742475,Yes
-1.1177556843825451,-1.1177556843825451,-1.1177556843825451,0.46286656081995287,0.3191912745742475,0.17551598832854223,Yes
-1.1177556843825451,-1.1177556843825451,-1.1177556843825451,0.3191912745742475,0.17551598832854223,0.031840702082836916,Yes
-1.1177556843825451,-1.1177556843825451,-1.1177556843825451,0.17551598832854223,0.031840702082836916,-0.18367222728572105,Yes
-1.1177556843825451,-1.1177556843825451,-0.9683502123815197,0.031840702082836916,-0.18367222728572105,-0.3273475135314264,Yes
-1.1177556843825451,-0.9683502123815197,-0.9683502123815197,-0.18367222728572105,-0.3273475135314264,-0.4710227997771317,Yes
-0.9683502123815197,-0.9683502123815197,-0.9683502123815197,-0.3273475135314264,-0.4710227997771317,-0.399185156654279,Yes
-0.9683502123815197,-0.9683502123815197,-0.9683502123815197,-0.4710227997771317,-0.399185156654279,-0.3273475135314264,Yes
-0.9683502123815197,-0.9683502123815197,-0.8189447403804944,-0.399185156654279,-0.3273475135314264,-0.18367222728572105,Yes
-0.9683502123815197,-0.8189447403804944,-0.8189447403804944,-0.3273475135314264,-0.18367222728572105,-0.03999694104001574,Yes
-0.8189447403804944,-0.8189447403804944,-0.9683502123815197,-0.18367222728572105,-0.03999694104001574,0.17551598832854223,Yes
-0.8189447403804944,-0.9683502123815197,-0.9683502123815197,-0.03999694104001574,0.17551598832854223,0.3910289176971002,Yes
-0.9683502123815197,-0.9683502123815197,-1.1177556843825451,0.17551598832854223,0.3910289176971002,0.24735363145139488,Yes
-0.9683502123815197,-1.1177556843825451,-1.2671611563835707,0.3910289176971002,0.24735363145139488,0.10367834520568957,Yes
-1.1177556843825451,-1.2671611563835707,-1.416566628384596,0.24735363145139488,0.10367834520568957,0.031840702082836916,Yes
-1.2671611563835707,-1.416566628384596,-1.5659721003856213,0.10367834520568957,0.031840702082836916,-0.03999694104001574,Yes
-1.416566628384596,-1.5659721003856213,-1.5659721003856213,0.031840702082836916,-0.03999694104001574,-0.03999694104001574,Yes
-0.5201337963784437,-0.5201337963784437,-0.5201337963784437,0.46286656081995287,0.46286656081995287,0.46286656081995287,Yes
-0.5201337963784437,-0.5201337963784437,-0.5201337963784437,0.46286656081995287,0.46286656081995287,0.46286656081995287,Yes
-0.5201337963784437,-0.5201337963784437,-0.5201337963784437,0.46286656081995287,0.46286656081995287,0.5347042039428055,Yes
-0.5201337963784437,-0.5201337963784437,-0.5201337963784437,0.46286656081995287,0.5347042039428055,0.5347042039428055,Yes
-0.5201337963784437,-0.5201337963784437,-0.5201337963784437,0.5347042039428055,0.5347042039428055,0.5347042039428055,Yes
-0.5201337963784437,-0.5201337963784437,-0.5201337963784437,0.5347042039428055,0.5347042039428055,0.5347042039428055,Yes
-0.5201337963784437,-0.5201337963784437,-0.5201337963784437,0.5347042039428055,0.5347042039428055,0.5347042039428055,Yes
-0.5201337963784437,-0.5201337963784437,-0.6695392683794691,0.5347042039428055,0.5347042039428055,0.5347042039428055,Yes
-0.5201337963784437,-0.6695392683794691,-0.6695392683794691,0.5347042039428055,0.5347042039428055,0.6065418470656582,Yes
-0.6695392683794691,-0.6695392683794691,-0.6695392683794691,0.5347042039428055,0.6065418470656582,0.6065418470656582,Yes
-0.6695392683794691,-0.6695392683794691,-0.6695392683794691,0.6065418470656582,0.6065418470656582,0.5347042039428055,Yes
-0.6695392683794691,-0.6695392683794691,-0.5201337963784437,0.6065418470656582,0.5347042039428055,0.5347042039428055,Yes
-0.6695392683794691,-0.5201337963784437,-0.5201337963784437,0.5347042039428055,0.5347042039428055,0.46286656081995287,Yes
-0.5201337963784437,-0.5201337963784437,-0.5201337963784437,0.5347042039428055,0.46286656081995287,0.5347042039428055,Yes
-0.5201337963784437,-0.5201337963784437,-0.5201337963784437,0.46286656081995287,0.5347042039428055,0.6065418470656582,Yes
-0.5201337963784437,-0.5201337963784437,-0.5201337963784437,0.5347042039428055,0.6065418470656582,0.6783794901885108,Yes
-0.5201337963784437,-0.5201337963784437,-0.5201337963784437,0.6065418470656582,0.6783794901885108,0.6783794901885108,Yes
-0.5201337963784437,-0.5201337963784437,-0.5201337963784437,0.6783794901885108,0.6783794901885108,0.6783794901885108,Yes
-0.5201337963784437,-0.5201337963784437,-0.6695392683794691,0.6783794901885108,0.6783794901885108,0.7502171333113634,Yes
-0.5201337963784437,-0.6695392683794691,-0.6695392683794691,0.6783794901885108,0.7502171333113634,0.7502171333113634,Yes
-0.6695392683794691,-0.6695392683794691,-0.6695392683794691,0.7502171333113634,0.7502171333113634,0.8220547764342161,Yes
-0.6695392683794691,-0.6695392683794691,-0.6695392683794691,0.7502171333113634,0.8220547764342161,0.8938924195570688,Yes
-0.6695392683794691,-0.6695392683794691,-0.6695392683794691,0.8220547764342161,0.8938924195570688,0.8938924195570688,Yes
-0.6695392683794691,-0.6695392683794691,-0.6695392683794691,0.8938924195570688,0.8938924195570688,0.8938924195570688,Yes
-0.5201337963784437,-0.6695392683794691,-0.6695392683794691,0.5347042039428055,0.46286656081995287,0.46286656081995287,Yes
-0.6695392683794691,-0.6695392683794691,-0.5201337963784437,0.46286656081995287,0.46286656081995287,0.46286656081995287,Yes
-0.6695392683794691,-0.5201337963784437,-0.5201337963784437,0.46286656081995287,0.46286656081995287,0.5347042039428055,Yes
-0.5201337963784437,-0.5201337963784437,-0.5201337963784437,0.46286656081995287,0.5347042039428055,0.5347042039428055,Yes
-0.5201337963784437,-0.5201337963784437,-0.5201337963784437,0.5347042039428055,0.5347042039428055,0.5347042039428055,Yes
-0.5201337963784437,-0.5201337963784437,-0.5201337963784437,0.5347042039428055,0.5347042039428055,0.6065418470656582,Yes
-0.5201337963784437,-0.5201337963784437,-0.5201337963784437,0.5347042039428055,0.6065418470656582,0.6065418470656582,Yes
-0.5201337963784437,-0.5201337963784437,-0.5201337963784437,0.6065418470656582,0.6065418470656582,0.5347042039428055,Yes
-0.5201337963784437,-0.5201337963784437,-0.5201337963784437,0.6065418470656582,0.5347042039428055,0.46286656081995287,Yes
-0.5201337963784437,-0.5201337963784437,-0.3707283243774183,0.5347042039428055,0.46286656081995287,0.3910289176971002,Yes
-0.5201337963784437,-0.3707283243774183,-0.3707283243774183,0.46286656081995287,0.3910289176971002,0.3910289176971002,Yes
-0.3707283243774183,-0.3707283243774183,-0.3707283243774183,0.3910289176971002,0.3910289176971002,0.3191912745742475,Yes
-0.3707283243774183,-0.3707283243774183,-0.22132285237639296,0.3910289176971002,0.3191912745742475,0.3191912745742475,Yes
-0.3707283243774183,-0.22132285237639296,-0.22132285237639296,0.3191912745742475,0.3191912745742475,0.3910289176971002,Yes
-0.22132285237639296,-0.22132285237639296,-0.22132285237639296,0.3191912745742475,0.3910289176971002,0.46286656081995287,Yes
-0.22132285237639296,-0.22132285237639296,-0.22132285237639296,0.3910289176971002,0.46286656081995287,0.5347042039428055,Yes
-0.22132285237639296,-0.22132285237639296,-0.07191738037536759,0.46286656081995287,0.5347042039428055,0.5347042039428055,Yes
-0.22132285237639296,-0.07191738037536759,-0.07191738037536759,0.5347042039428055,0.5347042039428055,0.5347042039428055,Yes
-0.07191738037536759,-0.07191738037536759,-0.07191738037536759,0.5347042039428055,0.5347042039428055,0.5347042039428055,Yes
-0.07191738037536759,-0.07191738037536759,-0.07191738037536759,0.5347042039428055,0.5347042039428055,0.5347042039428055,Yes
-0.07191738037536759,-0.07191738037536759,-0.07191738037536759,0.5347042039428055,0.5347042039428055,0.5347042039428055,Yes
-0.07191738037536759,-0.07191738037536759,-0.07191738037536759,0.5347042039428055,0.5347042039428055,0.5347042039428055,Yes
-0.07191738037536759,-0.07191738037536759,-0.07191738037536759,0.5347042039428055,0.5347042039428055,0.5347042039428055,Yes
-0.07191738037536759,-0.07191738037536759,-0.07191738037536759,0.5347042039428055,0.5347042039428055,0.5347042039428055,Yes
-0.07191738037536759,-0.07191738037536759,-0.22132285237639296,0.5347042039428055,0.5347042039428055,0.5347042039428055,Yes
-0.07191738037536759,-0.22132285237639296,-0.22132285237639296,0.5347042039428055,0.5347042039428055,0.5347042039428055,Yes
-0.22132285237639296,-0.22132285237639296,-0.3707283243774183,0.5347042039428055,0.5347042039428055,0.5347042039428055,Yes
-0.22132285237639296,-0.3707283243774183,-0.3707283243774183,0.5347042039428055,0.5347042039428055,0.5347042039428055,Yes
-0.3707283243774183,-0.3707283243774183,-0.3707283243774183,0.5347042039428055,0.5347042039428055,0.5347042039428055,Yes
-0.3707283243774183,-0.3707283243774183,-0.3707283243774183,0.5347042039428055,0.5347042039428055,0.5347042039428055,Yes
-0.3707283243774183,-0.3707283243774183,-0.3707283243774183,0.5347042039428055,0.5347042039428055,0.5347042039428055,Yes
-0.3707283243774183,-0.3707283243774183,-0.3707283243774183,0.5347042039428055,0.5347042039428055,0.6065418470656582,Yes
-0.3707283243774183,-0.3707283243774183,-0.3707283243774183,0.5347042039428055,0.6065418470656582,0.6065418470656582,Yes
-0.3707283243774183,-0.3707283243774183,-0.3707283243774183,0.6065418470656582,0.6065418470656582,0.6065418470656582,Yes
-0.3707283243774183,-0.3707283243774183,-0.3707283243774183,0.6065418470656582,0.6065418470656582,0.6065418470656582,Yes
-0.3707283243774183,-0.3707283243774183,-0.22132285237639296,0.6065418470656582,0.6065418470656582,0.6783794901885108,Yes
-0.3707283243774183,-0.22132285237639296,-0.22132285237639296,0.6065418470656582,0.6783794901885108,0.6783794901885108,Yes
-0.22132285237639296,-0.22132285237639296,-0.22132285237639296,0.6783794901885108,0.6783794901885108,0.6065418470656582,Yes
-0.22132285237639296,-0.22132285237639296,-0.07191738037536759,0.6783794901885108,0.6065418470656582,0.6065418470656582,Yes
-0.22132285237639296,-0.07191738037536759,-0.07191738037536759,0.6065418470656582,0.6065418470656582,0.5347042039428055,Yes
-0.07191738037536759,-0.07191738037536759,-0.22132285237639296,0.6065418470656582,0.5347042039428055,0.6065418470656582,Yes
-0.07191738037536759,-0.22132285237639296,-0.22132285237639296,0.5347042039428055,0.6065418470656582,0.6065418470656582,Yes
-0.22132285237639296,-0.22132285237639296,-0.3707283243774183,0.6065418470656582,0.6065418470656582,0.6065418470656582,Yes
-0.22132285237639296,-0.3707283243774183,-0.3707283243774183,0.6065418470656582,0.6065418470656582,0.5347042039428055,Yes
-0.3707283243774183,-0.3707283243774183,-0.5201337963784437,0.6065418470656582,0.5347042039428055,0.46286656081995287,Yes
-0.3707283243774183,-0.5201337963784437,-0.5201337963784437,0.5347042039428055,0.46286656081995287,0.46286656081995287,Yes
-0.5201337963784437,-0.5201337963784437,-0.5201337963784437,0.46286656081995287,0.46286656081995287,0.46286656081995287,Yes
-0.5201337963784437,-0.5201337963784437,-0.5201337963784437,0.46286656081995287,0.46286656081995287,0.46286656081995287,Yes
-0.6695392683794691,-0.6695392683794691,-0.6695392683794691,0.6783794901885108,0.6783794901885108,0.6065418470656582,Yes
-0.6695392683794691,-0.6695392683794691,-0.8189447403804944,0.6783794901885108,0.6065418470656582,0.5347042039428055,Yes
-0.6695392683794691,-0.8189447403804944,-0.9683502123815197,0.6065418470656582,0.5347042039428055,0.3910289176971002,Yes
-0.8189447403804944,-0.9683502123815197,-0.9683502123815197,0.5347042039428055,0.3910289176971002,0.24735363145139488,Yes
-0.9683502123815197,-0.9683502123815197,-1.1177556843825451,0.3910289176971002,0.24735363145139488,0.24735363145139488,Yes
-0.9683502123815197,-1.1177556843825451,-1.1177556843825451,0.24735363145139488,0.24735363145139488,0.24735363145139488,Yes
-1.1177556843825451,-1.1177556843825451,-1.2671611563835707,0.24735363145139488,0.24735363145139488,0.24735363145139488,Yes
-1.1177556843825451,-1.2671611563835707,-1.2671611563835707,0.24735363145139488,0.24735363145139488,0.10367834520568957,Yes
-1.2671611563835707,-1.2671611563835707,-1.2671611563835707,0.24735363145139488,0.10367834520568957,0.031840702082836916,Yes
-1.2671611563835707,-1.2671611563835707,-1.2671611563835707,0.10367834520568957,0.031840702082836916,-0.03999694104001574,Yes
-1.2671611563835707,-1.2671611563835707,-1.2671611563835707,0.031840702082836916,-0.03999694104001574,-0.1118345841628684,Yes
-1.2671611563835707,-1.2671611563835707,-1.1177556843825451,-0.03999694104001574,-0.1118345841628684,-0.18367222728572105,Yes
-1.2671611563835707,-1.1177556843825451,-1.1177556843825451,-0.1118345841628684,-0.18367222728572105,-0.2555098704085737,Yes
-1.1177556843825451,-1.1177556843825451,-0.9683502123815197,-0.18367222728572105,-0.2555098704085737,-0.2555098704085737,Yes
-1.1177556843825451,-0.9683502123815197,-0.9683502123815197,-0.2555098704085737,-0.2555098704085737,-0.18367222728572105,Yes
-0.9683502123815197,-0.9683502123815197,-0.9683502123815197,-0.2555098704085737,-0.18367222728572105,-0.18367222728572105,Yes
-0.9683502123815197,-0.9683502123815197,-0.9683502123815197,-0.18367222728572105,-0.18367222728572105,-0.1118345841628684,Yes
-0.9683502123815197,-0.9683502123815197,-1.1177556843825451,-0.18367222728572105,-0.1118345841628684,0.031840702082836916,Yes
-0.9683502123815197,-1.1177556843825451,-1.1177556843825451,-0.1118345841628684,0.031840702082836916,0.17551598832854223,Yes
-1.1177556843825451,-1.1177556843825451,-1.2671611563835707,0.031840702082836916,0.17551598832854223,0.10367834520568957,Yes
-1.1177556843825451,-1.2671611563835707,-1.2671611563835707,0.17551598832854223,0.10367834520568957,0.10367834520568957,Yes
-1.2671611563835707,-1.2671611563835707,-1.2671611563835707,0.10367834520568957,0.10367834520568957,0.10367834520568957,Yes
-1.2671611563835707,-1.2671611563835707,-1.2671611563835707,0.10367834520568957,0.10367834520568957,0.10367834520568957,Yes
-1.2671611563835707,-1.2671611563835707,-1.2671611563835707,0.10367834520568957,0.10367834520568957,0.10367834520568957,Yes
-0.8189447403804944,-0.8189447403804944,-0.8189447403804944,0.46286656081995287,0.5347042039428055,0.5347042039428055,Yes
-0.8189447403804944,-0.8189447403804944,-0.8189447403804944,0.5347042039428055,0.5347042039428055,0.5347042039428055,Yes
-0.8189447403804944,-0.8189447403804944,-0.8189447403804944,0.5347042039428055,0.5347042039428055,0.5347042039428055,Yes
-0.8189447403804944,-0.8189447403804944,-0.8189447403804944,0.5347042039428055,0.5347042039428055,0.5347042039428055,Yes
-0.8189447403804944,-0.8189447403804944,-0.8189447403804944,0.5347042039428055,0.5347042039428055,0.46286656081995287,Yes
-0.8189447403804944,-0.8189447403804944,-0.9683502123815197,0.5347042039428055,0.46286656081995287,0.46286656081995287,Yes
-0.8189447403804944,-0.9683502123815197,-0.9683502123815197,0.46286656081995287,0.46286656081995287,0.46286656081995287,Yes
-0.9683502123815197,-0.9683502123815197,-0.9683502123815197,0.46286656081995287,0.46286656081995287,0.46286656081995287,Yes
-0.9683502123815197,-0.9683502123815197,-0.8189447403804944,0.46286656081995287,0.46286656081995287,0.3910289176971002,Yes
-0.9683502123815197,-0.8189447403804944,-0.8189447403804944,0.46286656081995287,0.3910289176971002,0.3910289176971002,Yes
-0.8189447403804944,-0.8189447403804944,-0.6695392683794691,0.3910289176971002,0.3910289176971002,0.46286656081995287,Yes
-0.8189447403804944,-0.6695392683794691,-0.6695392683794691,0.3910289176971002,0.46286656081995287,0.5347042039428055,Yes
-0.6695392683794691,-0.6695392683794691,-0.5201337963784437,0.46286656081995287,0.5347042039428055,0.6065418470656582,Yes
-0.6695392683794691,-0.5201337963784437,-0.5201337963784437,0.5347042039428055,0.6065418470656582,0.6783794901885108,Yes
-0.5201337963784437,-0.5201337963784437,-0.6695392683794691,0.6065418470656582,0.6783794901885108,0.7502171333113634,Yes
-0.5201337963784437,-0.6695392683794691,-0.6695392683794691,0.6783794901885108,0.7502171333113634,0.8938924195570688,Yes
-0.6695392683794691,-0.6695392683794691,-0.6695392683794691,0.7502171333113634,0.8938924195570688,0.8938924195570688,Yes
-0.6695392683794691,-0.6695392683794691,-0.6695392683794691,0.8938924195570688,0.8938924195570688,0.8220547764342161,Yes
-0.6695392683794691,-0.6695392683794691,-0.8189447403804944,0.8938924195570688,0.8220547764342161,0.8220547764342161,Yes
-0.6695392683794691,-0.8189447403804944,-0.8189447403804944,0.8220547764342161,0.8220547764342161,0.8220547764342161,Yes
-0.8189447403804944,-0.8189447403804944,-0.8189447403804944,0.8220547764342161,0.8220547764342161,0.8220547764342161,Yes
-0.8189447403804944,-0.8189447403804944,-0.8189447403804944,0.8220547764342161,0.8220547764342161,0.8220547764342161,Yes
-0.8189447403804944,-0.8189447403804944,-0.8189447403804944,0.8220547764342161,0.8220547764342161,0.8220547764342161,Yes
-0.8189447403804944,-0.8189447403804944,-0.8189447403804944,0.8220547764342161,0.8220547764342161,0.8220547764342161,Yes
-0.3707283243774183,-0.3707283243774183,-0.3707283243774183,0.8220547764342161,0.8220547764342161,0.8220547764342161,Yes
-0.3707283243774183,-0.3707283243774183,-0.3707283243774183,0.8220547764342161,0.8220547764342161,0.8220547764342161,Yes
-0.3707283243774183,-0.3707283243774183,-0.5201337963784437,0.8220547764342161,0.8220547764342161,0.8220547764342161,Yes
-0.3707283243774183,-0.5201337963784437,-0.5201337963784437,0.8220547764342161,0.8220547764342161,0.8220547764342161,Yes
-0.5201337963784437,-0.5201337963784437,-0.3707283243774183,0.8220547764342161,0.8220547764342161,0.6783794901885108,Yes
-0.5201337963784437,-0.3707283243774183,-0.3707283243774183,0.8220547764342161,0.6783794901885108,0.46286656081995287,Yes
-0.3707283243774183,-0.3707283243774183,-0.3707283243774183,0.6783794901885108,0.46286656081995287,0.3191912745742475,Yes
-0.3707283243774183,-0.3707283243774183,-0.3707283243774183,0.46286656081995287,0.3191912745742475,0.17551598832854223,Yes
-0.3707283243774183,-0.3707283243774183,-0.3707283243774183,0.3191912745742475,0.17551598832854223,0.031840702082836916,Yes
-0.3707283243774183,-0.3707283243774183,-0.3707283243774183,0.17551598832854223,0.031840702082836916,-0.1118345841628684,Yes
-0.3707283243774183,-0.3707283243774183,-0.5201337963784437,0.031840702082836916,-0.1118345841628684,-0.4710227997771317,Yes
-0.3707283243774183,-0.5201337963784437,-0.3707283243774183,-0.1118345841628684,-0.4710227997771317,-0.7583733722685423,Yes
-0.5201337963784437,-0.3707283243774183,-0.3707283243774183,-0.4710227997771317,-0.7583733722685423,-1.045723944759953,Yes
-0.3707283243774183,-0.3707283243774183,-0.3707283243774183,-0.7583733722685423,-1.045723944759953,-1.1893992310056583,Yes
-0.3707283243774183,-0.3707283243774183,-0.22132285237639296,-1.045723944759953,-1.1893992310056583,-1.3330745172513636,Yes
-0.3707283243774183,-0.22132285237639296,-0.22132285237639296,-1.1893992310056583,-1.3330745172513636,-1.4767498034970687,Yes
-0.22132285237639296,-0.22132285237639296,-0.22132285237639296,-1.3330745172513636,-1.4767498034970687,-1.1175615878828056,Yes
-0.22132285237639296,-0.22132285237639296,-0.3707283243774183,-1.4767498034970687,-1.1175615878828056,-0.7583733722685423,Yes
-0.22132285237639296,-0.3707283243774183,-0.5201337963784437,-1.1175615878828056,-0.7583733722685423,-0.4710227997771317,Yes
-0.3707283243774183,-0.5201337963784437,-0.5201337963784437,-0.7583733722685423,-0.4710227997771317,-0.3273475135314264,Yes
-0.5201337963784437,-0.5201337963784437,-0.6695392683794691,-0.4710227997771317,-0.3273475135314264,-0.2555098704085737,Yes
-0.5201337963784437,-0.6695392683794691,-0.6695392683794691,-0.3273475135314264,-0.2555098704085737,-0.1118345841628684,Yes
-0.6695392683794691,-0.6695392683794691,-0.8189447403804944,-0.2555098704085737,-0.1118345841628684,-0.2555098704085737,Yes
-0.6695392683794691,-0.8189447403804944,-0.8189447403804944,-0.1118345841628684,-0.2555098704085737,-0.399185156654279,Yes
0.07748809162565778,0.07748809162565778,0.07748809162565778,0.8220547764342161,0.8220547764342161,0.8220547764342161,Yes
0.07748809162565778,0.07748809162565778,0.07748809162565778,0.8220547764342161,0.8220547764342161,0.8220547764342161,Yes
0.07748809162565778,0.07748809162565778,0.07748809162565778,0.8220547764342161,0.8220547764342161,0.8938924195570688,Yes
0.07748809162565778,0.07748809162565778,0.07748809162565778,0.8220547764342161,0.8938924195570688,0.8938924195570688,Yes
0.07748809162565778,0.07748809162565778,0.07748809162565778,0.8938924195570688,0.8938924195570688,0.8938924195570688,Yes
0.07748809162565778,0.07748809162565778,0.07748809162565778,0.8938924195570688,0.8938924195570688,0.8938924195570688,Yes
0.07748809162565778,0.07748809162565778,0.07748809162565778,0.8938924195570688,0.8938924195570688,0.8938924195570688,Yes
0.07748809162565778,0.07748809162565778,0.07748809162565778,0.8938924195570688,0.8938924195570688,0.8220547764342161,Yes
0.07748809162565778,0.07748809162565778,0.07748809162565778,0.8938924195570688,0.8220547764342161,0.6783794901885108,Yes
0.07748809162565778,0.07748809162565778,0.22689356362668314,0.8220547764342161,0.6783794901885108,0.6065418470656582,Yes
0.07748809162565778,0.22689356362668314,0.22689356362668314,0.6783794901885108,0.6065418470656582,0.6065418470656582,Yes
0.22689356362668314,0.22689356362668314,0.3762990356277085,0.6065418470656582,0.6065418470656582,0.6065418470656582,Yes
0.22689356362668314,0.3762990356277085,0.22689356362668314,0.6065418470656582,0.6065418470656582,0.5347042039428055,Yes
0.3762990356277085,0.22689356362668314,0.22689356362668314,0.6065418470656582,0.5347042039428055,0.6065418470656582,Yes
0.22689356362668314,0.22689356362668314,0.22689356362668314,0.5347042039428055,0.6065418470656582,0.6065418470656582,Yes
0.22689356362668314,0.22689356362668314,0.07748809162565778,0.6065418470656582,0.6065418470656582,0.6065418470656582,Yes
0.22689356362668314,0.07748809162565778,-0.07191738037536759,0.6065418470656582,0.6065418470656582,0.6065418470656582,Yes
0.07748809162565778,-0.07191738037536759,-0.22132285237639296,0.6065418470656582,0.6065418470656582,0.5347042039428055,Yes
-0.07191738037536759,-0.22132285237639296,-0.3707283243774183,0.6065418470656582,0.5347042039428055,0.5347042039428055,Yes
-0.22132285237639296,-0.3707283243774183,-0.3707283243774183,0.5347042039428055,0.5347042039428055,0.5347042039428055,Yes
-0.3707283243774183,-0.3707283243774183,-0.3707283243774183,0.5347042039428055,0.5347042039428055,0.46286656081995287,Yes
-0.3707283243774183,-0.3707283243774183,-0.3707283243774183,0.5347042039428055,0.46286656081995287,0.46286656081995287,Yes
-0.3707283243774183,-0.3707283243774183,-0.3707283243774183,0.46286656081995287,0.46286656081995287,0.46286656081995287,Yes
-0.3707283243774183,-0.3707283243774183,-0.5201337963784437,0.46286656081995287,0.46286656081995287,0.46286656081995287,Yes
-0.6695392683794691,-0.6695392683794691,-0.6695392683794691,0.5347042039428055,0.46286656081995287,0.3910289176971002,Yes
-0.6695392683794691,-0.6695392683794691,-0.6695392683794691,0.46286656081995287,0.3910289176971002,0.46286656081995287,Yes
-0.6695392683794691,-0.6695392683794691,-0.5201337963784437,0.3910289176971002,0.46286656081995287,0.46286656081995287,Yes
-0.6695392683794691,-0.5201337963784437,-0.5201337963784437,0.46286656081995287,0.46286656081995287,0.5347042039428055,Yes
-0.5201337963784437,-0.5201337963784437,-0.5201337963784437,0.46286656081995287,0.5347042039428055,0.6065418470656582,Yes
-0.5201337963784437,-0.5201337963784437,-0.5201337963784437,0.5347042039428055,0.6065418470656582,0.6783794901885108,Yes
-0.5201337963784437,-0.5201337963784437,-0.5201337963784437,0.6065418470656582,0.6783794901885108,0.7502171333113634,Yes
-0.5201337963784437,-0.5201337963784437,-0.3707283243774183,0.6783794901885108,0.7502171333113634,0.6065418470656582,Yes
-0.5201337963784437,-0.3707283243774183,-0.3707283243774183,0.7502171333113634,0.6065418470656582,0.46286656081995287,Yes
-0.3707283243774183,-0.3707283243774183,-0.3707283243774183,0.6065418470656582,0.46286656081995287,0.3191912745742475,Yes
-0.3707283243774183,-0.3707283243774183,-0.22132285237639296,0.46286656081995287,0.3191912745742475,0.3191912745742475,Yes
-0.3707283243774183,-0.22132285237639296,-0.07191738037536759,0.3191912745742475,0.3191912745742475,0.3191912745742475,Yes
-0.22132285237639296,-0.07191738037536759,-0.07191738037536759,0.3191912745742475,0.3191912745742475,0.3191912745742475,Yes
-0.07191738037536759,-0.07191738037536759,-0.07191738037536759,0.3191912745742475,0.3191912745742475,0.3910289176971002,Yes
-0.07191738037536759,-0.07191738037536759,-0.07191738037536759,0.3191912745742475,0.3910289176971002,0.46286656081995287,Yes
-0.07191738037536759,-0.07191738037536759,-0.22132285237639296,0.3910289176971002,0.46286656081995287,0.6065418470656582,Yes
-0.07191738037536759,-0.22132285237639296,-0.3707283243774183,0.46286656081995287,0.6065418470656582,0.6065418470656582,Yes
-0.22132285237639296,-0.3707283243774183,-0.3707283243774183,0.6065418470656582,0.6065418470656582,0.6783794901885108,Yes
-0.3707283243774183,-0.3707283243774183,-0.3707283243774183,0.6065418470656582,0.6783794901885108,0.6783794901885108,Yes
-0.3707283243774183,-0.3707283243774183,-0.3707283243774183,0.6783794901885108,0.6783794901885108,0.6783794901885108,Yes
-0.3707283243774183,-0.3707283243774183,-0.3707283243774183,0.6783794901885108,0.6783794901885108,0.6783794901885108,Yes
-0.3707283243774183,-0.3707283243774183,-0.3707283243774183,0.6783794901885108,0.6783794901885108,0.6783794901885108,Yes
-0.3707283243774183,-0.3707283243774183,-0.3707283243774183,0.6783794901885108,0.6783794901885108,0.7502171333113634,Yes
-0.3707283243774183,-0.3707283243774183,-0.5201337963784437,0.6783794901885108,0.7502171333113634,0.7502171333113634,Yes
0.07748809162565778,-0.07191738037536759,-0.22132285237639296,0.6783794901885108,0.7502171333113634,0.8220547764342161,Yes
-0.07191738037536759,-0.22132285237639296,-0.22132285237639296,0.7502171333113634,0.8220547764342161,0.8220547764342161,Yes
-0.22132285237639296,-0.22132285237639296,-0.3707283243774183,0.8220547764342161,0.8220547764342161,0.8220547764342161,Yes
-0.22132285237639296,-0.3707283243774183,-0.3707283243774183,0.8220547764342161,0.8220547764342161,0.7502171333113634,Yes
-0.3707283243774183,-0.3707283243774183,-0.22132285237639296,0.8220547764342161,0.7502171333113634,0.3910289176971002,Yes
-0.3707283243774183,-0.22132285237639296,-0.22132285237639296,0.7502171333113634,0.3910289176971002,-0.03999694104001574,Yes
-0.22132285237639296,-0.22132285237639296,-0.07191738037536759,0.3910289176971002,-0.03999694104001574,-0.4710227997771317,Yes
-0.22132285237639296,-0.07191738037536759,0.22689356362668314,-0.03999694104001574,-0.4710227997771317,-1.045723944759953,Yes
-0.07191738037536759,0.22689356362668314,0.3762990356277085,-0.4710227997771317,-1.045723944759953,-1.620425089742774,Yes
0.22689356362668314,0.3762990356277085,0.5257045076287339,-1.045723944759953,-1.620425089742774,-2.266963877848448,Yes
0.3762990356277085,0.5257045076287339,0.6751099796297593,-1.620425089742774,-2.266963877848448,-1.9796133053570375,Yes
0.5257045076287339,0.6751099796297593,0.6751099796297593,-2.266963877848448,-1.9796133053570375,-1.6922627328656268,Yes
0.6751099796297593,0.6751099796297593,0.5257045076287339,-1.9796133053570375,-1.6922627328656268,-1.404912160374216,Yes
0.6751099796297593,0.5257045076287339,0.5257045076287339,-1.6922627328656268,-1.404912160374216,-0.830211015391395,Yes
0.5257045076287339,0.5257045076287339,0.3762990356277085,-1.404912160374216,-0.830211015391395,-0.2555098704085737,Yes
0.5257045076287339,0.3762990356277085,0.07748809162565778,-0.830211015391395,-0.2555098704085737,0.3910289176971002,Yes
0.3762990356277085,0.07748809162565778,-0.07191738037536759,-0.2555098704085737,0.3910289176971002,0.46286656081995287,Yes
0.07748809162565778,-0.07191738037536759,-0.07191738037536759,0.3910289176971002,0.46286656081995287,0.6065418470656582,Yes
-0.07191738037536759,-0.07191738037536759,-0.22132285237639296,0.46286656081995287,0.6065418470656582,0.6783794901885108,Yes
-0.07191738037536759,-0.22132285237639296,-0.22132285237639296,0.6065418470656582,0.6783794901885108,0.6783794901885108,Yes
-0.22132285237639296,-0.22132285237639296,-0.3707283243774183,0.6783794901885108,0.6783794901885108,0.7502171333113634,Yes
-0.22132285237639296,-0.3707283243774183,-0.3707283243774183,0.6783794901885108,0.7502171333113634,0.7502171333113634,Yes
-0.3707283243774183,-0.3707283243774183,-0.3707283243774183,0.7502171333113634,0.7502171333113634,0.7502171333113634,Yes
-0.3707283243774183,-0.3707283243774183,-0.3707283243774183,0.7502171333113634,0.7502171333113634,0.7502171333113634,Yes
0.3762990356277085,0.22689356362668314,0.22689356362668314,0.6783794901885108,0.7502171333113634,0.7502171333113634,Yes
0.22689356362668314,0.22689356362668314,0.22689356362668314,0.7502171333113634,0.7502171333113634,0.7502171333113634,Yes
0.22689356362668314,0.22689356362668314,0.22689356362668314,0.7502171333113634,0.7502171333113634,0.7502171333113634,Yes
0.22689356362668314,0.22689356362668314,0.22689356362668314,0.7502171333113634,0.7502171333113634,0.7502171333113634,Yes
0.22689356362668314,0.22689356362668314,0.22689356362668314,0.7502171333113634,0.7502171333113634,0.7502171333113634,Yes
0.22689356362668314,0.22689356362668314,0.07748809162565778,0.7502171333113634,0.7502171333113634,0.7502171333113634,Yes
0.22689356362668314,0.07748809162565778,0.07748809162565778,0.7502171333113634,0.7502171333113634,0.7502171333113634,Yes
0.07748809162565778,0.07748809162565778,0.22689356362668314,0.7502171333113634,0.7502171333113634,0.6065418470656582,Yes
0.07748809162565778,0.22689356362668314,0.22689356362668314,0.7502171333113634,0.6065418470656582,0.5347042039428055,Yes
0.22689356362668314,0.22689356362668314,0.3762990356277085,0.6065418470656582,0.5347042039428055,0.3910289176971002,Yes
0.22689356362668314,0.3762990356277085,0.3762990356277085,0.5347042039428055,0.3910289176971002,0.24735363145139488,Yes
0.3762990356277085,0.3762990356277085,0.5257045076287339,0.3910289176971002,0.24735363145139488,0.10367834520568957,Yes
0.3762990356277085,0.5257045076287339,0.5257045076287339,0.24735363145139488,0.10367834520568957,-0.03999694104001574,Yes
0.5257045076287339,0.5257045076287339,0.3762990356277085,0.10367834520568957,-0.03999694104001574,0.17551598832854223,Yes
0.5257045076287339,0.3762990356277085,0.3762990356277085,-0.03999694104001574,0.17551598832854223,0.46286656081995287,Yes
0.3762990356277085,0.3762990356277085,0.3762990356277085,0.17551598832854223,0.46286656081995287,0.6783794901885108,Yes
0.3762990356277085,0.3762990356277085,0.22689356362668314,0.46286656081995287,0.6783794901885108,0.6783794901885108,Yes
0.3762990356277085,0.22689356362668314,0.22689356362668314,0.6783794901885108,0.6783794901885108,0.6783794901885108,Yes
0.22689356362668314,0.22689356362668314,0.07748809162565778,0.6783794901885108,0.6783794901885108,0.6065418470656582,Yes
0.22689356362668314,0.07748809162565778,-0.07191738037536759,0.6783794901885108,0.6065418470656582,0.6065418470656582,Yes
0.07748809162565778,-0.07191738037536759,-0.07191738037536759,0.6065418470656582,0.6065418470656582,0.5347042039428055,Yes
-0.07191738037536759,-0.07191738037536759,-0.22132285237639296,0.6065418470656582,0.5347042039428055,0.5347042039428055,Yes
-0.07191738037536759,-0.22132285237639296,-0.22132285237639296,0.5347042039428055,0.5347042039428055,0.5347042039428055,Yes
-0.22132285237639296,-0.22132285237639296,-0.3707283243774183,0.5347042039428055,0.5347042039428055,0.5347042039428055,Yes
-0.22132285237639296,-0.3707283243774183,-0.5201337963784437,0.5347042039428055,0.5347042039428055,0.5347042039428055,Yes
-0.3707283243774183,-0.5201337963784437,-0.5201337963784437,0.5347042039428055,0.5347042039428055,0.46286656081995287,Yes
-0.5201337963784437,-0.5201337963784437,-0.5201337963784437,0.5347042039428055,0.46286656081995287,0.3910289176971002,Yes
-0.5201337963784437,-0.5201337963784437,-0.5201337963784437,0.46286656081995287,0.3910289176971002,0.3910289176971002,Yes
-0.5201337963784437,-0.5201337963784437,-0.5201337963784437,0.3910289176971002,0.3910289176971002,0.3191912745742475,Yes
-0.5201337963784437,-0.5201337963784437,-0.6695392683794691,0.3910289176971002,0.3191912745742475,0.3191912745742475,Yes
-0.5201337963784437,-0.6695392683794691,-0.6695392683794691,0.3191912745742475,0.3191912745742475,0.24735363145139488,Yes
-0.6695392683794691,-0.6695392683794691,-0.5201337963784437,0.3191912745742475,0.24735363145139488,0.10367834520568957,Yes
-0.6695392683794691,-0.5201337963784437,-0.5201337963784437,0.24735363145139488,0.10367834520568957,-0.03999694104001574,Yes
-0.5201337963784437,-0.5201337963784437,-0.3707283243774183,0.10367834520568957,-0.03999694104001574,-0.18367222728572105,Yes
-0.5201337963784437,-0.3707283243774183,-0.22132285237639296,-0.03999694104001574,-0.18367222728572105,-0.18367222728572105,Yes
-0.3707283243774183,-0.22132285237639296,-0.07191738037536759,-0.18367222728572105,-0.18367222728572105,-0.2555098704085737,Yes
-0.22132285237639296,-0.07191738037536759,-0.07191738037536759,-0.18367222728572105,-0.2555098704085737,-0.3273475135314264,Yes
-0.07191738037536759,-0.07191738037536759,-0.07191738037536759,-0.2555098704085737,-0.3273475135314264,-0.2555098704085737,Yes
-0.07191738037536759,-0.07191738037536759,-0.22132285237639296,-0.3273475135314264,-0.2555098704085737,-0.1118345841628684,Yes
-0.07191738037536759,-0.22132285237639296,-0.22132285237639296,-0.2555098704085737,-0.1118345841628684,-0.03999694104001574,Yes
-0.22132285237639296,-0.22132285237639296,-0.22132285237639296,-0.1118345841628684,-0.03999694104001574,0.031840702082836916,Yes
-0.22132285237639296,-0.22132285237639296,-0.22132285237639296,-0.03999694104001574,0.031840702082836916,0.10367834520568957,Yes
-0.22132285237639296,-0.22132285237639296,-0.22132285237639296,0.031840702082836916,0.10367834520568957,0.10367834520568957,Yes
-0.22132285237639296,-0.22132285237639296,-0.22132285237639296,0.10367834520568957,0.10367834520568957,0.10367834520568957,Yes
-0.22132285237639296,-0.22132285237639296,-0.22132285237639296,0.10367834520568957,0.10367834520568957,0.10367834520568957,Yes
-0.22132285237639296,-0.22132285237639296,-0.3707283243774183,0.10367834520568957,0.10367834520568957,0.17551598832854223,Yes
-0.22132285237639296,-0.3707283243774183,-0.3707283243774183,0.10367834520568957,0.17551598832854223,0.17551598832854223,Yes
-0.3707283243774183,-0.3707283243774183,-0.3707283243774183,0.17551598832854223,0.17551598832854223,0.17551598832854223,Yes
-0.3707283243774183,-0.3707283243774183,-0.22132285237639296,-0.4710227997771317,-0.4710227997771317,-0.4710227997771317,Yes
-0.3707283243774183,-0.22132285237639296,-0.22132285237639296,-0.4710227997771317,-0.4710227997771317,-0.4710227997771317,Yes
-0.22132285237639296,-0.22132285237639296,-0.22132285237639296,-0.4710227997771317,-0.4710227997771317,-0.4710227997771317,Yes
-0.22132285237639296,-0.22132285237639296,-0.22132285237639296,-0.4710227997771317,-0.4710227997771317,-0.4710227997771317,Yes
-0.22132285237639296,-0.22132285237639296,-0.22132285237639296,-0.4710227997771317,-0.4710227997771317,-0.4710227997771317,Yes
-0.22132285237639296,-0.22132285237639296,-0.07191738037536759,-0.4710227997771317,-0.4710227997771317,-0.399185156654279,Yes
-0.22132285237639296,-0.07191738037536759,-0.07191738037536759,-0.4710227997771317,-0.399185156654279,-0.399185156654279,Yes
-0.07191738037536759,-0.07191738037536759,-0.07191738037536759,-0.399185156654279,-0.399185156654279,-0.6146980860228369,Yes
-0.07191738037536759,-0.07191738037536759,-0.07191738037536759,-0.399185156654279,-0.6146980860228369,-0.9020486585142475,Yes
-0.07191738037536759,-0.07191738037536759,0.07748809162565778,-0.6146980860228369,-0.9020486585142475,-1.1175615878828056,Yes
-0.07191738037536759,0.07748809162565778,0.07748809162565778,-0.9020486585142475,-1.1175615878828056,-1.1893992310056583,Yes
0.07748809162565778,0.07748809162565778,0.22689356362668314,-1.1175615878828056,-1.1893992310056583,-1.1893992310056583,Yes
0.07748809162565778,0.22689356362668314,0.22689356362668314,-1.1893992310056583,-1.1893992310056583,-1.1893992310056583,Yes
0.22689356362668314,0.22689356362668314,0.22689356362668314,-1.1893992310056583,-1.1893992310056583,-0.830211015391395,Yes
0.22689356362668314,0.22689356362668314,0.07748809162565778,-1.1893992310056583,-0.830211015391395,-0.399185156654279,Yes
0.22689356362668314,0.07748809162565778,0.07748809162565778,-0.830211015391395,-0.399185156654279,-0.03999694104001574,Yes
0.07748809162565778,0.07748809162565778,-0.07191738037536759,-0.399185156654279,-0.03999694104001574,0.17551598832854223,Yes
0.07748809162565778,-0.07191738037536759,-0.22132285237639296,-0.03999694104001574,0.17551598832854223,0.3191912745742475,Yes
-0.07191738037536759,-0.22132285237639296,-0.07191738037536759,0.17551598832854223,0.3191912745742475,0.5347042039428055,Yes
-0.22132285237639296,-0.07191738037536759,-0.07191738037536759,0.3191912745742475,0.5347042039428055,0.5347042039428055,Yes
-0.07191738037536759,-0.07191738037536759,-0.22132285237639296,0.5347042039428055,0.5347042039428055,0.5347042039428055,Yes
-0.07191738037536759,-0.22132285237639296,-0.3707283243774183,0.5347042039428055,0.5347042039428055,0.5347042039428055,Yes
-0.22132285237639296,-0.3707283243774183,-0.3707283243774183,0.5347042039428055,0.5347042039428055,0.46286656081995287,Yes
-0.3707283243774183,-0.3707283243774183,-0.5201337963784437,0.5347042039428055,0.46286656081995287,0.3910289176971002,Yes
-0.3707283243774183,-0.5201337963784437,-0.6695392683794691,0.46286656081995287,0.3910289176971002,0.3191912745742475,Yes
-0.5201337963784437,-0.6695392683794691,-0.6695392683794691,0.3910289176971002,0.3191912745742475,0.17551598832854223,Yes
-0.6695392683794691,-0.6695392683794691,-0.8189447403804944,0.3191912745742475,0.17551598832854223,0.031840702082836916,Yes
-0.6695392683794691,-0.8189447403804944,-0.9683502123815197,0.17551598832854223,0.031840702082836916,-0.03999694104001574,Yes
-0.8189447403804944,-0.9683502123815197,-0.9683502123815197,0.031840702082836916,-0.03999694104001574,-0.03999694104001574,Yes
-0.9683502123815197,-0.9683502123815197,-0.9683502123815197,-0.03999694104001574,-0.03999694104001574,-0.1118345841628684,Yes
-0.9683502123815197,-0.9683502123815197,-1.1177556843825451,-0.03999694104001574,-0.1118345841628684,-0.1118345841628684,Yes
-0.9683502123815197,-1.1177556843825451,-0.9683502123815197,-0.1118345841628684,-0.1118345841628684,-0.18367222728572105,Yes
-1.1177556843825451,-0.9683502123815197,-0.9683502123815197,-0.1118345841628684,-0.18367222728572105,-0.3273475135314264,Yes
-0.9683502123815197,-0.9683502123815197,-0.9683502123815197,-0.18367222728572105,-0.3273475135314264,-0.4710227997771317,Yes
-0.9683502123815197,-0.9683502123815197,-0.8189447403804944,-0.3273475135314264,-0.4710227997771317,-0.6146980860228369,Yes
-0.9683502123815197,-0.8189447403804944,-0.8189447403804944,-0.4710227997771317,-0.6146980860228369,-0.7583733722685423,Yes
-0.8189447403804944,-0.8189447403804944,-0.8189447403804944,-0.6146980860228369,-0.7583733722685423,-0.830211015391395,Yes
-0.8189447403804944,-0.8189447403804944,-0.6695392683794691,-0.7583733722685423,-0.830211015391395,-0.7583733722685423,Yes
-0.8189447403804944,-0.6695392683794691,-0.6695392683794691,-0.830211015391395,-0.7583733722685423,-0.6865357291456896,Yes
-0.6695392683794691,-0.6695392683794691,-0.8189447403804944,-0.7583733722685423,-0.6865357291456896,-0.5428604428999844,Yes
-0.6695392683794691,-0.8189447403804944,-0.8189447403804944,-0.6865357291456896,-0.5428604428999844,-0.4710227997771317,Yes
-0.8189447403804944,-0.8189447403804944,-0.8189447403804944,-0.5428604428999844,-0.4710227997771317,-0.399185156654279,Yes
-0.8189447403804944,-0.8189447403804944,-0.9683502123815197,-0.4710227997771317,-0.399185156654279,-0.3273475135314264,Yes
-0.8189447403804944,-0.9683502123815197,-0.9683502123815197,-0.399185156654279,-0.3273475135314264,-0.3273475135314264,Yes
-0.9683502123815197,-0.9683502123815197,-0.9683502123815197,-0.3273475135314264,-0.3273475135314264,-0.2555098704085737,Yes
-0.9683502123815197,-0.9683502123815197,-1.1177556843825451,-0.3273475135314264,-0.2555098704085737,-0.18367222728572105,Yes
-0.9683502123815197,-1.1177556843825451,-1.1177556843825451,-0.2555098704085737,-0.18367222728572105,-0.2555098704085737,Yes
-1.1177556843825451,-1.1177556843825451,-1.1177556843825451,-0.18367222728572105,-0.2555098704085737,-0.2555098704085737,Yes
-1.1177556843825451,-1.1177556843825451,-1.1177556843825451,0.24735363145139488,0.3191912745742475,0.3191912745742475,Yes
-1.1177556843825451,-1.1177556843825451,-1.1177556843825451,0.3191912745742475,0.3191912745742475,0.3910289176971002,Yes
-1.1177556843825451,-1.1177556843825451,-1.1177556843825451,0.3191912745742475,0.3910289176971002,0.3910289176971002,Yes
-1.1177556843825451,-1.1177556843825451,-0.9683502123815197,0.3910289176971002,0.3910289176971002,0.46286656081995287,Yes
-1.1177556843825451,-0.9683502123815197,-0.9683502123815197,0.3910289176971002,0.46286656081995287,0.46286656081995287,Yes
-0.9683502123815197,-0.9683502123815197,-0.8189447403804944,0.46286656081995287,0.46286656081995287,0.46286656081995287,Yes
-0.9683502123815197,-0.8189447403804944,-0.8189447403804944,0.46286656081995287,0.46286656081995287,0.46286656081995287,Yes
-0.8189447403804944,-0.8189447403804944,-0.8189447403804944,0.46286656081995287,0.46286656081995287,0.46286656081995287,Yes
-0.8189447403804944,-0.8189447403804944,-0.6695392683794691,0.46286656081995287,0.46286656081995287,0.3910289176971002,Yes
-0.8189447403804944,-0.6695392683794691,-0.6695392683794691,0.46286656081995287,0.3910289176971002,0.3910289176971002,Yes
-0.6695392683794691,-0.6695392683794691,-0.5201337963784437,0.3910289176971002,0.3910289176971002,0.3191912745742475,Yes
-0.6695392683794691,-0.5201337963784437,-0.3707283243774183,0.3910289176971002,0.3191912745742475,0.3191912745742475,Yes
-0.5201337963784437,-0.3707283243774183,-0.3707283243774183,0.3191912745742475,0.3191912745742475,0.3191912745742475,Yes
-0.3707283243774183,-0.3707283243774183,-0.3707283243774183,0.3191912745742475,0.3191912745742475,0.3910289176971002,Yes
-0.3707283243774183,-0.3707283243774183,-0.3707283243774183,0.3191912745742475,0.3910289176971002,0.5347042039428055,Yes
-0.3707283243774183,-0.3707283243774183,-0.22132285237639296,0.3910289176971002,0.5347042039428055,0.6065418470656582,Yes
-0.3707283243774183,-0.22132285237639296,-0.07191738037536759,0.5347042039428055,0.6065418470656582,0.6783794901885108,Yes
-0.22132285237639296,-0.07191738037536759,-0.07191738037536759,0.6065418470656582,0.6783794901885108,0.6783794901885108,Yes
-0.07191738037536759,-0.07191738037536759,-0.07191738037536759,0.6783794901885108,0.6783794901885108,0.6783794901885108,Yes
-0.07191738037536759,-0.07191738037536759,-0.07191738037536759,0.6783794901885108,0.6783794901885108,0.6783794901885108,Yes
-0.07191738037536759,-0.07191738037536759,-0.07191738037536759,0.6783794901885108,0.6783794901885108,0.6783794901885108,Yes
-0.07191738037536759,-0.07191738037536759,-0.07191738037536759,0.6783794901885108,0.6783794901885108,0.6783794901885108,Yes
-0.07191738037536759,-0.07191738037536759,-0.07191738037536759,0.6783794901885108,0.6783794901885108,0.6783794901885108,Yes
-0.07191738037536759,-0.07191738037536759,-0.07191738037536759,0.6783794901885108,0.6783794901885108,0.7502171333113634,Yes
-0.6695392683794691,-0.6695392683794691,-0.6695392683794691,0.6783794901885108,0.6065418470656582,0.6065418470656582,Yes
-0.6695392683794691,-0.6695392683794691,-0.6695392683794691,0.6065418470656582,0.6065418470656582,0.6065418470656582,Yes
-0.6695392683794691,-0.6695392683794691,-0.5201337963784437,0.6065418470656582,0.6065418470656582,0.6065418470656582,Yes
-0.6695392683794691,-0.5201337963784437,-0.5201337963784437,0.6065418470656582,0.6065418470656582,0.6783794901885108,Yes
-0.5201337963784437,-0.5201337963784437,-0.5201337963784437,0.6065418470656582,0.6783794901885108,0.6783794901885108,Yes
-0.5201337963784437,-0.5201337963784437,-0.5201337963784437,0.6783794901885108,0.6783794901885108,0.6783794901885108,Yes
-0.5201337963784437,-0.5201337963784437,-0.5201337963784437,0.6783794901885108,0.6783794901885108,0.6783794901885108,Yes
-0.5201337963784437,-0.5201337963784437,-0.6695392683794691,0.6783794901885108,0.6783794901885108,0.6065418470656582,Yes
-0.5201337963784437,-0.6695392683794691,-0.6695392683794691,0.6783794901885108,0.6065418470656582,0.5347042039428055,Yes
-0.6695392683794691,-0.6695392683794691,-0.5201337963784437,0.6065418470656582,0.5347042039428055,0.5347042039428055,Yes
-0.6695392683794691,-0.5201337963784437,-0.3707283243774183,0.5347042039428055,0.5347042039428055,0.46286656081995287,Yes
-0.5201337963784437,-0.3707283243774183,-0.3707283243774183,0.5347042039428055,0.46286656081995287,0.46286656081995287,Yes
-0.3707283243774183,-0.3707283243774183,-0.3707283243774183,0.46286656081995287,0.46286656081995287,0.3910289176971002,Yes
-0.3707283243774183,-0.3707283243774183,-0.3707283243774183,0.46286656081995287,0.3910289176971002,0.5347042039428055,Yes
-0.3707283243774183,-0.3707283243774183,-0.5201337963784437,0.3910289176971002,0.5347042039428055,0.6065418470656582,Yes
-0.3707283243774183,-0.5201337963784437,-0.5201337963784437,0.5347042039428055,0.6065418470656582,0.7502171333113634,Yes
-0.5201337963784437,-0.5201337963784437,-0.5201337963784437,0.6065418470656582,0.7502171333113634,0.7502171333113634,Yes
-0.5201337963784437,-0.5201337963784437,-0.5201337963784437,0.7502171333113634,0.7502171333113634,0.7502171333113634,Yes
-0.5201337963784437,-0.5201337963784437,-0.5201337963784437,0.7502171333113634,0.7502171333113634,0.7502171333113634,Yes
-0.5201337963784437,-0.5201337963784437,-0.5201337963784437,0.7502171333113634,0.7502171333113634,0.6783794901885108,Yes
-0.5201337963784437,-0.5201337963784437,-0.6695392683794691,0.7502171333113634,0.6783794901885108,0.6783794901885108,Yes
-0.5201337963784437,-0.6695392683794691,-0.6695392683794691,0.6783794901885108,0.6783794901885108,0.6783794901885108,Yes
-0.6695392683794691,-0.6695392683794691,-0.6695392683794691,0.6783794901885108,0.6783794901885108,0.6783794901885108,Yes
-0.6695392683794691,-0.6695392683794691,-0.6695392683794691,0.6783794901885108,0.6783794901885108,0.6783794901885108,Yes
-0.6695392683794691,-0.6695392683794691,-0.6695392683794691,0.6783794901885108,0.6783794901885108,0.6783794901885108,Yes
-0.6695392683794691,-0.6695392683794691,-0.6695392683794691,0.6783794901885108,0.6783794901885108,0.6783794901885108,Yes
-0.6695392683794691,-0.6695392683794691,-0.6695392683794691,0.6783794901885108,0.6783794901885108,0.6783794901885108,Yes
-0.6695392683794691,-0.6695392683794691,-0.8189447403804944,0.6783794901885108,0.6783794901885108,0.6783794901885108,Yes
-0.6695392683794691,-0.8189447403804944,-0.8189447403804944,0.6783794901885108,0.6783794901885108,0.6065418470656582,Yes
-0.8189447403804944,-0.8189447403804944,-0.8189447403804944,0.6783794901885108,0.6065418470656582,0.5347042039428055,Yes
-0.8189447403804944,-0.8189447403804944,-0.9683502123815197,0.6065418470656582,0.5347042039428055,0.46286656081995287,Yes
-0.8189447403804944,-0.9683502123815197,-1.1177556843825451,0.5347042039428055,0.46286656081995287,0.3191912745742475,Yes
-0.9683502123815197,-1.1177556843825451,-1.1177556843825451,0.46286656081995287,0.3191912745742475,0.17551598832854223,Yes
-1.1177556843825451,-1.1177556843825451,-1.1177556843825451,0.3191912745742475,0.17551598832854223,0.031840702082836916,Yes
-1.1177556843825451,-1.1177556843825451,-0.9683502123815197,0.17551598832854223,0.031840702082836916,-0.1118345841628684,Yes
-1.1177556843825451,-0.9683502123815197,-0.9683502123815197,0.031840702082836916,-0.1118345841628684,-0.2555098704085737,Yes
-0.9683502123815197,-0.9683502123815197,-0.8189447403804944,-0.1118345841628684,-0.2555098704085737,-0.3273475135314264,Yes
-0.9683502123815197,-0.8189447403804944,-0.9683502123815197,-0.2555098704085737,-0.3273475135314264,-0.3273475135314264,Yes
-0.8189447403804944,-0.9683502123815197,-0.9683502123815197,-0.3273475135314264,-0.3273475135314264,-0.2555098704085737,Yes
-0.9683502123815197,-0.9683502123815197,-1.1177556843825451,-0.3273475135314264,-0.2555098704085737,-0.18367222728572105,Yes
-0.9683502123815197,-1.1177556843825451,-1.2671611563835707,-0.2555098704085737,-0.18367222728572105,-0.1118345841628684,Yes
-1.1177556843825451,-1.2671611563835707,-1.2671611563835707,-0.18367222728572105,-0.1118345841628684,0.031840702082836916,Yes
-1.2671611563835707,-1.2671611563835707,-1.2671611563835707,-0.1118345841628684,0.031840702082836916,0.10367834520568957,Yes
-1.2671611563835707,-1.2671611563835707,-1.416566628384596,0.031840702082836916,0.10367834520568957,0.10367834520568957,Yes
-1.2671611563835707,-1.416566628384596,-1.416566628384596,0.10367834520568957,0.10367834520568957,0.10367834520568957,Yes
-1.416566628384596,-1.416566628384596,-1.416566628384596,0.10367834520568957,0.10367834520568957,0.10367834520568957,Yes
-1.416566628384596,-1.416566628384596,-1.5659721003856213,0.10367834520568957,0.10367834520568957,0.10367834520568957,Yes
-1.416566628384596,-1.5659721003856213,-1.5659721003856213,0.10367834520568957,0.10367834520568957,0.10367834520568957,Yes
-0.07191738037536759,-0.07191738037536759,-0.07191738037536759,0.7502171333113634,0.7502171333113634,0.7502171333113634,Yes
-0.07191738037536759,-0.07191738037536759,-0.22132285237639296,0.7502171333113634,0.7502171333113634,0.7502171333113634,Yes
-0.07191738037536759,-0.22132285237639296,-0.22132285237639296,0.7502171333113634,0.7502171333113634,0.7502171333113634,Yes
-0.22132285237639296,-0.22132285237639296,-0.22132285237639296,0.7502171333113634,0.7502171333113634,0.7502171333113634,Yes
-0.22132285237639296,-0.22132285237639296,-0.3707283243774183,0.7502171333113634,0.7502171333113634,0.7502171333113634,Yes
-0.22132285237639296,-0.3707283243774183,-0.3707283243774183,0.7502171333113634,0.7502171333113634,0.7502171333113634,Yes
-0.3707283243774183,-0.3707283243774183,-0.3707283243774183,0.7502171333113634,0.7502171333113634,0.7502171333113634,Yes
-0.3707283243774183,-0.3707283243774183,-0.3707283243774183,0.7502171333113634,0.7502171333113634,0.8220547764342161,Yes
-0.3707283243774183,-0.3707283243774183,-0.3707283243774183,0.7502171333113634,0.8220547764342161,0.8220547764342161,Yes
-0.3707283243774183,-0.3707283243774183,-0.3707283243774183,0.8220547764342161,0.8220547764342161,0.8220547764342161,Yes
-0.3707283243774183,-0.3707283243774183,-0.3707283243774183,0.8220547764342161,0.8220547764342161,0.8938924195570688,Yes
-0.3707283243774183,-0.3707283243774183,-0.3707283243774183,0.8220547764342161,0.8938924195570688,0.8938924195570688,Yes
-0.3707283243774183,-0.3707283243774183,-0.22132285237639296,0.8938924195570688,0.8938924195570688,0.8938924195570688,Yes
-0.3707283243774183,-0.22132285237639296,-0.22132285237639296,0.8938924195570688,0.8938924195570688,0.8938924195570688,Yes
-0.22132285237639296,-0.22132285237639296,-0.07191738037536759,0.8938924195570688,0.8938924195570688,0.8938924195570688,Yes
-0.22132285237639296,-0.07191738037536759,-0.22132285237639296,0.8938924195570688,0.8938924195570688,0.8938924195570688,Yes
-0.07191738037536759,-0.22132285237639296,-0.22132285237639296,0.8938924195570688,0.8938924195570688,0.8220547764342161,Yes
-0.22132285237639296,-0.22132285237639296,-0.3707283243774183,0.8938924195570688,0.8220547764342161,0.8220547764342161,Yes
-0.22132285237639296,-0.3707283243774183,-0.3707283243774183,0.8220547764342161,0.8220547764342161,0.7502171333113634,Yes
-0.3707283243774183,-0.3707283243774183,-0.3707283243774183,0.8220547764342161,0.7502171333113634,0.7502171333113634,Yes
-0.3707283243774183,-0.3707283243774183,-0.3707283243774183,0.7502171333113634,0.7502171333113634,0.7502171333113634,Yes
-0.3707283243774183,-0.3707283243774183,-0.3707283243774183,0.7502171333113634,0.7502171333113634,0.7502171333113634,Yes
-0.3707283243774183,-0.3707283243774183,-0.5201337963784437,0.7502171333113634,0.7502171333113634,0.7502171333113634,Yes
-0.3707283243774183,-0.5201337963784437,-0.5201337963784437,0.7502171333113634,0.7502171333113634,0.6783794901885108,Yes
-0.5201337963784437,-0.6695392683794691,-0.6695392683794691,0.3191912745742475,0.3191912745742475,0.24735363145139488,Yes
-0.6695392683794691,-0.6695392683794691,-0.6695392683794691,0.3191912745742475,0.24735363145139488,0.24735363145139488,Yes
-0.6695392683794691,-0.6695392683794691,-0.8189447403804944,0.24735363145139488,0.24735363145139488,0.17551598832854223,Yes
-0.6695392683794691,-0.8189447403804944,-0.8189447403804944,0.24735363145139488,0.17551598832854223,0.10367834520568957,Yes
-0.8189447403804944,-0.8189447403804944,-0.9683502123815197,0.17551598832854223,0.10367834520568957,0.031840702082836916,Yes
-0.8189447403804944,-0.9683502123815197,-0.9683502123815197,0.10367834520568957,0.031840702082836916,-0.03999694104001574,Yes
-0.9683502123815197,-0.9683502123815197,-1.1177556843825451,0.031840702082836916,-0.03999694104001574,-0.1118345841628684,Yes
-0.9683502123815197,-1.1177556843825451,-1.1177556843825451,-0.03999694104001574,-0.1118345841628684,-0.399185156654279,Yes
-1.1177556843825451,-1.1177556843825451,-1.2671611563835707,-0.1118345841628684,-0.399185156654279,-0.6865357291456896,Yes
-1.1177556843825451,-1.2671611563835707,-1.1177556843825451,-0.399185156654279,-0.6865357291456896,-0.9738863016371002,Yes
-1.2671611563835707,-1.1177556843825451,-1.1177556843825451,-0.6865357291456896,-0.9738863016371002,-1.1893992310056583,Yes
-1.1177556843825451,-1.1177556843825451,-0.9683502123815197,-0.9738863016371002,-1.1893992310056583,-1.404912160374216,Yes
-1.1177556843825451,-0.9683502123815197,-0.9683502123815197,-1.1893992310056583,-1.404912160374216,-1.5485874466199214,Yes
-0.9683502123815197,-0.9683502123815197,-0.9683502123815197,-1.404912160374216,-1.5485874466199214,-1.4767498034970687,Yes
-0.9683502123815197,-0.9683502123815197,-1.1177556843825451,-1.5485874466199214,-1.4767498034970687,-1.404912160374216,Yes
-0.9683502123815197,-1.1177556843825451,-1.1177556843825451,-1.4767498034970687,-1.404912160374216,-1.3330745172513636,Yes
-1.1177556843825451,-1.1177556843825451,-1.2671611563835707,-1.404912160374216,-1.3330745172513636,-0.9738863016371002,Yes
-1.1177556843825451,-1.2671611563835707,-1.416566628384596,-1.3330745172513636,-0.9738863016371002,-0.5428604428999844,Yes
-1.2671611563835707,-1.416566628384596,-1.5659721003856213,-0.9738863016371002,-0.5428604428999844,-0.18367222728572105,Yes
-1.416566628384596,-1.5659721003856213,-1.7153775723866467,-0.5428604428999844,-0.18367222728572105,-0.2555098704085737,Yes
-1.5659721003856213,-1.7153775723866467,-1.864783044387672,-0.18367222728572105,-0.2555098704085737,-0.2555098704085737,Yes
-1.7153775723866467,-1.864783044387672,-2.1635939883897226,-0.2555098704085737,-0.2555098704085737,-0.3273475135314264,Yes
-1.864783044387672,-2.1635939883897226,-2.1635939883897226,-0.2555098704085737,-0.3273475135314264,-0.399185156654279,Yes
-2.1635939883897226,-2.1635939883897226,-2.312999460390748,-0.3273475135314264,-0.399185156654279,-0.4710227997771317,Yes
-0.6695392683794691,-0.6695392683794691,-0.6695392683794691,0.46286656081995287,0.46286656081995287,0.3910289176971002,Yes
-0.6695392683794691,-0.6695392683794691,-0.8189447403804944,0.46286656081995287,0.3910289176971002,0.3910289176971002,Yes
-0.6695392683794691,-0.8189447403804944,-0.8189447403804944,0.3910289176971002,0.3910289176971002,0.3191912745742475,Yes
-0.8189447403804944,-0.8189447403804944,-0.8189447403804944,0.3910289176971002,0.3191912745742475,0.3191912745742475,Yes
-0.8189447403804944,-0.8189447403804944,-0.8189447403804944,0.3191912745742475,0.3191912745742475,0.3191912745742475,Yes
-0.8189447403804944,-0.8189447403804944,-0.8189447403804944,0.3191912745742475,0.3191912745742475,0.24735363145139488,Yes
-0.8189447403804944,-0.8189447403804944,-0.9683502123815197,0.3191912745742475,0.24735363145139488,0.24735363145139488,Yes
-0.8189447403804944,-0.9683502123815197,-0.8189447403804944,0.24735363145139488,0.24735363145139488,0.3191912745742475,Yes
-0.9683502123815197,-0.8189447403804944,-0.8189447403804944,0.24735363145139488,0.3191912745742475,0.3191912745742475,Yes
-0.8189447403804944,-0.8189447403804944,-0.5201337963784437,0.3191912745742475,0.3191912745742475,0.3910289176971002,Yes
-0.8189447403804944,-0.5201337963784437,-0.5201337963784437,0.3191912745742475,0.3910289176971002,0.3910289176971002,Yes
-0.5201337963784437,-0.5201337963784437,-0.3707283243774183,0.3910289176971002,0.3910289176971002,0.3910289176971002,Yes
-0.5201337963784437,-0.3707283243774183,-0.3707283243774183,0.3910289176971002,0.3910289176971002,0.3191912745742475,Yes
-0.3707283243774183,-0.3707283243774183,-0.3707283243774183,0.3910289176971002,0.3191912745742475,0.3910289176971002,Yes
-0.3707283243774183,-0.3707283243774183,-0.3707283243774183,0.3191912745742475,0.3910289176971002,0.5347042039428055,Yes
-0.3707283243774183,-0.3707283243774183,-0.3707283243774183,0.3910289176971002,0.5347042039428055,0.6065418470656582,Yes
-0.3707283243774183,-0.3707283243774183,-0.5201337963784437,0.5347042039428055,0.6065418470656582,0.6065418470656582,Yes
-0.3707283243774183,-0.5201337963784437,-0.5201337963784437,0.6065418470656582,0.6065418470656582,0.6065418470656582,Yes
-0.5201337963784437,-0.5201337963784437,-0.6695392683794691,0.6065418470656582,0.6065418470656582,0.6065418470656582,Yes
-0.5201337963784437,-0.6695392683794691,-0.6695392683794691,0.6065418470656582,0.6065418470656582,0.5347042039428055,Yes
-0.6695392683794691,-0.6695392683794691,-0.6695392683794691,0.6065418470656582,0.5347042039428055,0.46286656081995287,Yes
-0.6695392683794691,-0.6695392683794691,-0.8189447403804944,0.5347042039428055,0.46286656081995287,0.3910289176971002,Yes
-0.6695392683794691,-0.8189447403804944,-0.8189447403804944,0.46286656081995287,0.3910289176971002,0.24735363145139488,Yes
-0.8189447403804944,-0.8189447403804944,-0.8189447403804944,0.3910289176971002,0.24735363145139488,0.17551598832854223,Yes
-0.22132285237639296,-0.3707283243774183,-0.3707283243774183,0.6783794901885108,0.6783794901885108,0.6783794901885108,Yes
-0.3707283243774183,-0.3707283243774183,-0.3707283243774183,0.6783794901885108,0.6783794901885108,0.6065418470656582,Yes
-0.3707283243774183,-0.3707283243774183,-0.3707283243774183,0.6783794901885108,0.6065418470656582,0.6065418470656582,Yes
-0.3707283243774183,-0.3707283243774183,-0.3707283243774183,0.6065418470656582,0.6065418470656582,0.6065418470656582,Yes
-0.3707283243774183,-0.3707283243774183,-0.3707283243774183,0.6065418470656582,0.6065418470656582,0.6065418470656582,Yes
-0.3707283243774183,-0.3707283243774183,-0.3707283243774183,0.6065418470656582,0.6065418470656582,0.6065418470656582,Yes
-0.3707283243774183,-0.3707283243774183,-0.22132285237639296,0.6065418470656582,0.6065418470656582,0.6783794901885108,Yes
-0.3707283243774183,-0.22132285237639296,-0.22132285237639296,0.6065418470656582,0.6783794901885108,0.6783794901885108,Yes
-0.22132285237639296,-0.22132285237639296,-0.22132285237639296,0.6783794901885108,0.6783794901885108,0.7502171333113634,Yes
-0.22132285237639296,-0.22132285237639296,-0.07191738037536759,0.6783794901885108,0.7502171333113634,0.7502171333113634,Yes
-0.22132285237639296,-0.07191738037536759,-0.07191738037536759,0.7502171333113634,0.7502171333113634,0.7502171333113634,Yes
-0.07191738037536759,-0.07191738037536759,-0.07191738037536759,0.7502171333113634,0.7502171333113634,0.6783794901885108,Yes
-0.07191738037536759,-0.07191738037536759,0.07748809162565778,0.7502171333113634,0.6783794901885108,0.6065418470656582,Yes
-0.07191738037536759,0.07748809162565778,0.07748809162565778,0.6783794901885108,0.6065418470656582,0.6783794901885108,Yes
0.07748809162565778,0.07748809162565778,-0.07191738037536759,0.6065418470656582,0.6783794901885108,0.7502171333113634,Yes
0.07748809162565778,-0.07191738037536759,-0.07191738037536759,0.6783794901885108,0.7502171333113634,0.7502171333113634,Yes
-0.07191738037536759,-0.07191738037536759,-0.22132285237639296,0.7502171333113634,0.7502171333113634,0.7502171333113634,Yes
-0.07191738037536759,-0.22132285237639296,-0.22132285237639296,0.7502171333113634,0.7502171333113634,0.7502171333113634,Yes
-0.22132285237639296,-0.22132285237639296,-0.22132285237639296,0.7502171333113634,0.7502171333113634,0.7502171333113634,Yes
-0.22132285237639296,-0.22132285237639296,-0.22132285237639296,0.7502171333113634,0.7502171333113634,0.7502171333113634,Yes
-0.22132285237639296,-0.22132285237639296,-0.22132285237639296,0.7502171333113634,0.7502171333113634,0.7502171333113634,Yes
-0.22132285237639296,-0.22132285237639296,-0.22132285237639296,0.7502171333113634,0.7502171333113634,0.7502171333113634,Yes
-0.22132285237639296,-0.22132285237639296,-0.22132285237639296,0.7502171333113634,0.7502171333113634,0.7502171333113634,Yes
-0.22132285237639296,-0.22132285237639296,-0.22132285237639296,0.7502171333113634,0.7502171333113634,0.7502171333113634,Yes
-0.3707283243774183,-0.3707283243774183,-0.5201337963784437,0.46286656081995287,0.5347042039428055,0.5347042039428055,Yes
-0.3707283243774183,-0.5201337963784437,-0.5201337963784437,0.5347042039428055,0.5347042039428055,0.5347042039428055,Yes
-0.5201337963784437,-0.5201337963784437,-0.5201337963784437,0.5347042039428055,0.5347042039428055,0.5347042039428055,Yes
-0.5201337963784437,-0.5201337963784437,-0.5201337963784437,0.5347042039428055,0.5347042039428055,0.5347042039428055,Yes
-0.5201337963784437,-0.5201337963784437,-0.5201337963784437,0.5347042039428055,0.5347042039428055,0.46286656081995287,Yes
-0.5201337963784437,-0.5201337963784437,-0.5201337963784437,0.5347042039428055,0.46286656081995287,0.46286656081995287,Yes
-0.5201337963784437,-0.5201337963784437,-0.5201337963784437,0.46286656081995287,0.46286656081995287,0.3910289176971002,Yes
-0.5201337963784437,-0.5201337963784437,-0.5201337963784437,0.46286656081995287,0.3910289176971002,0.17551598832854223,Yes
-0.5201337963784437,-0.5201337963784437,-0.3707283243774183,0.3910289176971002,0.17551598832854223,-0.03999694104001574,Yes
-0.5201337963784437,-0.3707283243774183,-0.22132285237639296,0.17551598832854223,-0.03999694104001574,-0.2555098704085737,Yes
-0.3707283243774183,-0.22132285237639296,-0.07191738037536759,-0.03999694104001574,-0.2555098704085737,-0.3273475135314264,Yes
-0.22132285237639296,-0.07191738037536759,-0.07191738037536759,-0.2555098704085737,-0.3273475135314264,-0.399185156654279,Yes
-0.07191738037536759,-0.07191738037536759,0.07748809162565778,-0.3273475135314264,-0.399185156654279,-0.4710227997771317,Yes
-0.07191738037536759,0.07748809162565778,-0.07191738037536759,-0.399185156654279,-0.4710227997771317,-0.399185156654279,Yes
0.07748809162565778,-0.07191738037536759,-0.07191738037536759,-0.4710227997771317,-0.399185156654279,-0.3273475135314264,Yes
-0.07191738037536759,-0.07191738037536759,-0.07191738037536759,-0.399185156654279,-0.3273475135314264,-0.2555098704085737,Yes
-0.07191738037536759,-0.07191738037536759,-0.22132285237639296,-0.3273475135314264,-0.2555098704085737,-0.03999694104001574,Yes
-0.07191738037536759,-0.22132285237639296,-0.3707283243774183,-0.2555098704085737,-0.03999694104001574,0.17551598832854223,Yes
-0.22132285237639296,-0.3707283243774183,-0.3707283243774183,-0.03999694104001574,0.17551598832854223,0.3910289176971002,Yes
-0.3707283243774183,-0.3707283243774183,-0.3707283243774183,0.17551598832854223,0.3910289176971002,0.3910289176971002,Yes
-0.3707283243774183,-0.3707283243774183,-0.5201337963784437,0.3910289176971002,0.3910289176971002,0.3910289176971002,Yes
-0.3707283243774183,-0.5201337963784437,-0.5201337963784437,0.3910289176971002,0.3910289176971002,0.3910289176971002,Yes
-0.5201337963784437,-0.5201337963784437,-0.5201337963784437,0.3910289176971002,0.3910289176971002,0.3910289176971002,Yes
-0.5201337963784437,-0.5201337963784437,-0.5201337963784437,0.3910289176971002,0.3910289176971002,0.46286656081995287,Yes
-0.5201337963784437,-0.5201337963784437,-0.5201337963784437,0.3910289176971002,0.46286656081995287,0.46286656081995287,Yes
-0.5201337963784437,-0.5201337963784437,-0.6695392683794691,0.46286656081995287,0.46286656081995287,0.46286656081995287,Yes
-0.5201337963784437,-0.6695392683794691,-0.6695392683794691,0.46286656081995287,0.46286656081995287,0.3910289176971002,Yes
-0.6695392683794691,-0.6695392683794691,-0.6695392683794691,0.46286656081995287,0.3910289176971002,0.3910289176971002,Yes
-0.6695392683794691,-0.6695392683794691,-0.6695392683794691,0.3910289176971002,0.3910289176971002,0.3191912745742475,Yes
-0.6695392683794691,-0.6695392683794691,-0.6695392683794691,0.3910289176971002,0.3191912745742475,0.3191912745742475,Yes
-0.6695392683794691,-0.6695392683794691,-0.6695392683794691,0.3191912745742475,0.3191912745742475,0.24735363145139488,Yes
-0.6695392683794691,-0.6695392683794691,-0.6695392683794691,0.3191912745742475,0.24735363145139488,0.031840702082836916,Yes
-0.6695392683794691,-0.6695392683794691,-0.6695392683794691,0.24735363145139488,0.031840702082836916,-0.1118345841628684,Yes
-0.6695392683794691,-0.6695392683794691,-0.5201337963784437,0.031840702082836916,-0.1118345841628684,-0.3273475135314264,Yes
-0.6695392683794691,-0.5201337963784437,-0.3707283243774183,-0.1118345841628684,-0.3273475135314264,-0.3273475135314264,Yes
-0.5201337963784437,-0.3707283243774183,-0.3707283243774183,-0.3273475135314264,-0.3273475135314264,-0.399185156654279,Yes
-0.3707283243774183,-0.3707283243774183,-0.22132285237639296,-0.3273475135314264,-0.399185156654279,-0.4710227997771317,Yes
-0.3707283243774183,-0.22132285237639296,-0.07191738037536759,-0.399185156654279,-0.4710227997771317,-0.4710227997771317,Yes
-0.22132285237639296,-0.07191738037536759,-0.07191738037536759,-0.4710227997771317,-0.4710227997771317,-0.4710227997771317,Yes
-0.07191738037536759,-0.07191738037536759,-0.22132285237639296,-0.4710227997771317,-0.4710227997771317,-0.399185156654279,Yes
-0.07191738037536759,-0.22132285237639296,-0.22132285237639296,-0.4710227997771317,-0.399185156654279,-0.2555098704085737,Yes
-0.22132285237639296,-0.22132285237639296,-0.3707283243774183,-0.399185156654279,-0.2555098704085737,-0.1118345841628684,Yes
-0.22132285237639296,-0.3707283243774183,-0.3707283243774183,-0.2555098704085737,-0.1118345841628684,0.10367834520568957,Yes
-0.3707283243774183,-0.3707283243774183,-0.5201337963784437,-0.1118345841628684,0.10367834520568957,0.10367834520568957,Yes
-0.3707283243774183,-0.5201337963784437,-0.5201337963784437,0.10367834520568957,0.10367834520568957,0.17551598832854223,Yes
-0.5201337963784437,-0.5201337963784437,-0.6695392683794691,0.10367834520568957,0.17551598832854223,0.24735363145139488,Yes
-0.5201337963784437,-0.6695392683794691,-0.6695392683794691,0.17551598832854223,0.24735363145139488,0.17551598832854223,Yes
-0.6695392683794691,-0.6695392683794691,-0.6695392683794691,0.24735363145139488,0.17551598832854223,0.17551598832854223,Yes
-0.07191738037536759,-0.07191738037536759,-0.22132285237639296,0.7502171333113634,0.7502171333113634,0.8220547764342161,Yes
-0.07191738037536759,-0.22132285237639296,-0.22132285237639296,0.7502171333113634,0.8220547764342161,0.8220547764342161,Yes
-0.22132285237639296,-0.22132285237639296,-0.22132285237639296,0.8220547764342161,0.8220547764342161,0.8220547764342161,Yes
-0.22132285237639296,-0.22132285237639296,-0.22132285237639296,0.8220547764342161,0.8220547764342161,0.8220547764342161,Yes
-0.22132285237639296,-0.22132285237639296,-0.22132285237639296,0.8220547764342161,0.8220547764342161,0.7502171333113634,Yes
-0.22132285237639296,-0.22132285237639296,-0.3707283243774183,0.8220547764342161,0.7502171333113634,0.6783794901885108,Yes
-0.22132285237639296,-0.3707283243774183,-0.22132285237639296,0.7502171333113634,0.6783794901885108,0.6065418470656582,Yes
-0.3707283243774183,-0.22132285237639296,-0.22132285237639296,0.6783794901885108,0.6065418470656582,0.3910289176971002,Yes
-0.22132285237639296,-0.22132285237639296,-0.07191738037536759,0.6065418470656582,0.3910289176971002,0.10367834520568957,Yes
-0.22132285237639296,-0.07191738037536759,-0.07191738037536759,0.3910289176971002,0.10367834520568957,-0.1118345841628684,Yes
-0.07191738037536759,-0.07191738037536759,-0.07191738037536759,0.10367834520568957,-0.1118345841628684,-0.1118345841628684,Yes
-0.07191738037536759,-0.07191738037536759,0.07748809162565778,-0.1118345841628684,-0.1118345841628684,-0.1118345841628684,Yes
-0.07191738037536759,0.07748809162565778,0.07748809162565778,-0.1118345841628684,-0.1118345841628684,-0.1118345841628684,Yes
0.07748809162565778,0.07748809162565778,0.07748809162565778,-0.1118345841628684,-0.1118345841628684,-0.1118345841628684,Yes
0.07748809162565778,0.07748809162565778,0.07748809162565778,-0.1118345841628684,-0.1118345841628684,-0.1118345841628684,Yes
0.07748809162565778,0.07748809162565778,-0.07191738037536759,-0.1118345841628684,-0.1118345841628684,-0.03999694104001574,Yes
0.07748809162565778,-0.07191738037536759,-0.07191738037536759,-0.1118345841628684,-0.03999694104001574,0.031840702082836916,Yes
-0.07191738037536759,-0.07191738037536759,-0.22132285237639296,-0.03999694104001574,0.031840702082836916,0.17551598832854223,Yes
-0.07191738037536759,-0.22132285237639296,-0.3707283243774183,0.031840702082836916,0.17551598832854223,0.24735363145139488,Yes
-0.22132285237639296,-0.3707283243774183,-0.3707283243774183,0.17551598832854223,0.24735363145139488,0.3191912745742475,Yes
-0.3707283243774183,-0.3707283243774183,-0.3707283243774183,0.24735363145139488,0.3191912745742475,0.3191912745742475,Yes
-0.3707283243774183,-0.3707283243774183,-0.5201337963784437,0.3191912745742475,0.3191912745742475,0.3191912745742475,Yes
-0.3707283243774183,-0.5201337963784437,-0.5201337963784437,0.3191912745742475,0.3191912745742475,0.24735363145139488,Yes
-0.5201337963784437,-0.5201337963784437,-0.6695392683794691,0.3191912745742475,0.24735363145139488,0.24735363145139488,Yes
-1.416566628384596,-1.416566628384596,-1.416566628384596,0.6065418470656582,0.6065418470656582,0.6783794901885108,Yes
-1.416566628384596,-1.416566628384596,-1.416566628384596,0.6065418470656582,0.6783794901885108,0.6065418470656582,Yes
-1.416566628384596,-1.416566628384596,-1.2671611563835707,0.6783794901885108,0.6065418470656582,0.6065418470656582,Yes
-1.416566628384596,-1.2671611563835707,-1.2671611563835707,0.6065418470656582,0.6065418470656582,0.6065418470656582,Yes
-1.2671611563835707,-1.2671611563835707,-1.2671611563835707,0.6065418470656582,0.6065418470656582,0.6065418470656582,Yes
-1.2671611563835707,-1.2671611563835707,-1.1177556843825451,0.6065418470656582,0.6065418470656582,0.6065418470656582,Yes
-1.2671611563835707,-1.1177556843825451,-1.1177556843825451,0.6065418470656582,0.6065418470656582,0.6783794901885108,Yes
-1.1177556843825451,-1.1177556843825451,-1.1177556843825451,0.6065418470656582,0.6783794901885108,0.6783794901885108,Yes
-1.1177556843825451,-1.1177556843825451,-1.1177556843825451,0.6783794901885108,0.6783794901885108,0.6783794901885108,Yes
-1.1177556843825451,-1.1177556843825451,-0.9683502123815197,0.6783794901885108,0.6783794901885108,0.6783794901885108,Yes
-1.1177556843825451,-0.9683502123815197,-0.9683502123815197,0.6783794901885108,0.6783794901885108,0.6783794901885108,Yes
-0.9683502123815197,-0.9683502123815197,-0.8189447403804944,0.6783794901885108,0.6783794901885108,0.6783794901885108,Yes
-0.9683502123815197,-0.8189447403804944,-0.6695392683794691,0.6783794901885108,0.6783794901885108,0.6783794901885108,Yes
-0.8189447403804944,-0.6695392683794691,-0.6695392683794691,0.6783794901885108,0.6783794901885108,0.6783794901885108,Yes
-0.6695392683794691,-0.6695392683794691,-0.5201337963784437,0.6783794901885108,0.6783794901885108,0.6783794901885108,Yes
-0.6695392683794691,-0.5201337963784437,-0.5201337963784437,0.6783794901885108,0.6783794901885108,0.7502171333113634,Yes
-0.5201337963784437,-0.5201337963784437,-0.5201337963784437,0.6783794901885108,0.7502171333113634,0.7502171333113634,Yes
-0.5201337963784437,-0.5201337963784437,-0.6695392683794691,0.7502171333113634,0.7502171333113634,0.7502171333113634,Yes
-0.5201337963784437,-0.6695392683794691,-0.6695392683794691,0.7502171333113634,0.7502171333113634,0.8220547764342161,Yes
-0.6695392683794691,-0.6695392683794691,-0.6695392683794691,0.7502171333113634,0.8220547764342161,0.8220547764342161,Yes
-0.6695392683794691,-0.6695392683794691,-0.6695392683794691,0.8220547764342161,0.8220547764342161,0.8220547764342161,Yes
-0.6695392683794691,-0.6695392683794691,-0.6695392683794691,0.8220547764342161,0.8220547764342161,0.8220547764342161,Yes
-0.6695392683794691,-0.6695392683794691,-0.6695392683794691,0.8220547764342161,0.8220547764342161,0.8220547764342161,Yes
-0.6695392683794691,-0.6695392683794691,-0.5201337963784437,0.8220547764342161,0.8220547764342161,0.8220547764342161,Yes
-0.6695392683794691,-0.5201337963784437,-0.5201337963784437,0.8220547764342161,0.8220547764342161,0.8220547764342161,Yes
-0.5201337963784437,-0.5201337963784437,-0.5201337963784437,0.8220547764342161,0.8220547764342161,0.8220547764342161,Yes
-0.5201337963784437,-0.5201337963784437,-0.5201337963784437,0.8220547764342161,0.8220547764342161,0.8220547764342161,Yes
-0.5201337963784437,-0.5201337963784437,-0.5201337963784437,0.8220547764342161,0.8220547764342161,0.8220547764342161,Yes
-0.5201337963784437,-0.5201337963784437,-0.5201337963784437,0.8220547764342161,0.8220547764342161,0.8220547764342161,Yes
-0.5201337963784437,-0.5201337963784437,-0.5201337963784437,0.8220547764342161,0.8220547764342161,0.8220547764342161,Yes
-0.5201337963784437,-0.5201337963784437,-0.5201337963784437,0.8220547764342161,0.8220547764342161,0.8220547764342161,Yes
-0.5201337963784437,-0.5201337963784437,-0.5201337963784437,0.8220547764342161,0.8220547764342161,0.8220547764342161,Yes
-0.5201337963784437,-0.5201337963784437,-0.3707283243774183,0.8220547764342161,0.8220547764342161,0.8220547764342161,Yes
-0.5201337963784437,-0.3707283243774183,-0.3707283243774183,0.8220547764342161,0.8220547764342161,0.8220547764342161,Yes
-0.3707283243774183,-0.3707283243774183,-0.3707283243774183,0.8220547764342161,0.8220547764342161,0.8220547764342161,Yes
-0.3707283243774183,-0.3707283243774183,-0.22132285237639296,0.8220547764342161,0.8220547764342161,0.8220547764342161,Yes
-0.3707283243774183,-0.22132285237639296,-0.22132285237639296,0.8220547764342161,0.8220547764342161,0.8220547764342161,Yes
-0.22132285237639296,-0.22132285237639296,-0.22132285237639296,0.8220547764342161,0.8220547764342161,0.8220547764342161,Yes
-0.22132285237639296,-0.22132285237639296,-0.22132285237639296,0.8220547764342161,0.8220547764342161,0.8220547764342161,Yes
-0.22132285237639296,-0.22132285237639296,-0.22132285237639296,0.8220547764342161,0.8220547764342161,0.8220547764342161,Yes
-0.22132285237639296,-0.22132285237639296,-0.3707283243774183,0.8220547764342161,0.8220547764342161,0.8220547764342161,Yes
-0.22132285237639296,-0.3707283243774183,-0.3707283243774183,0.8220547764342161,0.8220547764342161,0.8220547764342161,Yes
-0.3707283243774183,-0.3707283243774183,-0.3707283243774183,0.8220547764342161,0.8220547764342161,0.8220547764342161,Yes
-0.3707283243774183,-0.3707283243774183,-0.5201337963784437,0.8220547764342161,0.8220547764342161,0.6783794901885108,Yes
-0.3707283243774183,-0.5201337963784437,-0.5201337963784437,0.8220547764342161,0.6783794901885108,0.6065418470656582,Yes
-0.5201337963784437,-0.5201337963784437,-0.5201337963784437,0.6783794901885108,0.6065418470656582,0.46286656081995287,Yes
-0.5201337963784437,-0.5201337963784437,-0.5201337963784437,0.6065418470656582,0.46286656081995287,0.46286656081995287,Yes
-0.5201337963784437,-0.5201337963784437,-0.5201337963784437,0.46286656081995287,0.46286656081995287,0.46286656081995287,Yes
-0.5201337963784437,-0.5201337963784437,-0.5201337963784437,0.46286656081995287,0.46286656081995287,0.3910289176971002,Yes
-0.5201337963784437,-0.5201337963784437,-0.6695392683794691,0.46286656081995287,0.3910289176971002,0.3910289176971002,Yes
-0.5201337963784437,-0.6695392683794691,-0.6695392683794691,0.3910289176971002,0.3910289176971002,0.3910289176971002,Yes
-0.6695392683794691,-0.6695392683794691,-0.6695392683794691,0.3910289176971002,0.3910289176971002,0.3910289176971002,Yes
-0.6695392683794691,-0.6695392683794691,-0.6695392683794691,0.3910289176971002,0.3910289176971002,0.46286656081995287,Yes
-0.6695392683794691,-0.6695392683794691,-0.6695392683794691,0.3910289176971002,0.46286656081995287,0.46286656081995287,Yes
-0.6695392683794691,-0.6695392683794691,-0.6695392683794691,0.46286656081995287,0.46286656081995287,0.46286656081995287,Yes
-0.6695392683794691,-0.6695392683794691,-0.6695392683794691,0.46286656081995287,0.46286656081995287,0.3910289176971002,Yes
-0.6695392683794691,-0.6695392683794691,-0.6695392683794691,0.46286656081995287,0.3910289176971002,0.24735363145139488,Yes
-0.6695392683794691,-0.6695392683794691,-0.8189447403804944,0.3910289176971002,0.24735363145139488,0.10367834520568957,Yes
-0.6695392683794691,-0.8189447403804944,-0.8189447403804944,0.24735363145139488,0.10367834520568957,-0.1118345841628684,Yes
-0.8189447403804944,-0.8189447403804944,-0.8189447403804944,0.10367834520568957,-0.1118345841628684,-0.3273475135314264,Yes
-0.8189447403804944,-0.8189447403804944,-0.6695392683794691,-0.1118345841628684,-0.3273475135314264,-0.5428604428999844,Yes
-0.8189447403804944,-0.6695392683794691,-0.6695392683794691,-0.3273475135314264,-0.5428604428999844,-0.4710227997771317,Yes
-0.6695392683794691,-0.6695392683794691,-0.6695392683794691,-0.5428604428999844,-0.4710227997771317,-0.399185156654279,Yes
-0.6695392683794691,-0.6695392683794691,-0.6695392683794691,-0.4710227997771317,-0.399185156654279,-0.3273475135314264,Yes
-0.6695392683794691,-0.6695392683794691,-0.6695392683794691,-0.399185156654279,-0.3273475135314264,-0.2555098704085737,Yes
-0.6695392683794691,-0.6695392683794691,-0.8189447403804944,-0.3273475135314264,-0.2555098704085737,-0.18367222728572105,Yes
-0.6695392683794691,-0.8189447403804944,-0.9683502123815197,-0.2555098704085737,-0.18367222728572105,-0.18367222728572105,Yes
-0.8189447403804944,-0.9683502123815197,-0.9683502123815197,-0.18367222728572105,-0.18367222728572105,-0.18367222728572105,Yes
-0.9683502123815197,-0.9683502123815197,-0.9683502123815197,-0.18367222728572105,-0.18367222728572105,-0.18367222728572105,Yes
-0.9683502123815197,-0.9683502123815197,-1.1177556843825451,-0.18367222728572105,-0.18367222728572105,-0.2555098704085737,Yes
-0.9683502123815197,-1.1177556843825451,-1.1177556843825451,-0.18367222728572105,-0.2555098704085737,-0.2555098704085737,Yes
-1.1177556843825451,-1.1177556843825451,-1.1177556843825451,-0.2555098704085737,-0.2555098704085737,-0.3273475135314264,Yes
-0.22132285237639296,-0.22132285237639296,-0.3707283243774183,0.5347042039428055,0.5347042039428055,0.6065418470656582,Yes
-0.22132285237639296,-0.3707283243774183,-0.3707283243774183,0.5347042039428055,0.6065418470656582,0.6065418470656582,Yes
-0.3707283243774183,-0.3707283243774183,-0.3707283243774183,0.6065418470656582,0.6065418470656582,0.6065418470656582,Yes
-0.3707283243774183,-0.3707283243774183,-0.3707283243774183,0.6065418470656582,0.6065418470656582,0.6065418470656582,Yes
-0.3707283243774183,-0.3707283243774183,-0.3707283243774183,0.6065418470656582,0.6065418470656582,0.5347042039428055,Yes
-0.3707283243774183,-0.3707283243774183,-0.3707283243774183,0.6065418470656582,0.5347042039428055,0.46286656081995287,Yes
-0.3707283243774183,-0.3707283243774183,-0.22132285237639296,0.5347042039428055,0.46286656081995287,0.46286656081995287,Yes
-0.3707283243774183,-0.22132285237639296,-0.07191738037536759,0.46286656081995287,0.46286656081995287,0.3910289176971002,Yes
-0.22132285237639296,-0.07191738037536759,-0.07191738037536759,0.46286656081995287,0.3910289176971002,0.3910289176971002,Yes
-0.07191738037536759,-0.07191738037536759,-0.07191738037536759,0.3910289176971002,0.3910289176971002,0.3191912745742475,Yes
-0.07191738037536759,-0.07191738037536759,0.07748809162565778,0.3910289176971002,0.3191912745742475,0.3191912745742475,Yes
-0.07191738037536759,0.07748809162565778,0.07748809162565778,0.3191912745742475,0.3191912745742475,0.3191912745742475,Yes
0.07748809162565778,0.07748809162565778,0.07748809162565778,0.3191912745742475,0.3191912745742475,0.24735363145139488,Yes
0.07748809162565778,0.07748809162565778,-0.07191738037536759,0.3191912745742475,0.24735363145139488,0.3191912745742475,Yes
0.07748809162565778,-0.07191738037536759,-0.07191738037536759,0.24735363145139488,0.3191912745742475,0.46286656081995287,Yes
-0.07191738037536759,-0.07191738037536759,-0.07191738037536759,0.3191912745742475,0.46286656081995287,0.5347042039428055,Yes
-0.07191738037536759,-0.07191738037536759,-0.07191738037536759,0.46286656081995287,0.5347042039428055,0.5347042039428055,Yes
-0.07191738037536759,-0.07191738037536759,-0.07191738037536759,0.5347042039428055,0.5347042039428055,0.6065418470656582,Yes
-0.07191738037536759,-0.07191738037536759,-0.22132285237639296,0.5347042039428055,0.6065418470656582,0.6065418470656582,Yes
-0.07191738037536759,-0.22132285237639296,-0.22132285237639296,0.6065418470656582,0.6065418470656582,0.6065418470656582,Yes
-0.22132285237639296,-0.22132285237639296,-0.22132285237639296,0.6065418470656582,0.6065418470656582,0.6783794901885108,Yes
-0.22132285237639296,-0.22132285237639296,-0.22132285237639296,0.6065418470656582,0.6783794901885108,0.6783794901885108,Yes
-0.22132285237639296,-0.22132285237639296,-0.3707283243774183,0.6783794901885108,0.6783794901885108,0.6783794901885108,Yes
-0.22132285237639296,-0.3707283243774183,-0.3707283243774183,0.6783794901885108,0.6783794901885108,0.6065418470656582,Yes
-0.3707283243774183,-0.3707283243774183,-0.22132285237639296,0.6783794901885108,0.6065418470656582,0.6065418470656582,Yes
-0.3707283243774183,-0.22132285237639296,-0.22132285237639296,0.6065418470656582,0.6065418470656582,0.6065418470656582,Yes
-0.22132285237639296,-0.22132285237639296,-0.22132285237639296,0.6065418470656582,0.6065418470656582,0.6065418470656582,Yes
-0.22132285237639296,-0.22132285237639296,-0.22132285237639296,0.6065418470656582,0.6065418470656582,0.6783794901885108,Yes
-0.22132285237639296,-0.22132285237639296,-0.22132285237639296,0.6065418470656582,0.6783794901885108,0.6065418470656582,Yes
-0.22132285237639296,-0.22132285237639296,-0.07191738037536759,0.6783794901885108,0.6065418470656582,0.6065418470656582,Yes
-0.22132285237639296,-0.07191738037536759,-0.07191738037536759,0.6065418470656582,0.6065418470656582,0.5347042039428055,Yes
-0.07191738037536759,-0.07191738037536759,-0.07191738037536759,0.6065418470656582,0.5347042039428055,0.46286656081995287,Yes
-0.07191738037536759,-0.07191738037536759,-0.07191738037536759,0.5347042039428055,0.46286656081995287,0.3910289176971002,Yes
-0.07191738037536759,-0.07191738037536759,-0.07191738037536759,0.46286656081995287,0.3910289176971002,0.3191912745742475,Yes
-0.07191738037536759,-0.07191738037536759,0.07748809162565778,0.3910289176971002,0.3191912745742475,0.24735363145139488,Yes
-0.07191738037536759,0.07748809162565778,0.22689356362668314,0.3191912745742475,0.24735363145139488,0.17551598832854223,Yes
0.07748809162565778,0.22689356362668314,0.3762990356277085,0.24735363145139488,0.17551598832854223,0.10367834520568957,Yes
0.22689356362668314,0.3762990356277085,0.3762990356277085,0.17551598832854223,0.10367834520568957,0.10367834520568957,Yes
0.3762990356277085,0.3762990356277085,0.3762990356277085,0.10367834520568957,0.10367834520568957,0.10367834520568957,Yes
0.3762990356277085,0.3762990356277085,0.22689356362668314,0.10367834520568957,0.10367834520568957,0.10367834520568957,Yes
0.3762990356277085,0.22689356362668314,0.22689356362668314,0.10367834520568957,0.10367834520568957,0.3191912745742475,Yes
0.22689356362668314,0.22689356362668314,0.22689356362668314,0.10367834520568957,0.3191912745742475,0.46286656081995287,Yes
0.22689356362668314,0.22689356362668314,0.07748809162565778,0.3191912745742475,0.46286656081995287,0.6783794901885108,Yes
0.22689356362668314,0.07748809162565778,0.07748809162565778,0.46286656081995287,0.6783794901885108,0.6783794901885108,Yes
0.07748809162565778,0.07748809162565778,0.07748809162565778,0.6783794901885108,0.6783794901885108,0.6783794901885108,Yes
0.07748809162565778,0.07748809162565778,0.07748809162565778,0.6783794901885108,0.6783794901885108,0.6783794901885108,Yes
0.07748809162565778,0.07748809162565778,-0.07191738037536759,0.6783794901885108,0.6783794901885108,0.6783794901885108,Yes
0.07748809162565778,-0.07191738037536759,-0.07191738037536759,0.6783794901885108,0.6783794901885108,0.6783794901885108,Yes
0.07748809162565778,-0.07191738037536759,-0.22132285237639296,-0.6146980860228369,-0.2555098704085737,0.031840702082836916,Yes
-0.07191738037536759,-0.22132285237639296,-0.22132285237639296,-0.2555098704085737,0.031840702082836916,0.10367834520568957,Yes
-0.22132285237639296,-0.22132285237639296,-0.22132285237639296,0.031840702082836916,0.10367834520568957,0.17551598832854223,Yes
-0.22132285237639296,-0.22132285237639296,-0.22132285237639296,0.10367834520568957,0.17551598832854223,0.17551598832854223,Yes
-0.22132285237639296,-0.22132285237639296,-0.3707283243774183,0.17551598832854223,0.17551598832854223,0.10367834520568957,Yes
-0.22132285237639296,-0.3707283243774183,-0.5201337963784437,0.17551598832854223,0.10367834520568957,0.031840702082836916,Yes
-0.3707283243774183,-0.5201337963784437,-0.5201337963784437,0.10367834520568957,0.031840702082836916,-0.03999694104001574,Yes
-0.5201337963784437,-0.5201337963784437,-0.3707283243774183,0.031840702082836916,-0.03999694104001574,-0.18367222728572105,Yes
-0.5201337963784437,-0.3707283243774183,-0.22132285237639296,-0.03999694104001574,-0.18367222728572105,-0.2555098704085737,Yes
-0.3707283243774183,-0.22132285237639296,-0.07191738037536759,-0.18367222728572105,-0.2555098704085737,-0.399185156654279,Yes
-0.22132285237639296,-0.07191738037536759,0.07748809162565778,-0.2555098704085737,-0.399185156654279,-0.5428604428999844,Yes
-0.07191738037536759,0.07748809162565778,0.07748809162565778,-0.399185156654279,-0.5428604428999844,-0.7583733722685423,Yes
0.07748809162565778,0.07748809162565778,0.07748809162565778,-0.5428604428999844,-0.7583733722685423,-0.9020486585142475,Yes
0.07748809162565778,0.07748809162565778,0.07748809162565778,-0.7583733722685423,-0.9020486585142475,-0.830211015391395,Yes
0.07748809162565778,0.07748809162565778,-0.07191738037536759,-0.9020486585142475,-0.830211015391395,-0.6865357291456896,Yes
0.07748809162565778,-0.07191738037536759,-0.07191738037536759,-0.830211015391395,-0.6865357291456896,-0.6146980860228369,Yes
-0.07191738037536759,-0.07191738037536759,-0.22132285237639296,-0.6865357291456896,-0.6146980860228369,-0.399185156654279,Yes
-0.07191738037536759,-0.22132285237639296,-0.22132285237639296,-0.6146980860228369,-0.399185156654279,-0.18367222728572105,Yes
-0.22132285237639296,-0.22132285237639296,-0.3707283243774183,-0.399185156654279,-0.18367222728572105,0.031840702082836916,Yes
-0.22132285237639296,-0.3707283243774183,-0.6695392683794691,-0.18367222728572105,0.031840702082836916,0.10367834520568957,Yes
-0.3707283243774183,-0.6695392683794691,-0.8189447403804944,0.031840702082836916,0.10367834520568957,0.24735363145139488,Yes
-0.6695392683794691,-0.8189447403804944,-0.8189447403804944,0.10367834520568957,0.24735363145139488,0.3191912745742475,Yes
-0.8189447403804944,-0.8189447403804944,-0.8189447403804944,0.24735363145139488,0.3191912745742475,0.3191912745742475,Yes
-0.8189447403804944,-0.8189447403804944,-0.8189447403804944,0.3191912745742475,0.3191912745742475,0.3191912745742475,Yes
-0.07191738037536759,-0.22132285237639296,-0.3707283243774183,0.6065418470656582,0.5347042039428055,0.5347042039428055,Yes
-0.22132285237639296,-0.3707283243774183,-0.5201337963784437,0.5347042039428055,0.5347042039428055,0.46286656081995287,Yes
-0.3707283243774183,-0.5201337963784437,-0.5201337963784437,0.5347042039428055,0.46286656081995287,0.3910289176971002,Yes
-0.5201337963784437,-0.5201337963784437,-0.6695392683794691,0.46286656081995287,0.3910289176971002,0.3191912745742475,Yes
-0.5201337963784437,-0.6695392683794691,-0.8189447403804944,0.3910289176971002,0.3191912745742475,0.24735363145139488,Yes
-0.6695392683794691,-0.8189447403804944,-0.8189447403804944,0.3191912745742475,0.24735363145139488,0.17551598832854223,Yes
-0.8189447403804944,-0.8189447403804944,-0.8189447403804944,0.24735363145139488,0.17551598832854223,0.10367834520568957,Yes
-0.8189447403804944,-0.8189447403804944,-0.9683502123815197,0.17551598832854223,0.10367834520568957,0.031840702082836916,Yes
-0.8189447403804944,-0.9683502123815197,-0.9683502123815197,0.10367834520568957,0.031840702082836916,-0.03999694104001574,Yes
-0.9683502123815197,-0.9683502123815197,-0.8189447403804944,0.031840702082836916,-0.03999694104001574,-0.1118345841628684,Yes
-0.9683502123815197,-0.8189447403804944,-0.8189447403804944,-0.03999694104001574,-0.1118345841628684,-0.2555098704085737,Yes
-0.8189447403804944,-0.8189447403804944,-0.6695392683794691,-0.1118345841628684,-0.2555098704085737,-0.3273475135314264,Yes
-0.8189447403804944,-0.6695392683794691,-0.6695392683794691,-0.2555098704085737,-0.3273475135314264,-0.4710227997771317,Yes
-0.6695392683794691,-0.6695392683794691,-0.6695392683794691,-0.3273475135314264,-0.4710227997771317,-0.4710227997771317,Yes
-0.6695392683794691,-0.6695392683794691,-0.6695392683794691,-0.4710227997771317,-0.4710227997771317,-0.5428604428999844,Yes
-0.6695392683794691,-0.6695392683794691,-0.5201337963784437,-0.4710227997771317,-0.5428604428999844,-0.5428604428999844,Yes
-0.6695392683794691,-0.5201337963784437,-0.6695392683794691,-0.5428604428999844,-0.5428604428999844,-0.399185156654279,Yes
-0.5201337963784437,-0.6695392683794691,-0.6695392683794691,-0.5428604428999844,-0.399185156654279,-0.2555098704085737,Yes
-0.6695392683794691,-0.6695392683794691,-0.6695392683794691,-0.399185156654279,-0.2555098704085737,-0.1118345841628684,Yes
-0.6695392683794691,-0.6695392683794691,-0.8189447403804944,-0.2555098704085737,-0.1118345841628684,-0.1118345841628684,Yes
-0.6695392683794691,-0.8189447403804944,-0.8189447403804944,-0.1118345841628684,-0.1118345841628684,-0.1118345841628684,Yes
-0.8189447403804944,-0.8189447403804944,-0.8189447403804944,-0.1118345841628684,-0.1118345841628684,-0.03999694104001574,Yes
-0.8189447403804944,-0.8189447403804944,-0.8189447403804944,-0.1118345841628684,-0.03999694104001574,-0.03999694104001574,Yes
-0.8189447403804944,-0.8189447403804944,-0.8189447403804944,-0.03999694104001574,-0.03999694104001574,-0.03999694104001574,Yes
-0.22132285237639296,-0.22132285237639296,-0.3707283243774183,0.5347042039428055,0.6783794901885108,0.8220547764342161,Yes
-0.22132285237639296,-0.3707283243774183,-0.3707283243774183,0.6783794901885108,0.8220547764342161,0.8220547764342161,Yes
-0.3707283243774183,-0.3707283243774183,-0.3707283243774183,0.8220547764342161,0.8220547764342161,0.8938924195570688,Yes
-0.3707283243774183,-0.3707283243774183,-0.3707283243774183,0.8220547764342161,0.8938924195570688,0.8938924195570688,Yes
-0.3707283243774183,-0.3707283243774183,-0.3707283243774183,0.8938924195570688,0.8938924195570688,0.8938924195570688,Yes
-0.3707283243774183,-0.3707283243774183,-0.3707283243774183,0.8938924195570688,0.8938924195570688,0.8938924195570688,Yes
-0.3707283243774183,-0.3707283243774183,-0.3707283243774183,0.8938924195570688,0.8938924195570688,0.8938924195570688,Yes
-0.3707283243774183,-0.3707283243774183,-0.3707283243774183,0.8938924195570688,0.8938924195570688,0.8938924195570688,Yes
-0.3707283243774183,-0.3707283243774183,-0.3707283243774183,0.8938924195570688,0.8938924195570688,0.8938924195570688,Yes
-0.3707283243774183,-0.3707283243774183,-0.3707283243774183,0.8938924195570688,0.8938924195570688,0.8938924195570688,Yes
-0.3707283243774183,-0.3707283243774183,-0.5201337963784437,0.8938924195570688,0.8938924195570688,0.8938924195570688,Yes
-0.3707283243774183,-0.5201337963784437,-0.3707283243774183,0.8938924195570688,0.8938924195570688,0.9657300626799215,Yes
-0.5201337963784437,-0.3707283243774183,-0.3707283243774183,0.8938924195570688,0.9657300626799215,0.9657300626799215,Yes
-0.3707283243774183,-0.3707283243774183,-0.22132285237639296,0.9657300626799215,0.9657300626799215,0.9657300626799215,Yes
-0.3707283243774183,-0.22132285237639296,-0.3707283243774183,0.9657300626799215,0.9657300626799215,0.9657300626799215,Yes
-0.22132285237639296,-0.3707283243774183,-0.22132285237639296,0.9657300626799215,0.9657300626799215,0.9657300626799215,Yes
-0.3707283243774183,-0.22132285237639296,-0.22132285237639296,0.9657300626799215,0.9657300626799215,0.9657300626799215,Yes
-0.22132285237639296,-0.22132285237639296,-0.22132285237639296,0.9657300626799215,0.9657300626799215,0.9657300626799215,Yes
-0.22132285237639296,-0.22132285237639296,-0.07191738037536759,0.9657300626799215,0.9657300626799215,0.8938924195570688,Yes
-0.22132285237639296,-0.07191738037536759,-0.07191738037536759,0.9657300626799215,0.8938924195570688,0.8938924195570688,Yes
-0.07191738037536759,-0.07191738037536759,-0.07191738037536759,0.8938924195570688,0.8938924195570688,0.8938924195570688,Yes
-0.07191738037536759,-0.07191738037536759,-0.07191738037536759,0.8938924195570688,0.8938924195570688,0.8220547764342161,Yes
-0.07191738037536759,-0.07191738037536759,-0.22132285237639296,0.8938924195570688,0.8220547764342161,0.8220547764342161,Yes
-0.07191738037536759,-0.22132285237639296,-0.22132285237639296,0.8220547764342161,0.8220547764342161,0.8220547764342161,Yes
-0.22132285237639296,-0.22132285237639296,-0.3707283243774183,0.8220547764342161,0.8220547764342161,0.8220547764342161,Yes
-0.22132285237639296,-0.3707283243774183,-0.3707283243774183,0.8220547764342161,0.8220547764342161,0.8220547764342161,Yes
-0.3707283243774183,-0.3707283243774183,-0.5201337963784437,0.8220547764342161,0.8220547764342161,0.8938924195570688,Yes
-0.3707283243774183,-0.5201337963784437,-0.5201337963784437,0.8220547764342161,0.8938924195570688,0.8938924195570688,Yes
-0.5201337963784437,-0.5201337963784437,-0.5201337963784437,0.8938924195570688,0.8938924195570688,0.8938924195570688,Yes
-0.5201337963784437,-0.5201337963784437,-0.3707283243774183,0.8938924195570688,0.8938924195570688,0.8938924195570688,Yes
-0.5201337963784437,-0.3707283243774183,-0.3707283243774183,0.8938924195570688,0.8938924195570688,0.8220547764342161,Yes
-0.3707283243774183,-0.3707283243774183,-0.5201337963784437,0.8938924195570688,0.8220547764342161,0.7502171333113634,Yes
-0.3707283243774183,-0.5201337963784437,-0.5201337963784437,0.8220547764342161,0.7502171333113634,0.6783794901885108,Yes
-0.5201337963784437,-0.5201337963784437,-0.5201337963784437,0.7502171333113634,0.6783794901885108,0.6065418470656582,Yes
-0.5201337963784437,-0.5201337963784437,-0.3707283243774183,0.6783794901885108,0.6065418470656582,0.46286656081995287,Yes
-0.5201337963784437,-0.3707283243774183,-0.3707283243774183,0.6065418470656582,0.46286656081995287,0.3191912745742475,Yes
-0.3707283243774183,-0.3707283243774183,-0.22132285237639296,0.46286656081995287,0.3191912745742475,0.17551598832854223,Yes
-0.3707283243774183,-0.22132285237639296,-0.22132285237639296,0.3191912745742475,0.17551598832854223,0.24735363145139488,Yes
-0.22132285237639296,-0.22132285237639296,-0.07191738037536759,0.17551598832854223,0.24735363145139488,0.3910289176971002,Yes
-0.22132285237639296,-0.07191738037536759,-0.07191738037536759,0.24735363145139488,0.3910289176971002,0.46286656081995287,Yes
-0.07191738037536759,-0.07191738037536759,-0.22132285237639296,0.3910289176971002,0.46286656081995287,0.5347042039428055,Yes
-0.07191738037536759,-0.22132285237639296,-0.5201337963784437,0.46286656081995287,0.5347042039428055,0.5347042039428055,Yes
-0.22132285237639296,-0.5201337963784437,-0.6695392683794691,0.5347042039428055,0.5347042039428055,0.5347042039428055,Yes
-0.5201337963784437,-0.6695392683794691,-0.8189447403804944,0.5347042039428055,0.5347042039428055,0.5347042039428055,Yes
-0.6695392683794691,-0.8189447403804944,-1.1177556843825451,0.5347042039428055,0.5347042039428055,0.46286656081995287,Yes
-0.8189447403804944,-1.1177556843825451,-1.2671611563835707,0.5347042039428055,0.46286656081995287,0.46286656081995287,Yes
-1.1177556843825451,-1.2671611563835707,-1.416566628384596,0.46286656081995287,0.46286656081995287,0.3910289176971002,Yes
-1.2671611563835707,-1.416566628384596,-1.416566628384596,0.46286656081995287,0.3910289176971002,0.3910289176971002,Yes
-0.3707283243774183,-0.3707283243774183,-0.3707283243774183,0.8938924195570688,0.8938924195570688,0.8938924195570688,Yes
-0.3707283243774183,-0.3707283243774183,-0.3707283243774183,0.8938924195570688,0.8938924195570688,0.8938924195570688,Yes
-0.3707283243774183,-0.3707283243774183,-0.3707283243774183,0.8938924195570688,0.8938924195570688,0.8938924195570688,Yes
-0.3707283243774183,-0.3707283243774183,-0.3707283243774183,0.8938924195570688,0.8938924195570688,0.8938924195570688,Yes
-0.3707283243774183,-0.3707283243774183,-0.3707283243774183,0.8938924195570688,0.8938924195570688,0.8938924195570688,Yes
-0.3707283243774183,-0.3707283243774183,-0.3707283243774183,0.8938924195570688,0.8938924195570688,0.8938924195570688,Yes
-0.3707283243774183,-0.3707283243774183,-0.3707283243774183,0.8938924195570688,0.8938924195570688,0.8938924195570688,Yes
-0.3707283243774183,-0.3707283243774183,-0.3707283243774183,0.8938924195570688,0.8938924195570688,0.8938924195570688,Yes
-0.3707283243774183,-0.3707283243774183,-0.3707283243774183,0.8938924195570688,0.8938924195570688,0.8220547764342161,Yes
-0.3707283243774183,-0.3707283243774183,-0.3707283243774183,0.8938924195570688,0.8220547764342161,0.8220547764342161,Yes
-0.3707283243774183,-0.3707283243774183,-0.3707283243774183,0.8220547764342161,0.8220547764342161,0.8220547764342161,Yes
-0.3707283243774183,-0.3707283243774183,-0.3707283243774183,0.8220547764342161,0.8220547764342161,0.8220547764342161,Yes
-0.3707283243774183,-0.3707283243774183,-0.3707283243774183,0.8220547764342161,0.8220547764342161,0.8220547764342161,Yes
-0.3707283243774183,-0.3707283243774183,-0.3707283243774183,0.8220547764342161,0.8220547764342161,0.8220547764342161,Yes
-0.3707283243774183,-0.3707283243774183,-0.3707283243774183,0.8220547764342161,0.8220547764342161,0.7502171333113634,Yes
-0.3707283243774183,-0.3707283243774183,-0.3707283243774183,0.8220547764342161,0.7502171333113634,0.7502171333113634,Yes
-0.3707283243774183,-0.3707283243774183,-0.3707283243774183,0.7502171333113634,0.7502171333113634,0.6783794901885108,Yes
-0.3707283243774183,-0.3707283243774183,-0.5201337963784437,0.7502171333113634,0.6783794901885108,0.6783794901885108,Yes
-0.3707283243774183,-0.5201337963784437,-0.5201337963784437,0.6783794901885108,0.6783794901885108,0.6065418470656582,Yes
-0.5201337963784437,-0.5201337963784437,-0.5201337963784437,0.6783794901885108,0.6065418470656582,0.6783794901885108,Yes
-0.5201337963784437,-0.5201337963784437,-0.6695392683794691,0.6065418470656582,0.6783794901885108,0.6783794901885108,Yes
-0.5201337963784437,-0.6695392683794691,-0.6695392683794691,0.6783794901885108,0.6783794901885108,0.7502171333113634,Yes
-0.6695392683794691,-0.6695392683794691,-0.6695392683794691,0.6783794901885108,0.7502171333113634,0.7502171333113634,Yes
-0.6695392683794691,-0.6695392683794691,-0.6695392683794691,0.7502171333113634,0.7502171333113634,0.7502171333113634,Yes
-0.6695392683794691,-0.6695392683794691,-0.6695392683794691,0.7502171333113634,0.7502171333113634,0.7502171333113634,Yes
-0.6695392683794691,-0.6695392683794691,-0.8189447403804944,0.7502171333113634,0.7502171333113634,0.7502171333113634,Yes
-0.6695392683794691,-0.8189447403804944,-0.8189447403804944,0.7502171333113634,0.7502171333113634,0.8220547764342161,Yes
-0.8189447403804944,-0.8189447403804944,-0.8189447403804944,0.7502171333113634,0.8220547764342161,0.8220547764342161,Yes
-0.8189447403804944,-0.8189447403804944,-0.8189447403804944,0.8220547764342161,0.8220547764342161,0.8220547764342161,Yes
-0.8189447403804944,-0.8189447403804944,-0.8189447403804944,0.8220547764342161,0.8220547764342161,0.8220547764342161,Yes
-0.8189447403804944,-0.8189447403804944,-0.8189447403804944,0.8220547764342161,0.8220547764342161,0.7502171333113634,Yes
-0.8189447403804944,-0.8189447403804944,-0.8189447403804944,0.8220547764342161,0.7502171333113634,0.7502171333113634,Yes
-0.8189447403804944,-0.8189447403804944,-0.8189447403804944,0.7502171333113634,0.7502171333113634,0.7502171333113634,Yes
-0.8189447403804944,-0.8189447403804944,-0.9683502123815197,0.7502171333113634,0.7502171333113634,0.7502171333113634,Yes
-0.8189447403804944,-0.9683502123815197,-0.8189447403804944,0.7502171333113634,0.7502171333113634,0.7502171333113634,Yes
-0.9683502123815197,-0.8189447403804944,-0.8189447403804944,0.7502171333113634,0.7502171333113634,0.6783794901885108,Yes
-0.8189447403804944,-0.8189447403804944,-0.8189447403804944,0.7502171333113634,0.6783794901885108,0.6783794901885108,Yes
-0.8189447403804944,-0.8189447403804944,-0.6695392683794691,0.6783794901885108,0.6783794901885108,0.6783794901885108,Yes
-0.8189447403804944,-0.6695392683794691,-0.6695392683794691,0.6783794901885108,0.6783794901885108,0.6783794901885108,Yes
-0.6695392683794691,-0.6695392683794691,-0.6695392683794691,0.6783794901885108,0.6783794901885108,0.6065418470656582,Yes
-0.6695392683794691,-0.6695392683794691,-0.6695392683794691,0.6783794901885108,0.6065418470656582,0.5347042039428055,Yes
-0.6695392683794691,-0.6695392683794691,-0.8189447403804944,0.6065418470656582,0.5347042039428055,0.3910289176971002,Yes
-0.6695392683794691,-0.8189447403804944,-0.9683502123815197,0.5347042039428055,0.3910289176971002,0.3191912745742475,Yes
-0.8189447403804944,-0.9683502123815197,-1.1177556843825451,0.3910289176971002,0.3191912745742475,0.24735363145139488,Yes
-0.9683502123815197,-1.1177556843825451,-1.1177556843825451,0.3191912745742475,0.24735363145139488,0.17551598832854223,Yes
-1.1177556843825451,-1.1177556843825451,-1.1177556843825451,0.24735363145139488,0.17551598832854223,0.10367834520568957,Yes
-1.1177556843825451,-1.1177556843825451,-1.2671611563835707,0.17551598832854223,0.10367834520568957,0.031840702082836916,Yes
-1.1177556843825451,-1.2671611563835707,-1.2671611563835707,0.10367834520568957,0.031840702082836916,-0.03999694104001574,Yes
-0.8189447403804944,-0.8189447403804944,-0.6695392683794691,0.46286656081995287,0.46286656081995287,0.46286656081995287,Yes
-0.8189447403804944,-0.6695392683794691,-0.6695392683794691,0.46286656081995287,0.46286656081995287,0.6065418470656582,Yes
-0.6695392683794691,-0.6695392683794691,-0.5201337963784437,0.46286656081995287,0.6065418470656582,0.6783794901885108,Yes
-0.6695392683794691,-0.5201337963784437,-0.5201337963784437,0.6065418470656582,0.6783794901885108,0.7502171333113634,Yes
-0.5201337963784437,-0.5201337963784437,-0.5201337963784437,0.6783794901885108,0.7502171333113634,0.8220547764342161,Yes
-0.5201337963784437,-0.5201337963784437,-0.5201337963784437,0.7502171333113634,0.8220547764342161,0.8938924195570688,Yes
-0.5201337963784437,-0.5201337963784437,-0.3707283243774183,0.8220547764342161,0.8938924195570688,0.8938924195570688,Yes
-0.5201337963784437,-0.3707283243774183,-0.3707283243774183,0.8938924195570688,0.8938924195570688,0.8938924195570688,Yes
-0.3707283243774183,-0.3707283243774183,-0.3707283243774183,0.8938924195570688,0.8938924195570688,0.9657300626799215,Yes
-0.3707283243774183,-0.3707283243774183,-0.3707283243774183,0.8938924195570688,0.9657300626799215,0.9657300626799215,Yes
-0.3707283243774183,-0.3707283243774183,-0.3707283243774183,0.9657300626799215,0.9657300626799215,0.9657300626799215,Yes
-0.3707283243774183,-0.3707283243774183,-0.3707283243774183,0.9657300626799215,0.9657300626799215,0.9657300626799215,Yes
-0.3707283243774183,-0.3707283243774183,-0.5201337963784437,0.9657300626799215,0.9657300626799215,0.9657300626799215,Yes
-0.3707283243774183,-0.5201337963784437,-0.3707283243774183,0.9657300626799215,0.9657300626799215,0.9657300626799215,Yes
-0.5201337963784437,-0.3707283243774183,-0.3707283243774183,0.9657300626799215,0.9657300626799215,0.9657300626799215,Yes
-0.3707283243774183,-0.3707283243774183,-0.3707283243774183,0.9657300626799215,0.9657300626799215,0.9657300626799215,Yes
-0.3707283243774183,-0.3707283243774183,-0.3707283243774183,0.9657300626799215,0.9657300626799215,0.9657300626799215,Yes
-0.3707283243774183,-0.3707283243774183,-0.3707283243774183,0.9657300626799215,0.9657300626799215,0.9657300626799215,Yes
-0.3707283243774183,-0.3707283243774183,-0.3707283243774183,0.9657300626799215,0.9657300626799215,0.9657300626799215,Yes
-0.3707283243774183,-0.3707283243774183,-0.22132285237639296,0.9657300626799215,0.9657300626799215,0.9657300626799215,Yes
-0.3707283243774183,-0.22132285237639296,-0.07191738037536759,0.9657300626799215,0.9657300626799215,0.9657300626799215,Yes
-0.22132285237639296,-0.07191738037536759,-0.07191738037536759,0.9657300626799215,0.9657300626799215,0.9657300626799215,Yes
-0.07191738037536759,-0.07191738037536759,-0.07191738037536759,0.9657300626799215,0.9657300626799215,0.9657300626799215,Yes
-0.07191738037536759,-0.07191738037536759,-0.07191738037536759,0.9657300626799215,0.9657300626799215,0.9657300626799215,Yes
-0.5201337963784437,-0.5201337963784437,-0.6695392683794691,0.7502171333113634,0.7502171333113634,0.7502171333113634,Yes
-0.5201337963784437,-0.6695392683794691,-0.5201337963784437,0.7502171333113634,0.7502171333113634,0.8220547764342161,Yes
-0.6695392683794691,-0.5201337963784437,-0.5201337963784437,0.7502171333113634,0.8220547764342161,0.8220547764342161,Yes
-0.5201337963784437,-0.5201337963784437,-0.5201337963784437,0.8220547764342161,0.8220547764342161,0.8938924195570688,Yes
-0.5201337963784437,-0.5201337963784437,-0.5201337963784437,0.8220547764342161,0.8938924195570688,0.8938924195570688,Yes
-0.5201337963784437,-0.5201337963784437,-0.5201337963784437,0.8938924195570688,0.8938924195570688,0.8938924195570688,Yes
-0.5201337963784437,-0.5201337963784437,-0.3707283243774183,0.8938924195570688,0.8938924195570688,0.8938924195570688,Yes
-0.5201337963784437,-0.3707283243774183,-0.3707283243774183,0.8938924195570688,0.8938924195570688,0.8938924195570688,Yes
-0.3707283243774183,-0.3707283243774183,-0.3707283243774183,0.8938924195570688,0.8938924195570688,0.9657300626799215,Yes
-0.3707283243774183,-0.3707283243774183,-0.3707283243774183,0.8938924195570688,0.9657300626799215,0.9657300626799215,Yes
-0.3707283243774183,-0.3707283243774183,-0.3707283243774183,0.9657300626799215,0.9657300626799215,0.9657300626799215,Yes
-0.3707283243774183,-0.3707283243774183,-0.3707283243774183,0.9657300626799215,0.9657300626799215,0.9657300626799215,Yes
-0.3707283243774183,-0.3707283243774183,-0.3707283243774183,0.9657300626799215,0.9657300626799215,0.9657300626799215,Yes
-0.3707283243774183,-0.3707283243774183,-0.22132285237639296,0.9657300626799215,0.9657300626799215,0.9657300626799215,Yes
-0.3707283243774183,-0.22132285237639296,-0.22132285237639296,0.9657300626799215,0.9657300626799215,0.9657300626799215,Yes
-0.22132285237639296,-0.22132285237639296,-0.22132285237639296,0.9657300626799215,0.9657300626799215,0.9657300626799215,Yes
-0.22132285237639296,-0.22132285237639296,-0.22132285237639296,0.9657300626799215,0.9657300626799215,0.9657300626799215,Yes
-0.22132285237639296,-0.22132285237639296,-0.22132285237639296,0.9657300626799215,0.9657300626799215,0.9657300626799215,Yes
-0.22132285237639296,-0.22132285237639296,-0.22132285237639296,0.9657300626799215,0.9657300626799215,0.9657300626799215,Yes
-0.22132285237639296,-0.22132285237639296,-0.22132285237639296,0.9657300626799215,0.9657300626799215,0.9657300626799215,Yes
-0.22132285237639296,-0.22132285237639296,-0.22132285237639296,0.9657300626799215,0.9657300626799215,0.9657300626799215,Yes
-0.22132285237639296,-0.22132285237639296,-0.22132285237639296,0.9657300626799215,0.9657300626799215,0.9657300626799215,Yes
-0.22132285237639296,-0.22132285237639296,-0.22132285237639296,0.9657300626799215,0.9657300626799215,0.9657300626799215,Yes
-0.22132285237639296,-0.22132285237639296,-0.22132285237639296,0.9657300626799215,0.9657300626799215,0.8938924195570688,Yes
-0.6695392683794691,-0.6695392683794691,-0.5201337963784437,0.8220547764342161,0.8220547764342161,0.8220547764342161,Yes
-0.6695392683794691,-0.5201337963784437,-0.5201337963784437,0.8220547764342161,0.8220547764342161,0.8220547764342161,Yes
-0.5201337963784437,-0.5201337963784437,-0.6695392683794691,0.8220547764342161,0.8220547764342161,0.8220547764342161,Yes
-0.5201337963784437,-0.6695392683794691,-0.6695392683794691,0.8220547764342161,0.8220547764342161,0.8220547764342161,Yes
-0.6695392683794691,-0.6695392683794691,-0.6695392683794691,0.8220547764342161,0.8220547764342161,0.8220547764342161,Yes
-0.6695392683794691,-0.6695392683794691,-0.5201337963784437,0.8220547764342161,0.8220547764342161,0.8220547764342161,Yes
-0.6695392683794691,-0.5201337963784437,-0.5201337963784437,0.8220547764342161,0.8220547764342161,0.8220547764342161,Yes
-0.5201337963784437,-0.5201337963784437,-0.5201337963784437,0.8220547764342161,0.8220547764342161,0.8220547764342161,Yes
-0.5201337963784437,-0.5201337963784437,-0.5201337963784437,0.8220547764342161,0.8220547764342161,0.8938924195570688,Yes
-0.5201337963784437,-0.5201337963784437,-0.3707283243774183,0.8220547764342161,0.8938924195570688,0.8938924195570688,Yes
-0.5201337963784437,-0.3707283243774183,-0.3707283243774183,0.8938924195570688,0.8938924195570688,0.8938924195570688,Yes
-0.3707283243774183,-0.3707283243774183,-0.3707283243774183,0.8938924195570688,0.8938924195570688,0.9657300626799215,Yes
-0.3707283243774183,-0.3707283243774183,-0.22132285237639296,0.8938924195570688,0.9657300626799215,0.9657300626799215,Yes
-0.3707283243774183,-0.22132285237639296,-0.3707283243774183,0.9657300626799215,0.9657300626799215,0.9657300626799215,Yes
-0.22132285237639296,-0.3707283243774183,-0.3707283243774183,0.9657300626799215,0.9657300626799215,0.9657300626799215,Yes
-0.3707283243774183,-0.3707283243774183,-0.3707283243774183,0.9657300626799215,0.9657300626799215,0.9657300626799215,Yes
-0.3707283243774183,-0.3707283243774183,-0.3707283243774183,0.9657300626799215,0.9657300626799215,0.9657300626799215,Yes
-0.3707283243774183,-0.3707283243774183,-0.22132285237639296,0.9657300626799215,0.9657300626799215,0.9657300626799215,Yes
-0.3707283243774183,-0.22132285237639296,-0.3707283243774183,0.9657300626799215,0.9657300626799215,0.9657300626799215,Yes
-0.22132285237639296,-0.3707283243774183,-0.3707283243774183,0.9657300626799215,0.9657300626799215,0.9657300626799215,Yes
-0.3707283243774183,-0.3707283243774183,-0.3707283243774183,0.9657300626799215,0.9657300626799215,0.8938924195570688,Yes
-0.3707283243774183,-0.3707283243774183,-0.3707283243774183,0.9657300626799215,0.8938924195570688,0.8938924195570688,Yes
-0.3707283243774183,-0.3707283243774183,-0.3707283243774183,0.8938924195570688,0.8938924195570688,0.8938924195570688,Yes
-0.3707283243774183,-0.3707283243774183,-0.3707283243774183,0.8938924195570688,0.8938924195570688,0.9657300626799215,Yes
0.07748809162565778,0.07748809162565778,0.07748809162565778,0.8938924195570688,0.8938924195570688,0.8938924195570688,Yes
0.07748809162565778,0.07748809162565778,-0.07191738037536759,0.8938924195570688,0.8938924195570688,0.8938924195570688,Yes
0.07748809162565778,-0.07191738037536759,-0.07191738037536759,0.8938924195570688,0.8938924195570688,0.8938924195570688,Yes
-0.07191738037536759,-0.07191738037536759,-0.07191738037536759,0.8938924195570688,0.8938924195570688,0.8938924195570688,Yes
-0.07191738037536759,-0.07191738037536759,-0.07191738037536759,0.8938924195570688,0.8938924195570688,0.8938924195570688,Yes
-0.07191738037536759,-0.07191738037536759,-0.07191738037536759,0.8938924195570688,0.8938924195570688,0.8938924195570688,Yes
-0.07191738037536759,-0.07191738037536759,-0.07191738037536759,0.8938924195570688,0.8938924195570688,0.8220547764342161,Yes
-0.07191738037536759,-0.07191738037536759,-0.22132285237639296,0.8938924195570688,0.8220547764342161,0.8220547764342161,Yes
-0.07191738037536759,-0.22132285237639296,-0.22132285237639296,0.8220547764342161,0.8220547764342161,0.8220547764342161,Yes
-0.22132285237639296,-0.22132285237639296,-0.07191738037536759,0.8220547764342161,0.8220547764342161,0.8220547764342161,Yes
-0.22132285237639296,-0.07191738037536759,-0.07191738037536759,0.8220547764342161,0.8220547764342161,0.8220547764342161,Yes
-0.07191738037536759,-0.07191738037536759,-0.07191738037536759,0.8220547764342161,0.8220547764342161,0.8220547764342161,Yes
-0.07191738037536759,-0.07191738037536759,-0.07191738037536759,0.8220547764342161,0.8220547764342161,0.8220547764342161,Yes
-0.07191738037536759,-0.07191738037536759,-0.07191738037536759,0.8220547764342161,0.8220547764342161,0.8220547764342161,Yes
-0.07191738037536759,-0.07191738037536759,-0.07191738037536759,0.8220547764342161,0.8220547764342161,0.8220547764342161,Yes
-0.07191738037536759,-0.07191738037536759,-0.22132285237639296,0.8220547764342161,0.8220547764342161,0.8938924195570688,Yes
-0.07191738037536759,-0.22132285237639296,-0.22132285237639296,0.8220547764342161,0.8938924195570688,0.8938924195570688,Yes
-0.22132285237639296,-0.22132285237639296,-0.22132285237639296,0.8938924195570688,0.8938924195570688,0.8938924195570688,Yes
-0.22132285237639296,-0.22132285237639296,-0.22132285237639296,0.8938924195570688,0.8938924195570688,0.8220547764342161,Yes
-0.22132285237639296,-0.22132285237639296,-0.3707283243774183,0.8938924195570688,0.8220547764342161,0.8938924195570688,Yes
-0.22132285237639296,-0.3707283243774183,-0.3707283243774183,0.8220547764342161,0.8938924195570688,0.8938924195570688,Yes
-0.3707283243774183,-0.3707283243774183,-0.3707283243774183,0.8938924195570688,0.8938924195570688,0.8938924195570688,Yes
-0.3707283243774183,-0.3707283243774183,-0.22132285237639296,0.8938924195570688,0.8938924195570688,0.8938924195570688,Yes
-0.3707283243774183,-0.22132285237639296,-0.22132285237639296,0.8938924195570688,0.8938924195570688,0.8938924195570688,Yes
-0.22132285237639296,-0.22132285237639296,-0.22132285237639296,0.8938924195570688,0.8938924195570688,0.8938924195570688,Yes
-0.22132285237639296,-0.22132285237639296,-0.22132285237639296,0.8938924195570688,0.8938924195570688,0.8220547764342161,Yes
-0.22132285237639296,-0.22132285237639296,-0.22132285237639296,0.8938924195570688,0.8220547764342161,0.8220547764342161,Yes
-0.22132285237639296,-0.22132285237639296,-0.07191738037536759,0.8220547764342161,0.8220547764342161,0.8220547764342161,Yes
-0.22132285237639296,-0.07191738037536759,-0.07191738037536759,0.8220547764342161,0.8220547764342161,0.8220547764342161,Yes
-0.07191738037536759,-0.07191738037536759,-0.07191738037536759,0.8220547764342161,0.8220547764342161,0.8220547764342161,Yes
-0.07191738037536759,-0.07191738037536759,-0.07191738037536759,0.8220547764342161,0.8220547764342161,0.7502171333113634,Yes
-0.07191738037536759,-0.07191738037536759,-0.07191738037536759,0.8220547764342161,0.7502171333113634,0.8220547764342161,Yes
-0.07191738037536759,-0.07191738037536759,-0.22132285237639296,0.7502171333113634,0.8220547764342161,0.8938924195570688,Yes
-0.07191738037536759,-0.22132285237639296,-0.22132285237639296,0.8220547764342161,0.8938924195570688,0.8938924195570688,Yes
-0.22132285237639296,-0.22132285237639296,-0.3707283243774183,0.8938924195570688,0.8938924195570688,0.8938924195570688,Yes
-0.22132285237639296,-0.3707283243774183,-0.3707283243774183,0.8938924195570688,0.8938924195570688,0.8938924195570688,Yes
-0.3707283243774183,-0.3707283243774183,-0.3707283243774183,0.8938924195570688,0.8938924195570688,0.8938924195570688,Yes
-0.3707283243774183,-0.3707283243774183,-0.22132285237639296,0.8938924195570688,0.8938924195570688,0.8220547764342161,Yes
-0.3707283243774183,-0.22132285237639296,-0.22132285237639296,0.8938924195570688,0.8220547764342161,0.7502171333113634,Yes
-0.22132285237639296,-0.22132285237639296,-0.22132285237639296,0.8220547764342161,0.7502171333113634,0.7502171333113634,Yes
-0.22132285237639296,-0.22132285237639296,-0.22132285237639296,0.7502171333113634,0.7502171333113634,0.5347042039428055,Yes
-0.22132285237639296,-0.22132285237639296,-0.5201337963784437,0.7502171333113634,0.5347042039428055,0.3191912745742475,Yes
-0.22132285237639296,-0.5201337963784437,-0.5201337963784437,0.5347042039428055,0.3191912745742475,0.10367834520568957,Yes
-0.5201337963784437,-0.5201337963784437,-0.6695392683794691,0.3191912745742475,0.10367834520568957,-0.1118345841628684,Yes
-0.5201337963784437,-0.6695392683794691,-0.6695392683794691,0.10367834520568957,-0.1118345841628684,-0.2555098704085737,Yes
-0.6695392683794691,-0.6695392683794691,-0.8189447403804944,-0.1118345841628684,-0.2555098704085737,-0.4710227997771317,Yes
-0.6695392683794691,-0.8189447403804944,-0.9683502123815197,-0.2555098704085737,-0.4710227997771317,-0.4710227997771317,Yes
-0.8189447403804944,-0.9683502123815197,-0.9683502123815197,-0.4710227997771317,-0.4710227997771317,-0.5428604428999844,Yes
-0.5201337963784437,-0.5201337963784437,-0.5201337963784437,0.8938924195570688,0.8938924195570688,0.8938924195570688,Yes
-0.5201337963784437,-0.5201337963784437,-0.5201337963784437,0.8938924195570688,0.8938924195570688,0.8938924195570688,Yes
-0.5201337963784437,-0.5201337963784437,-0.5201337963784437,0.8938924195570688,0.8938924195570688,0.8938924195570688,Yes
-0.5201337963784437,-0.5201337963784437,-0.5201337963784437,0.8938924195570688,0.8938924195570688,0.8938924195570688,Yes
-0.5201337963784437,-0.5201337963784437,-0.5201337963784437,0.8938924195570688,0.8938924195570688,0.8220547764342161,Yes
-0.5201337963784437,-0.5201337963784437,-0.6695392683794691,0.8938924195570688,0.8220547764342161,0.7502171333113634,Yes
-0.5201337963784437,-0.6695392683794691,-0.8189447403804944,0.8220547764342161,0.7502171333113634,0.7502171333113634,Yes
-0.6695392683794691,-0.8189447403804944,-0.6695392683794691,0.7502171333113634,0.7502171333113634,0.5347042039428055,Yes
-0.8189447403804944,-0.6695392683794691,-0.5201337963784437,0.7502171333113634,0.5347042039428055,0.3191912745742475,Yes
-0.6695392683794691,-0.5201337963784437,-0.3707283243774183,0.5347042039428055,0.3191912745742475,0.17551598832854223,Yes
-0.5201337963784437,-0.3707283243774183,-0.22132285237639296,0.3191912745742475,0.17551598832854223,0.10367834520568957,Yes
-0.3707283243774183,-0.22132285237639296,-0.07191738037536759,0.17551598832854223,0.10367834520568957,0.10367834520568957,Yes
-0.22132285237639296,-0.07191738037536759,-0.22132285237639296,0.10367834520568957,0.10367834520568957,0.031840702082836916,Yes
-0.07191738037536759,-0.22132285237639296,-0.22132285237639296,0.10367834520568957,0.031840702082836916,0.10367834520568957,Yes
-0.22132285237639296,-0.22132285237639296,-0.22132285237639296,0.031840702082836916,0.10367834520568957,0.17551598832854223,Yes
-0.22132285237639296,-0.22132285237639296,-0.22132285237639296,0.10367834520568957,0.17551598832854223,0.24735363145139488,Yes
-0.22132285237639296,-0.22132285237639296,-0.3707283243774183,0.17551598832854223,0.24735363145139488,0.3910289176971002,Yes
-0.22132285237639296,-0.3707283243774183,-0.5201337963784437,0.24735363145139488,0.3910289176971002,0.5347042039428055,Yes
-0.3707283243774183,-0.5201337963784437,-0.5201337963784437,0.3910289176971002,0.5347042039428055,0.6783794901885108,Yes
-0.5201337963784437,-0.5201337963784437,-0.5201337963784437,0.5347042039428055,0.6783794901885108,0.6783794901885108,Yes
-0.5201337963784437,-0.5201337963784437,-0.5201337963784437,0.6783794901885108,0.6783794901885108,0.7502171333113634,Yes
-0.5201337963784437,-0.5201337963784437,-0.5201337963784437,0.6783794901885108,0.7502171333113634,0.8220547764342161,Yes
-0.5201337963784437,-0.5201337963784437,-0.6695392683794691,0.7502171333113634,0.8220547764342161,0.8220547764342161,Yes
-0.5201337963784437,-0.6695392683794691,-0.6695392683794691,0.8220547764342161,0.8220547764342161,0.8220547764342161,Yes
-0.6695392683794691,-0.6695392683794691,-0.5201337963784437,0.8220547764342161,0.8220547764342161,0.8220547764342161,Yes
-0.6695392683794691,-0.5201337963784437,-0.5201337963784437,0.8220547764342161,0.8220547764342161,0.8220547764342161,Yes
-0.5201337963784437,-0.5201337963784437,-0.5201337963784437,0.8220547764342161,0.8220547764342161,0.8220547764342161,Yes
-0.5201337963784437,-0.5201337963784437,-0.5201337963784437,0.8220547764342161,0.8220547764342161,0.8220547764342161,Yes
-0.5201337963784437,-0.5201337963784437,-0.6695392683794691,0.8220547764342161,0.8220547764342161,0.7502171333113634,Yes
-0.5201337963784437,-0.6695392683794691,-0.6695392683794691,0.8220547764342161,0.7502171333113634,0.6065418470656582,Yes
-0.6695392683794691,-0.6695392683794691,-0.6695392683794691,0.7502171333113634,0.6065418470656582,0.5347042039428055,Yes
-0.6695392683794691,-0.6695392683794691,-0.6695392683794691,0.6065418470656582,0.5347042039428055,0.46286656081995287,Yes
-0.6695392683794691,-0.6695392683794691,-0.6695392683794691,0.5347042039428055,0.46286656081995287,0.3910289176971002,Yes
-0.6695392683794691,-0.6695392683794691,-0.5201337963784437,0.46286656081995287,0.3910289176971002,0.24735363145139488,Yes
-0.6695392683794691,-0.5201337963784437,-0.5201337963784437,0.3910289176971002,0.24735363145139488,0.24735363145139488,Yes
-0.5201337963784437,-0.5201337963784437,-0.5201337963784437,0.24735363145139488,0.24735363145139488,0.24735363145139488,Yes
-0.5201337963784437,-0.5201337963784437,-0.3707283243774183,0.24735363145139488,0.24735363145139488,0.17551598832854223,Yes
-0.5201337963784437,-0.3707283243774183,-0.3707283243774183,0.24735363145139488,0.17551598832854223,0.24735363145139488,Yes
-0.3707283243774183,-0.3707283243774183,-0.5201337963784437,0.17551598832854223,0.24735363145139488,0.3910289176971002,Yes
-0.3707283243774183,-0.5201337963784437,-0.5201337963784437,0.24735363145139488,0.3910289176971002,0.46286656081995287,Yes
-0.5201337963784437,-0.5201337963784437,-0.6695392683794691,0.3910289176971002,0.46286656081995287,0.46286656081995287,Yes
-0.5201337963784437,-0.6695392683794691,-0.6695392683794691,0.46286656081995287,0.46286656081995287,0.5347042039428055,Yes
-0.6695392683794691,-0.6695392683794691,-0.8189447403804944,0.46286656081995287,0.5347042039428055,0.6065418470656582,Yes
-0.6695392683794691,-0.8189447403804944,-0.8189447403804944,0.5347042039428055,0.6065418470656582,0.6065418470656582,Yes
-0.8189447403804944,-0.8189447403804944,-0.9683502123815197,0.6065418470656582,0.6065418470656582,0.5347042039428055,Yes
-0.8189447403804944,-0.9683502123815197,-0.9683502123815197,0.6065418470656582,0.5347042039428055,0.5347042039428055,Yes
-0.9683502123815197,-0.9683502123815197,-1.1177556843825451,0.5347042039428055,0.5347042039428055,0.46286656081995287,Yes
-0.9683502123815197,-1.1177556843825451,-1.1177556843825451,0.5347042039428055,0.46286656081995287,0.3910289176971002,Yes
-0.8189447403804944,-0.8189447403804944,-0.8189447403804944,0.6783794901885108,0.6783794901885108,0.6783794901885108,Yes
-0.8189447403804944,-0.8189447403804944,-0.8189447403804944,0.6783794901885108,0.6783794901885108,0.6783794901885108,Yes
-0.8189447403804944,-0.8189447403804944,-0.8189447403804944,0.6783794901885108,0.6783794901885108,0.6783794901885108,Yes
-0.8189447403804944,-0.8189447403804944,-0.8189447403804944,0.6783794901885108,0.6783794901885108,0.6783794901885108,Yes
-0.8189447403804944,-0.8189447403804944,-0.8189447403804944,0.6783794901885108,0.6783794901885108,0.6783794901885108,Yes
-0.8189447403804944,-0.8189447403804944,-0.8189447403804944,0.6783794901885108,0.6783794901885108,0.6783794901885108,Yes
-0.8189447403804944,-0.8189447403804944,-0.8189447403804944,0.6783794901885108,0.6783794901885108,0.6783794901885108,Yes
-0.8189447403804944,-0.8189447403804944,-0.8189447403804944,0.6783794901885108,0.6783794901885108,0.5347042039428055,Yes
-0.8189447403804944,-0.8189447403804944,-0.6695392683794691,0.6783794901885108,0.5347042039428055,0.3910289176971002,Yes
-0.8189447403804944,-0.6695392683794691,-0.5201337963784437,0.5347042039428055,0.3910289176971002,0.17551598832854223,Yes
-0.6695392683794691,-0.5201337963784437,-0.3707283243774183,0.3910289176971002,0.17551598832854223,0.24735363145139488,Yes
-0.5201337963784437,-0.3707283243774183,-0.07191738037536759,0.17551598832854223,0.24735363145139488,0.3191912745742475,Yes
-0.3707283243774183,-0.07191738037536759,-0.07191738037536759,0.24735363145139488,0.3191912745742475,0.3191912745742475,Yes
-0.07191738037536759,-0.07191738037536759,0.07748809162565778,0.3191912745742475,0.3191912745742475,0.46286656081995287,Yes
-0.07191738037536759,0.07748809162565778,0.07748809162565778,0.3191912745742475,0.46286656081995287,0.5347042039428055,Yes
0.07748809162565778,0.07748809162565778,0.07748809162565778,0.46286656081995287,0.5347042039428055,0.6065418470656582,Yes
0.07748809162565778,0.07748809162565778,-0.07191738037536759,0.5347042039428055,0.6065418470656582,0.6783794901885108,Yes
0.07748809162565778,-0.07191738037536759,-0.22132285237639296,0.6065418470656582,0.6783794901885108,0.6783794901885108,Yes
-0.07191738037536759,-0.22132285237639296,-0.3707283243774183,0.6783794901885108,0.6783794901885108,0.7502171333113634,Yes
-0.22132285237639296,-0.3707283243774183,-0.5201337963784437,0.6783794901885108,0.7502171333113634,0.6783794901885108,Yes
-0.3707283243774183,-0.5201337963784437,-0.5201337963784437,0.7502171333113634,0.6783794901885108,0.6783794901885108,Yes
-0.5201337963784437,-0.5201337963784437,-0.5201337963784437,0.6783794901885108,0.6783794901885108,0.6065418470656582,Yes
-0.5201337963784437,-0.5201337963784437,-0.5201337963784437,0.6783794901885108,0.6065418470656582,0.5347042039428055,Yes
-0.5201337963784437,-0.5201337963784437,-0.6695392683794691,0.6065418470656582,0.5347042039428055,0.46286656081995287,Yes
-0.3707283243774183,-0.3707283243774183,-0.3707283243774183,0.8220547764342161,0.8220547764342161,0.8220547764342161,Yes
-0.3707283243774183,-0.3707283243774183,-0.3707283243774183,0.8220547764342161,0.8220547764342161,0.8220547764342161,Yes
-0.3707283243774183,-0.3707283243774183,-0.3707283243774183,0.8220547764342161,0.8220547764342161,0.7502171333113634,Yes
-0.3707283243774183,-0.3707283243774183,-0.3707283243774183,0.8220547764342161,0.7502171333113634,0.7502171333113634,Yes
-0.3707283243774183,-0.3707283243774183,-0.5201337963784437,0.7502171333113634,0.7502171333113634,0.7502171333113634,Yes
-0.3707283243774183,-0.5201337963784437,-0.5201337963784437,0.7502171333113634,0.7502171333113634,0.6783794901885108,Yes
-0.5201337963784437,-0.5201337963784437,-0.5201337963784437,0.7502171333113634,0.6783794901885108,0.6783794901885108,Yes
-0.5201337963784437,-0.5201337963784437,-0.5201337963784437,0.6783794901885108,0.6783794901885108,0.6065418470656582,Yes
-0.5201337963784437,-0.5201337963784437,-0.5201337963784437,0.6783794901885108,0.6065418470656582,0.5347042039428055,Yes
-0.5201337963784437,-0.5201337963784437,-0.5201337963784437,0.6065418470656582,0.5347042039428055,0.46286656081995287,Yes
-0.5201337963784437,-0.5201337963784437,-0.5201337963784437,0.5347042039428055,0.46286656081995287,0.46286656081995287,Yes
-0.5201337963784437,-0.5201337963784437,-0.5201337963784437,0.46286656081995287,0.46286656081995287,0.46286656081995287,Yes
-0.5201337963784437,-0.5201337963784437,-0.3707283243774183,0.46286656081995287,0.46286656081995287,0.46286656081995287,Yes
-0.5201337963784437,-0.3707283243774183,-0.3707283243774183,0.46286656081995287,0.46286656081995287,0.5347042039428055,Yes
-0.3707283243774183,-0.3707283243774183,-0.3707283243774183,0.46286656081995287,0.5347042039428055,0.6065418470656582,Yes
-0.3707283243774183,-0.3707283243774183,-0.5201337963784437,0.5347042039428055,0.6065418470656582,0.6065418470656582,Yes
-0.3707283243774183,-0.5201337963784437,-0.5201337963784437,0.6065418470656582,0.6065418470656582,0.6783794901885108,Yes
-0.5201337963784437,-0.5201337963784437,-0.6695392683794691,0.6065418470656582,0.6783794901885108,0.6783794901885108,Yes
-0.5201337963784437,-0.6695392683794691,-0.6695392683794691,0.6783794901885108,0.6783794901885108,0.6783794901885108,Yes
-0.6695392683794691,-0.6695392683794691,-0.8189447403804944,0.6783794901885108,0.6783794901885108,0.6783794901885108,Yes
-0.6695392683794691,-0.8189447403804944,-0.8189447403804944,0.6783794901885108,0.6783794901885108,0.6783794901885108,Yes
-0.8189447403804944,-0.8189447403804944,-0.9683502123815197,0.6783794901885108,0.6783794901885108,0.6783794901885108,Yes
-0.8189447403804944,-0.9683502123815197,-0.9683502123815197,0.6783794901885108,0.6783794901885108,0.6783794901885108,Yes
-0.9683502123815197,-0.9683502123815197,-0.9683502123815197,0.6783794901885108,0.6783794901885108,0.6783794901885108,Yes
-0.9683502123815197,-0.9683502123815197,-1.1177556843825451,0.6065418470656582,0.46286656081995287,0.3910289176971002,Yes
-0.9683502123815197,-1.1177556843825451,-1.1177556843825451,0.46286656081995287,0.3910289176971002,0.3191912745742475,Yes
-1.1177556843825451,-1.1177556843825451,-1.1177556843825451,0.3910289176971002,0.3191912745742475,0.3191912745742475,Yes
-1.1177556843825451,-1.1177556843825451,-1.1177556843825451,0.3191912745742475,0.3191912745742475,0.3191912745742475,Yes
-1.1177556843825451,-1.1177556843825451,-1.1177556843825451,0.3191912745742475,0.3191912745742475,0.3191912745742475,Yes
-1.1177556843825451,-1.1177556843825451,-1.1177556843825451,0.3191912745742475,0.3191912745742475,0.3910289176971002,Yes
-1.1177556843825451,-1.1177556843825451,-1.1177556843825451,0.3191912745742475,0.3910289176971002,0.3910289176971002,Yes
-1.1177556843825451,-1.1177556843825451,-1.1177556843825451,0.3910289176971002,0.3910289176971002,0.3191912745742475,Yes
-1.1177556843825451,-1.1177556843825451,-1.1177556843825451,0.3910289176971002,0.3191912745742475,0.24735363145139488,Yes
-1.1177556843825451,-1.1177556843825451,-0.9683502123815197,0.3191912745742475,0.24735363145139488,0.17551598832854223,Yes
-1.1177556843825451,-0.9683502123815197,-0.8189447403804944,0.24735363145139488,0.17551598832854223,0.10367834520568957,Yes
-0.9683502123815197,-0.8189447403804944,-0.6695392683794691,0.17551598832854223,0.10367834520568957,0.031840702082836916,Yes
-0.8189447403804944,-0.6695392683794691,-0.6695392683794691,0.10367834520568957,0.031840702082836916,0.031840702082836916,Yes
-0.6695392683794691,-0.6695392683794691,-0.6695392683794691,0.031840702082836916,0.031840702082836916,0.10367834520568957,Yes
-0.6695392683794691,-0.6695392683794691,-0.6695392683794691,0.031840702082836916,0.10367834520568957,0.24735363145139488,Yes
-0.6695392683794691,-0.6695392683794691,-0.6695392683794691,0.10367834520568957,0.24735363145139488,0.3191912745742475,Yes
-0.6695392683794691,-0.6695392683794691,-0.6695392683794691,0.24735363145139488,0.3191912745742475,0.46286656081995287,Yes
-0.6695392683794691,-0.6695392683794691,-0.6695392683794691,0.3191912745742475,0.46286656081995287,0.5347042039428055,Yes
-0.6695392683794691,-0.6695392683794691,-0.8189447403804944,0.46286656081995287,0.5347042039428055,0.6065418470656582,Yes
-0.6695392683794691,-0.8189447403804944,-0.8189447403804944,0.5347042039428055,0.6065418470656582,0.6783794901885108,Yes
-0.8189447403804944,-0.8189447403804944,-0.8189447403804944,0.6065418470656582,0.6783794901885108,0.6783794901885108,Yes
-0.8189447403804944,-0.8189447403804944,-0.8189447403804944,0.6783794901885108,0.6783794901885108,0.7502171333113634,Yes
-0.8189447403804944,-0.8189447403804944,-0.8189447403804944,0.6783794901885108,0.7502171333113634,0.7502171333113634,Yes
-0.8189447403804944,-0.8189447403804944,-0.6695392683794691,0.7502171333113634,0.7502171333113634,0.7502171333113634,Yes
-0.8189447403804944,-0.6695392683794691,-0.6695392683794691,0.7502171333113634,0.7502171333113634,0.8220547764342161,Yes
-0.6695392683794691,-0.6695392683794691,-0.6695392683794691,0.7502171333113634,0.8220547764342161,0.8220547764342161,Yes
-0.6695392683794691,-0.6695392683794691,-0.5201337963784437,0.8220547764342161,0.8220547764342161,0.8220547764342161,Yes
-0.6695392683794691,-0.5201337963784437,-0.5201337963784437,0.8220547764342161,0.8220547764342161,0.8220547764342161,Yes
-0.5201337963784437,-0.5201337963784437,-0.5201337963784437,0.8220547764342161,0.8220547764342161,0.8220547764342161,Yes
-0.5201337963784437,-0.5201337963784437,-0.5201337963784437,0.8220547764342161,0.8220547764342161,0.8220547764342161,Yes
-0.5201337963784437,-0.5201337963784437,-0.5201337963784437,0.8220547764342161,0.8220547764342161,0.8938924195570688,Yes
-0.5201337963784437,-0.5201337963784437,-0.5201337963784437,0.8220547764342161,0.8938924195570688,0.8938924195570688,Yes
-0.5201337963784437,-0.5201337963784437,-0.5201337963784437,0.8938924195570688,0.8938924195570688,0.8938924195570688,Yes
-0.5201337963784437,-0.5201337963784437,-0.5201337963784437,0.8938924195570688,0.8938924195570688,0.8938924195570688,Yes
-0.5201337963784437,-0.5201337963784437,-0.5201337963784437,0.8938924195570688,0.8938924195570688,0.8938924195570688,Yes
-0.5201337963784437,-0.5201337963784437,-0.5201337963784437,0.8938924195570688,0.8938924195570688,0.8938924195570688,Yes
-0.5201337963784437,-0.5201337963784437,-0.3707283243774183,0.8938924195570688,0.8938924195570688,0.9657300626799215,Yes
-0.5201337963784437,-0.3707283243774183,-0.3707283243774183,0.8938924195570688,0.9657300626799215,0.9657300626799215,Yes
-0.3707283243774183,-0.3707283243774183,-0.3707283243774183,0.9657300626799215,0.9657300626799215,0.9657300626799215,Yes
-0.3707283243774183,-0.3707283243774183,-0.5201337963784437,0.9657300626799215,0.9657300626799215,0.9657300626799215,Yes
-0.3707283243774183,-0.5201337963784437,-0.5201337963784437,0.9657300626799215,0.9657300626799215,0.9657300626799215,Yes
-0.5201337963784437,-0.5201337963784437,-0.5201337963784437,0.9657300626799215,0.9657300626799215,0.9657300626799215,Yes
-0.5201337963784437,-0.5201337963784437,-0.3707283243774183,0.9657300626799215,0.9657300626799215,0.9657300626799215,Yes
-0.5201337963784437,-0.3707283243774183,-0.3707283243774183,0.9657300626799215,0.9657300626799215,0.9657300626799215,Yes
-0.3707283243774183,-0.3707283243774183,-0.3707283243774183,0.9657300626799215,0.9657300626799215,0.9657300626799215,Yes
-0.3707283243774183,-0.3707283243774183,-0.3707283243774183,0.9657300626799215,0.9657300626799215,0.9657300626799215,Yes
-0.3707283243774183,-0.3707283243774183,-0.22132285237639296,0.9657300626799215,0.9657300626799215,0.9657300626799215,Yes
-0.3707283243774183,-0.22132285237639296,-0.22132285237639296,0.9657300626799215,0.9657300626799215,0.9657300626799215,Yes
-0.22132285237639296,-0.22132285237639296,-0.3707283243774183,0.9657300626799215,0.9657300626799215,0.9657300626799215,Yes
-0.22132285237639296,-0.3707283243774183,-0.3707283243774183,0.9657300626799215,0.9657300626799215,0.9657300626799215,Yes
-0.3707283243774183,-0.3707283243774183,-0.3707283243774183,0.9657300626799215,0.9657300626799215,0.9657300626799215,Yes
-0.3707283243774183,-0.3707283243774183,-0.3707283243774183,0.9657300626799215,0.9657300626799215,0.9657300626799215,Yes
-0.3707283243774183,-0.3707283243774183,-0.3707283243774183,0.9657300626799215,0.9657300626799215,0.9657300626799215,Yes
-0.3707283243774183,-0.3707283243774183,-0.3707283243774183,0.9657300626799215,0.9657300626799215,0.9657300626799215,Yes
-0.3707283243774183,-0.3707283243774183,-0.3707283243774183,0.9657300626799215,0.9657300626799215,0.9657300626799215,Yes
-0.3707283243774183,-0.3707283243774183,-0.3707283243774183,0.9657300626799215,0.9657300626799215,0.9657300626799215,Yes
-0.3707283243774183,-0.3707283243774183,-0.3707283243774183,0.9657300626799215,0.9657300626799215,0.9657300626799215,Yes
-0.3707283243774183,-0.3707283243774183,-0.22132285237639296,0.9657300626799215,0.9657300626799215,0.9657300626799215,Yes
-0.3707283243774183,-0.22132285237639296,-0.22132285237639296,0.9657300626799215,0.9657300626799215,0.9657300626799215,Yes
-0.22132285237639296,-0.22132285237639296,-0.22132285237639296,0.9657300626799215,0.9657300626799215,0.9657300626799215,Yes
-0.22132285237639296,-0.22132285237639296,-0.3707283243774183,0.9657300626799215,0.9657300626799215,0.9657300626799215,Yes
-0.22132285237639296,-0.3707283243774183,-0.3707283243774183,0.9657300626799215,0.9657300626799215,0.9657300626799215,Yes
-0.3707283243774183,-0.3707283243774183,-0.3707283243774183,0.9657300626799215,0.9657300626799215,0.8938924195570688,Yes
-0.3707283243774183,-0.3707283243774183,-0.5201337963784437,0.9657300626799215,0.8938924195570688,0.8938924195570688,Yes
-0.3707283243774183,-0.5201337963784437,-0.5201337963784437,0.8938924195570688,0.8938924195570688,0.8938924195570688,Yes
-0.5201337963784437,-0.5201337963784437,-0.3707283243774183,0.8938924195570688,0.8938924195570688,0.8938924195570688,Yes
-0.5201337963784437,-0.3707283243774183,-0.3707283243774183,0.8938924195570688,0.8938924195570688,0.8938924195570688,Yes
-0.3707283243774183,-0.3707283243774183,-0.3707283243774183,0.8938924195570688,0.8938924195570688,0.8938924195570688,Yes
-0.3707283243774183,-0.3707283243774183,-0.3707283243774183,0.8938924195570688,0.8938924195570688,0.8938924195570688,Yes
-0.3707283243774183,-0.3707283243774183,-0.5201337963784437,0.8938924195570688,0.8938924195570688,0.8938924195570688,Yes
-0.3707283243774183,-0.5201337963784437,-0.5201337963784437,0.8938924195570688,0.8938924195570688,0.8938924195570688,Yes
-0.5201337963784437,-0.5201337963784437,-0.5201337963784437,0.8938924195570688,0.8938924195570688,0.8938924195570688,Yes
-0.9683502123815197,-0.9683502123815197,-0.9683502123815197,0.6783794901885108,0.6065418470656582,0.5347042039428055,Yes
-0.9683502123815197,-0.9683502123815197,-0.9683502123815197,0.6065418470656582,0.5347042039428055,0.5347042039428055,Yes
-0.9683502123815197,-0.9683502123815197,-0.9683502123815197,0.5347042039428055,0.5347042039428055,0.6065418470656582,Yes
-0.9683502123815197,-0.9683502123815197,-0.8189447403804944,0.5347042039428055,0.6065418470656582,0.6065418470656582,Yes
-0.9683502123815197,-0.8189447403804944,-0.8189447403804944,0.6065418470656582,0.6065418470656582,0.6065418470656582,Yes
-0.8189447403804944,-0.8189447403804944,-0.9683502123815197,0.6065418470656582,0.6065418470656582,0.6065418470656582,Yes
-0.8189447403804944,-0.9683502123815197,-0.9683502123815197,0.6065418470656582,0.6065418470656582,0.6783794901885108,Yes
-0.9683502123815197,-0.9683502123815197,-0.8189447403804944,0.6065418470656582,0.6783794901885108,0.6783794901885108,Yes
-0.9683502123815197,-0.8189447403804944,-0.8189447403804944,0.6783794901885108,0.6783794901885108,0.6783794901885108,Yes
-0.8189447403804944,-0.8189447403804944,-0.8189447403804944,0.6783794901885108,0.6783794901885108,0.7502171333113634,Yes
-0.8189447403804944,-0.8189447403804944,-0.8189447403804944,0.6783794901885108,0.7502171333113634,0.7502171333113634,Yes
-0.8189447403804944,-0.8189447403804944,-0.6695392683794691,0.7502171333113634,0.7502171333113634,0.7502171333113634,Yes
-0.8189447403804944,-0.6695392683794691,-0.6695392683794691,0.7502171333113634,0.7502171333113634,0.7502171333113634,Yes
-0.6695392683794691,-0.6695392683794691,-0.6695392683794691,0.7502171333113634,0.7502171333113634,0.7502171333113634,Yes
-0.6695392683794691,-0.6695392683794691,-0.6695392683794691,0.7502171333113634,0.7502171333113634,0.8220547764342161,Yes
-0.6695392683794691,-0.6695392683794691,-0.6695392683794691,0.7502171333113634,0.8220547764342161,0.8220547764342161,Yes
-0.6695392683794691,-0.6695392683794691,-0.6695392683794691,0.8220547764342161,0.8220547764342161,0.8220547764342161,Yes
-0.6695392683794691,-0.6695392683794691,-0.8189447403804944,0.8220547764342161,0.8220547764342161,0.8220547764342161,Yes
-0.6695392683794691,-0.8189447403804944,-0.8189447403804944,0.8220547764342161,0.8220547764342161,0.8220547764342161,Yes
-0.8189447403804944,-0.8189447403804944,-0.8189447403804944,0.8220547764342161,0.8220547764342161,0.8220547764342161,Yes
-0.8189447403804944,-0.8189447403804944,-0.8189447403804944,0.8220547764342161,0.8220547764342161,0.8220547764342161,Yes
-0.8189447403804944,-0.8189447403804944,-0.8189447403804944,0.8220547764342161,0.8220547764342161,0.8220547764342161,Yes
-0.8189447403804944,-0.8189447403804944,-0.8189447403804944,0.8220547764342161,0.8220547764342161,0.8220547764342161,Yes
-0.8189447403804944,-0.8189447403804944,-0.8189447403804944,0.8220547764342161,0.8220547764342161,0.8220547764342161,Yes
-0.8189447403804944,-0.8189447403804944,-0.8189447403804944,0.8220547764342161,0.8220547764342161,0.8220547764342161,Yes
-0.8189447403804944,-0.8189447403804944,-0.8189447403804944,0.8220547764342161,0.8220547764342161,0.8220547764342161,Yes
-0.8189447403804944,-0.8189447403804944,-0.6695392683794691,0.8220547764342161,0.8220547764342161,0.8220547764342161,Yes
-0.8189447403804944,-0.6695392683794691,-0.6695392683794691,0.8220547764342161,0.8220547764342161,0.8220547764342161,Yes
-0.6695392683794691,-0.6695392683794691,-0.6695392683794691,0.8220547764342161,0.8220547764342161,0.7502171333113634,Yes
-0.6695392683794691,-0.6695392683794691,-0.6695392683794691,0.8220547764342161,0.7502171333113634,0.7502171333113634,Yes
-0.6695392683794691,-0.6695392683794691,-0.6695392683794691,0.7502171333113634,0.7502171333113634,0.7502171333113634,Yes
-0.6695392683794691,-0.6695392683794691,-0.6695392683794691,0.7502171333113634,0.7502171333113634,0.7502171333113634,Yes
-0.6695392683794691,-0.6695392683794691,-0.6695392683794691,0.7502171333113634,0.7502171333113634,0.7502171333113634,Yes
-0.6695392683794691,-0.6695392683794691,-0.6695392683794691,0.7502171333113634,0.7502171333113634,0.7502171333113634,Yes
-0.6695392683794691,-0.6695392683794691,-0.6695392683794691,0.7502171333113634,0.7502171333113634,0.7502171333113634,Yes
-0.6695392683794691,-0.6695392683794691,-0.6695392683794691,0.7502171333113634,0.7502171333113634,0.7502171333113634,Yes
-0.6695392683794691,-0.6695392683794691,-0.5201337963784437,0.7502171333113634,0.7502171333113634,0.8220547764342161,Yes
-0.6695392683794691,-0.5201337963784437,-0.5201337963784437,0.7502171333113634,0.8220547764342161,0.7502171333113634,Yes
-0.5201337963784437,-0.5201337963784437,-0.5201337963784437,0.8220547764342161,0.7502171333113634,0.7502171333113634,Yes
-0.5201337963784437,-0.5201337963784437,-0.6695392683794691,0.7502171333113634,0.7502171333113634,0.7502171333113634,Yes
-0.5201337963784437,-0.6695392683794691,-0.8189447403804944,0.7502171333113634,0.7502171333113634,0.6783794901885108,Yes
-0.6695392683794691,-0.8189447403804944,-0.8189447403804944,0.7502171333113634,0.6783794901885108,0.6783794901885108,Yes
-0.8189447403804944,-0.8189447403804944,-0.6695392683794691,0.6783794901885108,0.6783794901885108,0.6065418470656582,Yes
-0.8189447403804944,-0.6695392683794691,-0.6695392683794691,0.6783794901885108,0.6065418470656582,0.5347042039428055,Yes
-0.6695392683794691,-0.6695392683794691,-0.8189447403804944,0.6065418470656582,0.5347042039428055,0.3910289176971002,Yes
-0.6695392683794691,-0.8189447403804944,-0.8189447403804944,0.5347042039428055,0.3910289176971002,0.3191912745742475,Yes
-0.8189447403804944,-0.8189447403804944,-0.8189447403804944,0.3910289176971002,0.3191912745742475,0.3910289176971002,Yes
-0.8189447403804944,-0.8189447403804944,-0.8189447403804944,0.3191912745742475,0.3910289176971002,0.5347042039428055,Yes
-2.1635939883897226,-2.0141885163886974,-1.864783044387672,-1.4767498034970687,-1.3330745172513636,-1.1893992310056583,Yes
-2.0141885163886974,-1.864783044387672,-1.864783044387672,-1.3330745172513636,-1.1893992310056583,-0.9020486585142475,Yes
-1.864783044387672,-1.864783044387672,-1.864783044387672,-1.1893992310056583,-0.9020486585142475,-0.5428604428999844,Yes
-1.864783044387672,-1.864783044387672,-1.864783044387672,-0.9020486585142475,-0.5428604428999844,-0.18367222728572105,Yes
-1.864783044387672,-1.864783044387672,-1.7153775723866467,-0.5428604428999844,-0.18367222728572105,0.031840702082836916,Yes
-1.864783044387672,-1.7153775723866467,-1.7153775723866467,-0.18367222728572105,0.031840702082836916,0.24735363145139488,Yes
-1.7153775723866467,-1.7153775723866467,-1.7153775723866467,0.031840702082836916,0.24735363145139488,0.46286656081995287,Yes
-1.7153775723866467,-1.7153775723866467,-1.7153775723866467,0.24735363145139488,0.46286656081995287,0.46286656081995287,Yes
-1.7153775723866467,-1.7153775723866467,-1.5659721003856213,0.46286656081995287,0.46286656081995287,0.5347042039428055,Yes
-1.7153775723866467,-1.5659721003856213,-1.5659721003856213,0.46286656081995287,0.5347042039428055,0.6065418470656582,Yes
-1.5659721003856213,-1.5659721003856213,-1.416566628384596,0.5347042039428055,0.6065418470656582,0.6065418470656582,Yes
-1.5659721003856213,-1.416566628384596,-1.416566628384596,0.6065418470656582,0.6065418470656582,0.6065418470656582,Yes
-1.416566628384596,-1.416566628384596,-1.2671611563835707,0.6065418470656582,0.6065418470656582,0.6065418470656582,Yes
-1.416566628384596,-1.2671611563835707,-1.2671611563835707,0.6065418470656582,0.6065418470656582,0.6783794901885108,Yes
-1.2671611563835707,-1.2671611563835707,-1.2671611563835707,0.6065418470656582,0.6783794901885108,0.6783794901885108,Yes
-1.2671611563835707,-1.2671611563835707,-1.2671611563835707,0.6783794901885108,0.6783794901885108,0.6783794901885108,Yes
-1.2671611563835707,-1.2671611563835707,-1.416566628384596,0.6783794901885108,0.6783794901885108,0.7502171333113634,Yes
-1.2671611563835707,-1.416566628384596,-1.416566628384596,0.6783794901885108,0.7502171333113634,0.7502171333113634,Yes
-1.416566628384596,-1.416566628384596,-1.416566628384596,0.7502171333113634,0.7502171333113634,0.7502171333113634,Yes
-1.416566628384596,-1.416566628384596,-1.2671611563835707,0.7502171333113634,0.7502171333113634,0.6783794901885108,Yes
-1.416566628384596,-1.2671611563835707,-1.416566628384596,0.7502171333113634,0.6783794901885108,0.6065418470656582,Yes
-1.2671611563835707,-1.416566628384596,-1.416566628384596,0.6783794901885108,0.6065418470656582,0.5347042039428055,Yes
-1.416566628384596,-1.416566628384596,-1.416566628384596,0.6065418470656582,0.5347042039428055,0.46286656081995287,Yes
-1.416566628384596,-1.416566628384596,-1.5659721003856213,0.5347042039428055,0.46286656081995287,0.3910289176971002,Yes
